language,dataset,n,case,algo,run,ms,timestamp,toolchain,target_index,phone
cpp,data/contacts_50.csv,50,first,linear,1,0.000116,2026-09-11T16:04:40Z,"g++ 16.2.1 20260810",0,0901867825
cpp,data/contacts_50.csv,50,first,linear,2,5.1e-05,2026-09-11T16:04:40Z,"g++ 16.2.1 20260810",0,0901867825
cpp,data/contacts_50.csv,50,first,linear,3,3.4e-05,2026-09-11T16:04:40Z,"g++ 16.2.1 20260810",0,0901867825
cpp,data/contacts_50.csv,50,first,linear,4,3.0000000000000001e-05,2026-09-11T16:04:40Z,"g++ 16.2.1 20260810",0,0901867825
cpp,data/contacts_50.csv,50,first,linear,5,2.5999999999999998e-05,2026-09-11T16:04:40Z,"g++ 16.2.1 20260810",0,0901867825
cpp,data/contacts_50.csv,50,first,hash,1,0.00014999999999999999,2026-09-11T16:04:40Z,"g++ 16.2.1 20260810",0,0901867825
cpp,data/contacts_50.csv,50,first,hash,2,6.4999999999999994e-05,2026-09-11T16:04:40Z,"g++ 16.2.1 20260810",0,0901867825
cpp,data/contacts_50.csv,50,first,hash,3,5.1e-05,2026-09-11T16:04:40Z,"g++ 16.2.1 20260810",0,0901867825
cpp,data/contacts_50.csv,50,first,hash,4,5.1e-05,2026-09-11T16:04:40Z,"g++ 16.2.1 20260810",0,0901867825
cpp,data/contacts_50.csv,50,first,hash,5,5.0000000000000002e-05,2026-09-11T16:04:40Z,"g++ 16.2.1 20260810",0,0901867825
cpp,data/contacts_50.csv,50,first,binary,1,0.000212,2026-09-11T16:04:40Z,"g++ 16.2.1 20260810",0,0901867825
cpp,data/contacts_50.csv,50,first,binary,2,0.00012300000000000001,2026-09-11T16:04:40Z,"g++ 16.2.1 20260810",0,0901867825
cpp,data/contacts_50.csv,50,first,binary,3,7.7999999999999999e-05,2026-09-11T16:04:40Z,"g++ 16.2.1 20260810",0,0901867825
cpp,data/contacts_50.csv,50,first,binary,4,7.7000000000000001e-05,2026-09-11T16:04:40Z,"g++ 16.2.1 20260810",0,0901867825
cpp,data/contacts_50.csv,50,first,binary,5,8.1000000000000004e-05,2026-09-11T16:04:40Z,"g++ 16.2.1 20260810",0,0901867825
cpp,data/contacts_50.csv,50,middle,linear,1,0.00016899999999999999,2026-09-11T16:04:40Z,"g++ 16.2.1 20260810",25,0707707870
cpp,data/contacts_50.csv,50,middle,linear,2,0.000165,2026-09-11T16:04:40Z,"g++ 16.2.1 20260810",25,0707707870
cpp,data/contacts_50.csv,50,middle,linear,3,9.3999999999999994e-05,2026-09-11T16:04:40Z,"g++ 16.2.1 20260810",25,0707707870
cpp,data/contacts_50.csv,50,middle,linear,4,0.000135,2026-09-11T16:04:40Z,"g++ 16.2.1 20260810",25,0707707870
cpp,data/contacts_50.csv,50,middle,linear,5,0.000106,2026-09-11T16:04:40Z,"g++ 16.2.1 20260810",25,0707707870
cpp,data/contacts_50.csv,50,middle,hash,1,8.0000000000000007e-05,2026-09-11T16:04:40Z,"g++ 16.2.1 20260810",25,0707707870
cpp,data/contacts_50.csv,50,middle,hash,2,6.4999999999999994e-05,2026-09-11T16:04:40Z,"g++ 16.2.1 20260810",25,0707707870
cpp,data/contacts_50.csv,50,middle,hash,3,5.1999999999999997e-05,2026-09-11T16:04:40Z,"g++ 16.2.1 20260810",25,0707707870
cpp,data/contacts_50.csv,50,middle,hash,4,5.1999999999999997e-05,2026-09-11T16:04:40Z,"g++ 16.2.1 20260810",25,0707707870
cpp,data/contacts_50.csv,50,middle,hash,5,5.3999999999999998e-05,2026-09-11T16:04:40Z,"g++ 16.2.1 20260810",25,0707707870
cpp,data/contacts_50.csv,50,middle,binary,1,0.000126,2026-09-11T16:04:40Z,"g++ 16.2.1 20260810",25,0707707870
cpp,data/contacts_50.csv,50,middle,binary,2,8.7999999999999998e-05,2026-09-11T16:04:40Z,"g++ 16.2.1 20260810",25,0707707870
cpp,data/contacts_50.csv,50,middle,binary,3,6.7000000000000002e-05,2026-09-11T16:04:40Z,"g++ 16.2.1 20260810",25,0707707870
cpp,data/contacts_50.csv,50,middle,binary,4,6.6000000000000005e-05,2026-09-11T16:04:40Z,"g++ 16.2.1 20260810",25,0707707870
cpp,data/contacts_50.csv,50,middle,binary,5,6.7000000000000002e-05,2026-09-11T16:04:40Z,"g++ 16.2.1 20260810",25,0707707870
cpp,data/contacts_50.csv,50,random,linear,1,9.6000000000000002e-05,2026-09-11T16:04:40Z,"g++ 16.2.1 20260810",18,0323612365
cpp,data/contacts_50.csv,50,random,linear,2,9.7e-05,2026-09-11T16:04:40Z,"g++ 16.2.1 20260810",18,0323612365
cpp,data/contacts_50.csv,50,random,linear,3,8.1000000000000004e-05,2026-09-11T16:04:40Z,"g++ 16.2.1 20260810",18,0323612365
cpp,data/contacts_50.csv,50,random,linear,4,8.0000000000000007e-05,2026-09-11T16:04:40Z,"g++ 16.2.1 20260810",18,0323612365
cpp,data/contacts_50.csv,50,random,linear,5,7.7999999999999999e-05,2026-09-11T16:04:40Z,"g++ 16.2.1 20260810",18,0323612365
cpp,data/contacts_50.csv,50,random,hash,1,5.8e-05,2026-09-11T16:04:40Z,"g++ 16.2.1 20260810",18,0323612365
cpp,data/contacts_50.csv,50,random,hash,2,4.8000000000000001e-05,2026-09-11T16:04:40Z,"g++ 16.2.1 20260810",18,0323612365
cpp,data/contacts_50.csv,50,random,hash,3,4.8000000000000001e-05,2026-09-11T16:04:40Z,"g++ 16.2.1 20260810",18,0323612365
cpp,data/contacts_50.csv,50,random,hash,4,4.6e-05,2026-09-11T16:04:40Z,"g++ 16.2.1 20260810",18,0323612365
cpp,data/contacts_50.csv,50,random,hash,5,4.6e-05,2026-09-11T16:04:40Z,"g++ 16.2.1 20260810",18,0323612365
cpp,data/contacts_50.csv,50,random,binary,1,0.000163,2026-09-11T16:04:40Z,"g++ 16.2.1 20260810",18,0323612365
cpp,data/contacts_50.csv,50,random,binary,2,0.00012999999999999999,2026-09-11T16:04:40Z,"g++ 16.2.1 20260810",18,0323612365
cpp,data/contacts_50.csv,50,random,binary,3,7.7000000000000001e-05,2026-09-11T16:04:40Z,"g++ 16.2.1 20260810",18,0323612365
cpp,data/contacts_50.csv,50,random,binary,4,7.6000000000000004e-05,2026-09-11T16:04:40Z,"g++ 16.2.1 20260810",18,0323612365
cpp,data/contacts_50.csv,50,random,binary,5,7.7000000000000001e-05,2026-09-11T16:04:40Z,"g++ 16.2.1 20260810",18,0323612365
cpp,data/contacts_50.csv,50,last,linear,1,0.000202,2026-09-11T16:04:40Z,"g++ 16.2.1 20260810",49,0350538552
cpp,data/contacts_50.csv,50,last,linear,2,0.000261,2026-09-11T16:04:40Z,"g++ 16.2.1 20260810",49,0350538552
cpp,data/contacts_50.csv,50,last,linear,3,0.000205,2026-09-11T16:04:40Z,"g++ 16.2.1 20260810",49,0350538552
cpp,data/contacts_50.csv,50,last,linear,4,0.00022599999999999999,2026-09-11T16:04:40Z,"g++ 16.2.1 20260810",49,0350538552
cpp,data/contacts_50.csv,50,last,linear,5,0.000203,2026-09-11T16:04:40Z,"g++ 16.2.1 20260810",49,0350538552
cpp,data/contacts_50.csv,50,last,hash,1,5.3000000000000001e-05,2026-09-11T16:04:40Z,"g++ 16.2.1 20260810",49,0350538552
cpp,data/contacts_50.csv,50,last,hash,2,4.8999999999999998e-05,2026-09-11T16:04:40Z,"g++ 16.2.1 20260810",49,0350538552
cpp,data/contacts_50.csv,50,last,hash,3,4.8000000000000001e-05,2026-09-11T16:04:40Z,"g++ 16.2.1 20260810",49,0350538552
cpp,data/contacts_50.csv,50,last,hash,4,4.6999999999999997e-05,2026-09-11T16:04:40Z,"g++ 16.2.1 20260810",49,0350538552
cpp,data/contacts_50.csv,50,last,hash,5,4.6999999999999997e-05,2026-09-11T16:04:40Z,"g++ 16.2.1 20260810",49,0350538552
cpp,data/contacts_50.csv,50,last,binary,1,0.00012999999999999999,2026-09-11T16:04:40Z,"g++ 16.2.1 20260810",49,0350538552
cpp,data/contacts_50.csv,50,last,binary,2,9.2e-05,2026-09-11T16:04:40Z,"g++ 16.2.1 20260810",49,0350538552
cpp,data/contacts_50.csv,50,last,binary,3,8.0000000000000007e-05,2026-09-11T16:04:40Z,"g++ 16.2.1 20260810",49,0350538552
cpp,data/contacts_50.csv,50,last,binary,4,7.7999999999999999e-05,2026-09-11T16:04:40Z,"g++ 16.2.1 20260810",49,0350538552
cpp,data/contacts_50.csv,50,last,binary,5,8.5000000000000006e-05,2026-09-11T16:04:40Z,"g++ 16.2.1 20260810",49,0350538552
cpp,data/contacts_50.csv,50,miss,linear,1,0.00019599999999999999,2026-09-11T16:04:40Z,"g++ 16.2.1 20260810",-1,0000000000
cpp,data/contacts_50.csv,50,miss,linear,2,0.000194,2026-09-11T16:04:40Z,"g++ 16.2.1 20260810",-1,0000000000
cpp,data/contacts_50.csv,50,miss,linear,3,0.00019100000000000001,2026-09-11T16:04:40Z,"g++ 16.2.1 20260810",-1,0000000000
cpp,data/contacts_50.csv,50,miss,linear,4,0.00019100000000000001,2026-09-11T16:04:40Z,"g++ 16.2.1 20260810",-1,0000000000
cpp,data/contacts_50.csv,50,miss,linear,5,0.00019100000000000001,2026-09-11T16:04:40Z,"g++ 16.2.1 20260810",-1,0000000000
cpp,data/contacts_50.csv,50,miss,hash,1,6.0000000000000002e-05,2026-09-11T16:04:40Z,"g++ 16.2.1 20260810",-1,0000000000
cpp,data/contacts_50.csv,50,miss,hash,2,5.5999999999999999e-05,2026-09-11T16:04:40Z,"g++ 16.2.1 20260810",-1,0000000000
cpp,data/contacts_50.csv,50,miss,hash,3,4.1999999999999998e-05,2026-09-11T16:04:40Z,"g++ 16.2.1 20260810",-1,0000000000
cpp,data/contacts_50.csv,50,miss,hash,4,4.3000000000000002e-05,2026-09-11T16:04:40Z,"g++ 16.2.1 20260810",-1,0000000000
cpp,data/contacts_50.csv,50,miss,hash,5,4.8999999999999998e-05,2026-09-11T16:04:40Z,"g++ 16.2.1 20260810",-1,0000000000
cpp,data/contacts_50.csv,50,miss,binary,1,0.000163,2026-09-11T16:04:40Z,"g++ 16.2.1 20260810",-1,0000000000
cpp,data/contacts_50.csv,50,miss,binary,2,0.000103,2026-09-11T16:04:40Z,"g++ 16.2.1 20260810",-1,0000000000
cpp,data/contacts_50.csv,50,miss,binary,3,6.9999999999999994e-05,2026-09-11T16:04:40Z,"g++ 16.2.1 20260810",-1,0000000000
cpp,data/contacts_50.csv,50,miss,binary,4,6.8999999999999997e-05,2026-09-11T16:04:40Z,"g++ 16.2.1 20260810",-1,0000000000
cpp,data/contacts_50.csv,50,miss,binary,5,6.7999999999999999e-05,2026-09-11T16:04:40Z,"g++ 16.2.1 20260810",-1,0000000000
python,data/contacts_50.csv,50,first,linear,1,0.0036530000215861946,2026-09-11T16:04:40Z,python3 3.14.7,0,0901867825
python,data/contacts_50.csv,50,first,linear,2,0.0028239992388989776,2026-09-11T16:04:40Z,python3 3.14.7,0,0901867825
python,data/contacts_50.csv,50,first,linear,3,0.0011110023478977382,2026-09-11T16:04:40Z,python3 3.14.7,0,0901867825
python,data/contacts_50.csv,50,first,linear,4,0.0005889996828045696,2026-09-11T16:04:40Z,python3 3.14.7,0,0901867825
python,data/contacts_50.csv,50,first,linear,5,0.0006080008461140096,2026-09-11T16:04:40Z,python3 3.14.7,0,0901867825
python,data/contacts_50.csv,50,first,hash,1,0.007324997568503022,2026-09-11T16:04:40Z,python3 3.14.7,0,0901867825
python,data/contacts_50.csv,50,first,hash,2,0.004905999958282337,2026-09-11T16:04:40Z,python3 3.14.7,0,0901867825
python,data/contacts_50.csv,50,first,hash,3,0.0037989993870723993,2026-09-11T16:04:40Z,python3 3.14.7,0,0901867825
python,data/contacts_50.csv,50,first,hash,4,0.0033659998734947294,2026-09-11T16:04:40Z,python3 3.14.7,0,0901867825
python,data/contacts_50.csv,50,first,hash,5,0.0032940006349235773,2026-09-11T16:04:40Z,python3 3.14.7,0,0901867825
python,data/contacts_50.csv,50,first,binary,1,0.009242998203262687,2026-09-11T16:04:40Z,python3 3.14.7,0,0901867825
python,data/contacts_50.csv,50,first,binary,2,0.005776000762125477,2026-09-11T16:04:40Z,python3 3.14.7,0,0901867825
python,data/contacts_50.csv,50,first,binary,3,0.004663997970055789,2026-09-11T16:04:40Z,python3 3.14.7,0,0901867825
python,data/contacts_50.csv,50,first,binary,4,0.004364999767858535,2026-09-11T16:04:40Z,python3 3.14.7,0,0901867825
python,data/contacts_50.csv,50,first,binary,5,0.004183002602076158,2026-09-11T16:04:40Z,python3 3.14.7,0,0901867825
python,data/contacts_50.csv,50,middle,linear,1,0.0032419993658550084,2026-09-11T16:04:40Z,python3 3.14.7,25,0707707870
python,data/contacts_50.csv,50,middle,linear,2,0.0023520005925092846,2026-09-11T16:04:40Z,python3 3.14.7,25,0707707870
python,data/contacts_50.csv,50,middle,linear,3,0.0022660024114884436,2026-09-11T16:04:40Z,python3 3.14.7,25,0707707870
python,data/contacts_50.csv,50,middle,linear,4,0.002153999957954511,2026-09-11T16:04:40Z,python3 3.14.7,25,0707707870
python,data/contacts_50.csv,50,middle,linear,5,0.002282999048475176,2026-09-11T16:04:40Z,python3 3.14.7,25,0707707870
python,data/contacts_50.csv,50,middle,hash,1,0.003957997250836343,2026-09-11T16:04:40Z,python3 3.14.7,25,0707707870
python,data/contacts_50.csv,50,middle,hash,2,0.0031759991543367505,2026-09-11T16:04:40Z,python3 3.14.7,25,0707707870
python,data/contacts_50.csv,50,middle,hash,3,0.004457000613911077,2026-09-11T16:04:40Z,python3 3.14.7,25,0707707870
python,data/contacts_50.csv,50,middle,hash,4,0.005384998075896874,2026-09-11T16:04:40Z,python3 3.14.7,25,0707707870
python,data/contacts_50.csv,50,middle,hash,5,0.004988996806787327,2026-09-11T16:04:40Z,python3 3.14.7,25,0707707870
python,data/contacts_50.csv,50,middle,binary,1,0.005374997272156179,2026-09-11T16:04:40Z,python3 3.14.7,25,0707707870
python,data/contacts_50.csv,50,middle,binary,2,0.005698002496501431,2026-09-11T16:04:40Z,python3 3.14.7,25,0707707870
python,data/contacts_50.csv,50,middle,binary,3,0.006049998773960397,2026-09-11T16:04:40Z,python3 3.14.7,25,0707707870
python,data/contacts_50.csv,50,middle,binary,4,0.003679000656120479,2026-09-11T16:04:40Z,python3 3.14.7,25,0707707870
python,data/contacts_50.csv,50,middle,binary,5,0.0035709999792743474,2026-09-11T16:04:40Z,python3 3.14.7,25,0707707870
python,data/contacts_50.csv,50,random,linear,1,0.0037630015867762268,2026-09-11T16:04:40Z,python3 3.14.7,40,0934479144
python,data/contacts_50.csv,50,random,linear,2,0.0031240015232469887,2026-09-11T16:04:40Z,python3 3.14.7,40,0934479144
python,data/contacts_50.csv,50,random,linear,3,0.0032469979487359524,2026-09-11T16:04:40Z,python3 3.14.7,40,0934479144
python,data/contacts_50.csv,50,random,linear,4,0.0030609990062657744,2026-09-11T16:04:40Z,python3 3.14.7,40,0934479144
python,data/contacts_50.csv,50,random,linear,5,0.0030719966161996126,2026-09-11T16:04:40Z,python3 3.14.7,40,0934479144
python,data/contacts_50.csv,50,random,hash,1,0.0037479985621757805,2026-09-11T16:04:40Z,python3 3.14.7,40,0934479144
python,data/contacts_50.csv,50,random,hash,2,0.002881999535020441,2026-09-11T16:04:40Z,python3 3.14.7,40,0934479144
python,data/contacts_50.csv,50,random,hash,3,0.0029040020308457315,2026-09-11T16:04:40Z,python3 3.14.7,40,0934479144
python,data/contacts_50.csv,50,random,hash,4,0.0028849972295574844,2026-09-11T16:04:40Z,python3 3.14.7,40,0934479144
python,data/contacts_50.csv,50,random,hash,5,0.0027149981178808957,2026-09-11T16:04:40Z,python3 3.14.7,40,0934479144
python,data/contacts_50.csv,50,random,binary,1,0.0038470025174319744,2026-09-11T16:04:40Z,python3 3.14.7,40,0934479144
python,data/contacts_50.csv,50,random,binary,2,0.003550001565599814,2026-09-11T16:04:40Z,python3 3.14.7,40,0934479144
python,data/contacts_50.csv,50,random,binary,3,0.004736000846605748,2026-09-11T16:04:40Z,python3 3.14.7,40,0934479144
python,data/contacts_50.csv,50,random,binary,4,0.0034430013329256326,2026-09-11T16:04:40Z,python3 3.14.7,40,0934479144
python,data/contacts_50.csv,50,random,binary,5,0.0034080003388226032,2026-09-11T16:04:40Z,python3 3.14.7,40,0934479144
python,data/contacts_50.csv,50,last,linear,1,0.0032890020520426333,2026-09-11T16:04:40Z,python3 3.14.7,49,0350538552
python,data/contacts_50.csv,50,last,linear,2,0.003102999471593648,2026-09-11T16:04:40Z,python3 3.14.7,49,0350538552
python,data/contacts_50.csv,50,last,linear,3,0.0030709998100064695,2026-09-11T16:04:40Z,python3 3.14.7,49,0350538552
python,data/contacts_50.csv,50,last,linear,4,0.0030480005079880357,2026-09-11T16:04:40Z,python3 3.14.7,49,0350538552
python,data/contacts_50.csv,50,last,linear,5,0.0029419970815069973,2026-09-11T16:04:40Z,python3 3.14.7,49,0350538552
python,data/contacts_50.csv,50,last,hash,1,0.0029669972718693316,2026-09-11T16:04:40Z,python3 3.14.7,49,0350538552
python,data/contacts_50.csv,50,last,hash,2,0.002582000888651237,2026-09-11T16:04:40Z,python3 3.14.7,49,0350538552
python,data/contacts_50.csv,50,last,hash,3,0.0026380002964287996,2026-09-11T16:04:40Z,python3 3.14.7,49,0350538552
python,data/contacts_50.csv,50,last,hash,4,0.0025759982236195356,2026-09-11T16:04:40Z,python3 3.14.7,49,0350538552
python,data/contacts_50.csv,50,last,hash,5,0.002578002749942243,2026-09-11T16:04:40Z,python3 3.14.7,49,0350538552
python,data/contacts_50.csv,50,last,binary,1,0.003582998033380136,2026-09-11T16:04:40Z,python3 3.14.7,49,0350538552
python,data/contacts_50.csv,50,last,binary,2,0.0037900026654824615,2026-09-11T16:04:40Z,python3 3.14.7,49,0350538552
python,data/contacts_50.csv,50,last,binary,3,0.0035489974834490567,2026-09-11T16:04:40Z,python3 3.14.7,49,0350538552
python,data/contacts_50.csv,50,last,binary,4,0.00331099727191031,2026-09-11T16:04:40Z,python3 3.14.7,49,0350538552
python,data/contacts_50.csv,50,last,binary,5,0.003326000296510756,2026-09-11T16:04:40Z,python3 3.14.7,49,0350538552
python,data/contacts_50.csv,50,miss,linear,1,0.0033319993235636503,2026-09-11T16:04:40Z,python3 3.14.7,-1,0000000000
python,data/contacts_50.csv,50,miss,linear,2,0.0032710013329051435,2026-09-11T16:04:40Z,python3 3.14.7,-1,0000000000
python,data/contacts_50.csv,50,miss,linear,3,0.003122000634903088,2026-09-11T16:04:40Z,python3 3.14.7,-1,0000000000
python,data/contacts_50.csv,50,miss,linear,4,0.003011002263519913,2026-09-11T16:04:40Z,python3 3.14.7,-1,0000000000
python,data/contacts_50.csv,50,miss,linear,5,0.0029809998522978276,2026-09-11T16:04:40Z,python3 3.14.7,-1,0000000000
python,data/contacts_50.csv,50,miss,hash,1,0.002878001396311447,2026-09-11T16:04:40Z,python3 3.14.7,-1,0000000000
python,data/contacts_50.csv,50,miss,hash,2,0.002434000634821132,2026-09-11T16:04:40Z,python3 3.14.7,-1,0000000000
python,data/contacts_50.csv,50,miss,hash,3,0.0022950007405597717,2026-09-11T16:04:40Z,python3 3.14.7,-1,0000000000
python,data/contacts_50.csv,50,miss,hash,4,0.0022429994714912027,2026-09-11T16:04:40Z,python3 3.14.7,-1,0000000000
python,data/contacts_50.csv,50,miss,hash,5,0.0022179992811288685,2026-09-11T16:04:40Z,python3 3.14.7,-1,0000000000
python,data/contacts_50.csv,50,miss,binary,1,0.0017220008885487914,2026-09-11T16:04:40Z,python3 3.14.7,-1,0000000000
python,data/contacts_50.csv,50,miss,binary,2,0.0014969991752877831,2026-09-11T16:04:40Z,python3 3.14.7,-1,0000000000
python,data/contacts_50.csv,50,miss,binary,3,0.0012800010154023767,2026-09-11T16:04:40Z,python3 3.14.7,-1,0000000000
python,data/contacts_50.csv,50,miss,binary,4,0.0011779993656091392,2026-09-11T16:04:40Z,python3 3.14.7,-1,0000000000
python,data/contacts_50.csv,50,miss,binary,5,0.001219999830937013,2026-09-11T16:04:40Z,python3 3.14.7,-1,0000000000
go,../../data/contacts_50.csv,50,first,linear,1,0.000558,2026-09-11T16:04:40Z,go go1.27.1,0,0901867825
go,../../data/contacts_50.csv,50,first,linear,2,6e-05,2026-09-11T16:04:40Z,go go1.27.1,0,0901867825
go,../../data/contacts_50.csv,50,first,linear,3,4e-05,2026-09-11T16:04:40Z,go go1.27.1,0,0901867825
go,../../data/contacts_50.csv,50,first,linear,4,7e-05,2026-09-11T16:04:40Z,go go1.27.1,0,0901867825
go,../../data/contacts_50.csv,50,first,linear,5,7e-05,2026-09-11T16:04:40Z,go go1.27.1,0,0901867825
go,../../data/contacts_50.csv,50,first,hash,1,0.000341,2026-09-11T16:04:40Z,go go1.27.1,0,0901867825
go,../../data/contacts_50.csv,50,first,hash,2,0.000132,2026-09-11T16:04:40Z,go go1.27.1,0,0901867825
go,../../data/contacts_50.csv,50,first,hash,3,6.9e-05,2026-09-11T16:04:40Z,go go1.27.1,0,0901867825
go,../../data/contacts_50.csv,50,first,hash,4,6.5e-05,2026-09-11T16:04:40Z,go go1.27.1,0,0901867825
go,../../data/contacts_50.csv,50,first,hash,5,8e-05,2026-09-11T16:04:40Z,go go1.27.1,0,0901867825
go,../../data/contacts_50.csv,50,first,binary,1,0.000504,2026-09-11T16:04:40Z,go go1.27.1,0,0901867825
go,../../data/contacts_50.csv,50,first,binary,2,0.000172,2026-09-11T16:04:40Z,go go1.27.1,0,0901867825
go,../../data/contacts_50.csv,50,first,binary,3,0.000137,2026-09-11T16:04:40Z,go go1.27.1,0,0901867825
go,../../data/contacts_50.csv,50,first,binary,4,0.000127,2026-09-11T16:04:40Z,go go1.27.1,0,0901867825
go,../../data/contacts_50.csv,50,first,binary,5,0.000129,2026-09-11T16:04:40Z,go go1.27.1,0,0901867825
go,../../data/contacts_50.csv,50,middle,linear,1,0.000508,2026-09-11T16:04:40Z,go go1.27.1,25,0707707870
go,../../data/contacts_50.csv,50,middle,linear,2,0.000238,2026-09-11T16:04:40Z,go go1.27.1,25,0707707870
go,../../data/contacts_50.csv,50,middle,linear,3,0.000221,2026-09-11T16:04:40Z,go go1.27.1,25,0707707870
go,../../data/contacts_50.csv,50,middle,linear,4,0.000186,2026-09-11T16:04:40Z,go go1.27.1,25,0707707870
go,../../data/contacts_50.csv,50,middle,linear,5,0.000223,2026-09-11T16:04:40Z,go go1.27.1,25,0707707870
go,../../data/contacts_50.csv,50,middle,hash,1,0.00028,2026-09-11T16:04:40Z,go go1.27.1,25,0707707870
go,../../data/contacts_50.csv,50,middle,hash,2,9.2e-05,2026-09-11T16:04:40Z,go go1.27.1,25,0707707870
go,../../data/contacts_50.csv,50,middle,hash,3,9.7e-05,2026-09-11T16:04:40Z,go go1.27.1,25,0707707870
go,../../data/contacts_50.csv,50,middle,hash,4,7.4e-05,2026-09-11T16:04:40Z,go go1.27.1,25,0707707870
go,../../data/contacts_50.csv,50,middle,hash,5,6.1e-05,2026-09-11T16:04:40Z,go go1.27.1,25,0707707870
go,../../data/contacts_50.csv,50,middle,binary,1,0.000192,2026-09-11T16:04:40Z,go go1.27.1,25,0707707870
go,../../data/contacts_50.csv,50,middle,binary,2,0.00013,2026-09-11T16:04:40Z,go go1.27.1,25,0707707870
go,../../data/contacts_50.csv,50,middle,binary,3,0.000115,2026-09-11T16:04:40Z,go go1.27.1,25,0707707870
go,../../data/contacts_50.csv,50,middle,binary,4,8.3e-05,2026-09-11T16:04:40Z,go go1.27.1,25,0707707870
go,../../data/contacts_50.csv,50,middle,binary,5,0.000105,2026-09-11T16:04:40Z,go go1.27.1,25,0707707870
go,../../data/contacts_50.csv,50,random,linear,1,0.000106,2026-09-11T16:04:40Z,go go1.27.1,5,0989906820
go,../../data/contacts_50.csv,50,random,linear,2,0.000107,2026-09-11T16:04:40Z,go go1.27.1,5,0989906820
go,../../data/contacts_50.csv,50,random,linear,3,9.1e-05,2026-09-11T16:04:40Z,go go1.27.1,5,0989906820
go,../../data/contacts_50.csv,50,random,linear,4,7.7e-05,2026-09-11T16:04:40Z,go go1.27.1,5,0989906820
go,../../data/contacts_50.csv,50,random,linear,5,9e-05,2026-09-11T16:04:40Z,go go1.27.1,5,0989906820
go,../../data/contacts_50.csv,50,random,hash,1,0.000322,2026-09-11T16:04:40Z,go go1.27.1,5,0989906820
go,../../data/contacts_50.csv,50,random,hash,2,6.2e-05,2026-09-11T16:04:40Z,go go1.27.1,5,0989906820
go,../../data/contacts_50.csv,50,random,hash,3,9.6e-05,2026-09-11T16:04:40Z,go go1.27.1,5,0989906820
go,../../data/contacts_50.csv,50,random,hash,4,6.3e-05,2026-09-11T16:04:40Z,go go1.27.1,5,0989906820
go,../../data/contacts_50.csv,50,random,hash,5,6.3e-05,2026-09-11T16:04:40Z,go go1.27.1,5,0989906820
go,../../data/contacts_50.csv,50,random,binary,1,0.000374,2026-09-11T16:04:40Z,go go1.27.1,5,0989906820
go,../../data/contacts_50.csv,50,random,binary,2,0.000236,2026-09-11T16:04:40Z,go go1.27.1,5,0989906820
go,../../data/contacts_50.csv,50,random,binary,3,0.000212,2026-09-11T16:04:40Z,go go1.27.1,5,0989906820
go,../../data/contacts_50.csv,50,random,binary,4,0.000156,2026-09-11T16:04:40Z,go go1.27.1,5,0989906820
go,../../data/contacts_50.csv,50,random,binary,5,0.00018,2026-09-11T16:04:40Z,go go1.27.1,5,0989906820
go,../../data/contacts_50.csv,50,last,linear,1,0.000494,2026-09-11T16:04:40Z,go go1.27.1,49,0350538552
go,../../data/contacts_50.csv,50,last,linear,2,0.000486,2026-09-11T16:04:40Z,go go1.27.1,49,0350538552
go,../../data/contacts_50.csv,50,last,linear,3,0.000388,2026-09-11T16:04:40Z,go go1.27.1,49,0350538552
go,../../data/contacts_50.csv,50,last,linear,4,0.00034,2026-09-11T16:04:40Z,go go1.27.1,49,0350538552
go,../../data/contacts_50.csv,50,last,linear,5,0.000382,2026-09-11T16:04:40Z,go go1.27.1,49,0350538552
go,../../data/contacts_50.csv,50,last,hash,1,0.000233,2026-09-11T16:04:40Z,go go1.27.1,49,0350538552
go,../../data/contacts_50.csv,50,last,hash,2,6.6e-05,2026-09-11T16:04:40Z,go go1.27.1,49,0350538552
go,../../data/contacts_50.csv,50,last,hash,3,7.5e-05,2026-09-11T16:04:40Z,go go1.27.1,49,0350538552
go,../../data/contacts_50.csv,50,last,hash,4,6.8e-05,2026-09-11T16:04:40Z,go go1.27.1,49,0350538552
go,../../data/contacts_50.csv,50,last,hash,5,9e-05,2026-09-11T16:04:40Z,go go1.27.1,49,0350538552
go,../../data/contacts_50.csv,50,last,binary,1,0.00027,2026-09-11T16:04:40Z,go go1.27.1,49,0350538552
go,../../data/contacts_50.csv,50,last,binary,2,0.000198,2026-09-11T16:04:40Z,go go1.27.1,49,0350538552
go,../../data/contacts_50.csv,50,last,binary,3,0.000177,2026-09-11T16:04:40Z,go go1.27.1,49,0350538552
go,../../data/contacts_50.csv,50,last,binary,4,0.000197,2026-09-11T16:04:40Z,go go1.27.1,49,0350538552
go,../../data/contacts_50.csv,50,last,binary,5,0.000191,2026-09-11T16:04:40Z,go go1.27.1,49,0350538552
go,../../data/contacts_50.csv,50,miss,linear,1,0.000454,2026-09-11T16:04:40Z,go go1.27.1,-1,0000000000
go,../../data/contacts_50.csv,50,miss,linear,2,0.000423,2026-09-11T16:04:40Z,go go1.27.1,-1,0000000000
go,../../data/contacts_50.csv,50,miss,linear,3,0.000367,2026-09-11T16:04:40Z,go go1.27.1,-1,0000000000
go,../../data/contacts_50.csv,50,miss,linear,4,0.000389,2026-09-11T16:04:40Z,go go1.27.1,-1,0000000000
go,../../data/contacts_50.csv,50,miss,linear,5,0.000415,2026-09-11T16:04:40Z,go go1.27.1,-1,0000000000
go,../../data/contacts_50.csv,50,miss,hash,1,0.000212,2026-09-11T16:04:40Z,go go1.27.1,-1,0000000000
go,../../data/contacts_50.csv,50,miss,hash,2,9.9e-05,2026-09-11T16:04:40Z,go go1.27.1,-1,0000000000
go,../../data/contacts_50.csv,50,miss,hash,3,6.4e-05,2026-09-11T16:04:40Z,go go1.27.1,-1,0000000000
go,../../data/contacts_50.csv,50,miss,hash,4,9.5e-05,2026-09-11T16:04:40Z,go go1.27.1,-1,0000000000
go,../../data/contacts_50.csv,50,miss,hash,5,9.6e-05,2026-09-11T16:04:40Z,go go1.27.1,-1,0000000000
go,../../data/contacts_50.csv,50,miss,binary,1,0.000313,2026-09-11T16:04:40Z,go go1.27.1,-1,0000000000
go,../../data/contacts_50.csv,50,miss,binary,2,0.000298,2026-09-11T16:04:40Z,go go1.27.1,-1,0000000000
go,../../data/contacts_50.csv,50,miss,binary,3,0.000221,2026-09-11T16:04:40Z,go go1.27.1,-1,0000000000
go,../../data/contacts_50.csv,50,miss,binary,4,0.000215,2026-09-11T16:04:40Z,go go1.27.1,-1,0000000000
go,../../data/contacts_50.csv,50,miss,binary,5,0.000216,2026-09-11T16:04:40Z,go go1.27.1,-1,0000000000
js,../../data/contacts_50.csv,50,first,linear,1,0.038215000000001,2026-09-11T16:04:40Z,node v26.7.0,0,0901867825
js,../../data/contacts_50.csv,50,first,linear,2,0.0012299999999996203,2026-09-11T16:04:40Z,node v26.7.0,0,0901867825
js,../../data/contacts_50.csv,50,first,linear,3,0.0007860000000050604,2026-09-11T16:04:40Z,node v26.7.0,0,0901867825
js,../../data/contacts_50.csv,50,first,linear,4,0.0006479999999982056,2026-09-11T16:04:40Z,node v26.7.0,0,0901867825
js,../../data/contacts_50.csv,50,first,linear,5,0.0022949999999966053,2026-09-11T16:04:40Z,node v26.7.0,0,0901867825
js,../../data/contacts_50.csv,50,first,hash,1,0.026012999999998954,2026-09-11T16:04:40Z,node v26.7.0,0,0901867825
js,../../data/contacts_50.csv,50,first,hash,2,0.0028570000000058826,2026-09-11T16:04:40Z,node v26.7.0,0,0901867825
js,../../data/contacts_50.csv,50,first,hash,3,0.00396599999999836,2026-09-11T16:04:40Z,node v26.7.0,0,0901867825
js,../../data/contacts_50.csv,50,first,hash,4,0.0022999999999981924,2026-09-11T16:04:40Z,node v26.7.0,0,0901867825
js,../../data/contacts_50.csv,50,first,hash,5,0.004449999999998511,2026-09-11T16:04:40Z,node v26.7.0,0,0901867825
js,../../data/contacts_50.csv,50,first,binary,1,0.05602299999999616,2026-09-11T16:04:40Z,node v26.7.0,0,0901867825
js,../../data/contacts_50.csv,50,first,binary,2,0.0056769999999986,2026-09-11T16:04:40Z,node v26.7.0,0,0901867825
js,../../data/contacts_50.csv,50,first,binary,3,0.011881999999999948,2026-09-11T16:04:40Z,node v26.7.0,0,0901867825
js,../../data/contacts_50.csv,50,first,binary,4,0.006874999999993747,2026-09-11T16:04:40Z,node v26.7.0,0,0901867825
js,../../data/contacts_50.csv,50,first,binary,5,0.003175999999996293,2026-09-11T16:04:40Z,node v26.7.0,0,0901867825
js,../../data/contacts_50.csv,50,middle,linear,1,0.012574999999998226,2026-09-11T16:04:40Z,node v26.7.0,25,0707707870
js,../../data/contacts_50.csv,50,middle,linear,2,0.002704999999998847,2026-09-11T16:04:40Z,node v26.7.0,25,0707707870
js,../../data/contacts_50.csv,50,middle,linear,3,0.0025250000000056616,2026-09-11T16:04:40Z,node v26.7.0,25,0707707870
js,../../data/contacts_50.csv,50,middle,linear,4,0.0033199999999951046,2026-09-11T16:04:40Z,node v26.7.0,25,0707707870
js,../../data/contacts_50.csv,50,middle,linear,5,0.006610000000002003,2026-09-11T16:04:40Z,node v26.7.0,25,0707707870
js,../../data/contacts_50.csv,50,middle,hash,1,0.0032149999999973033,2026-09-11T16:04:40Z,node v26.7.0,25,0707707870
js,../../data/contacts_50.csv,50,middle,hash,2,0.004505000000001758,2026-09-11T16:04:40Z,node v26.7.0,25,0707707870
js,../../data/contacts_50.csv,50,middle,hash,3,0.0018449999999958777,2026-09-11T16:04:40Z,node v26.7.0,25,0707707870
js,../../data/contacts_50.csv,50,middle,hash,4,0.0045070000000038135,2026-09-11T16:04:40Z,node v26.7.0,25,0707707870
js,../../data/contacts_50.csv,50,middle,hash,5,0.01027599999999751,2026-09-11T16:04:40Z,node v26.7.0,25,0707707870
js,../../data/contacts_50.csv,50,middle,binary,1,0.004001999999999839,2026-09-11T16:04:40Z,node v26.7.0,25,0707707870
js,../../data/contacts_50.csv,50,middle,binary,2,0.0023940000000024497,2026-09-11T16:04:40Z,node v26.7.0,25,0707707870
js,../../data/contacts_50.csv,50,middle,binary,3,0.007995000000001085,2026-09-11T16:04:40Z,node v26.7.0,25,0707707870
js,../../data/contacts_50.csv,50,middle,binary,4,0.0059959999999961155,2026-09-11T16:04:40Z,node v26.7.0,25,0707707870
js,../../data/contacts_50.csv,50,middle,binary,5,0.0031089999999949214,2026-09-11T16:04:40Z,node v26.7.0,25,0707707870
js,../../data/contacts_50.csv,50,random,linear,1,0.004770999999998082,2026-09-11T16:04:40Z,node v26.7.0,30,0843226067
js,../../data/contacts_50.csv,50,random,linear,2,0.00257299999999816,2026-09-11T16:04:40Z,node v26.7.0,30,0843226067
js,../../data/contacts_50.csv,50,random,linear,3,0.0024699999999953093,2026-09-11T16:04:40Z,node v26.7.0,30,0843226067
js,../../data/contacts_50.csv,50,random,linear,4,0.002682000000000073,2026-09-11T16:04:40Z,node v26.7.0,30,0843226067
js,../../data/contacts_50.csv,50,random,linear,5,0.0024569999999997094,2026-09-11T16:04:40Z,node v26.7.0,30,0843226067
js,../../data/contacts_50.csv,50,random,hash,1,0.00254799999999733,2026-09-11T16:04:40Z,node v26.7.0,30,0843226067
js,../../data/contacts_50.csv,50,random,hash,2,0.0018290000000007467,2026-09-11T16:04:40Z,node v26.7.0,30,0843226067
js,../../data/contacts_50.csv,50,random,hash,3,0.00159600000000637,2026-09-11T16:04:40Z,node v26.7.0,30,0843226067
js,../../data/contacts_50.csv,50,random,hash,4,0.0056409999999971205,2026-09-11T16:04:40Z,node v26.7.0,30,0843226067
js,../../data/contacts_50.csv,50,random,hash,5,0.001812000000001035,2026-09-11T16:04:40Z,node v26.7.0,30,0843226067
js,../../data/contacts_50.csv,50,random,binary,1,0.004736000000001184,2026-09-11T16:04:40Z,node v26.7.0,30,0843226067
js,../../data/contacts_50.csv,50,random,binary,2,0.001809999999998979,2026-09-11T16:04:40Z,node v26.7.0,30,0843226067
js,../../data/contacts_50.csv,50,random,binary,3,0.003208999999998241,2026-09-11T16:04:40Z,node v26.7.0,30,0843226067
js,../../data/contacts_50.csv,50,random,binary,4,0.0018799999999998818,2026-09-11T16:04:40Z,node v26.7.0,30,0843226067
js,../../data/contacts_50.csv,50,random,binary,5,0.0021509999999977936,2026-09-11T16:04:40Z,node v26.7.0,30,0843226067
js,../../data/contacts_50.csv,50,last,linear,1,0.01537299999999675,2026-09-11T16:04:40Z,node v26.7.0,49,0350538552
js,../../data/contacts_50.csv,50,last,linear,2,0.003892999999997926,2026-09-11T16:04:40Z,node v26.7.0,49,0350538552
js,../../data/contacts_50.csv,50,last,linear,3,0.004401999999998907,2026-09-11T16:04:40Z,node v26.7.0,49,0350538552
js,../../data/contacts_50.csv,50,last,linear,4,0.004353999999999303,2026-09-11T16:04:40Z,node v26.7.0,49,0350538552
js,../../data/contacts_50.csv,50,last,linear,5,0.0037340000000014584,2026-09-11T16:04:40Z,node v26.7.0,49,0350538552
js,../../data/contacts_50.csv,50,last,hash,1,0.002963000000001159,2026-09-11T16:04:40Z,node v26.7.0,49,0350538552
js,../../data/contacts_50.csv,50,last,hash,2,0.0018870000000035247,2026-09-11T16:04:40Z,node v26.7.0,49,0350538552
js,../../data/contacts_50.csv,50,last,hash,3,0.0034850000000048453,2026-09-11T16:04:40Z,node v26.7.0,49,0350538552
js,../../data/contacts_50.csv,50,last,hash,4,0.0016029999999958022,2026-09-11T16:04:40Z,node v26.7.0,49,0350538552
js,../../data/contacts_50.csv,50,last,hash,5,0.001787000000000205,2026-09-11T16:04:40Z,node v26.7.0,49,0350538552
js,../../data/contacts_50.csv,50,last,binary,1,0.0026909999999986667,2026-09-11T16:04:40Z,node v26.7.0,49,0350538552
js,../../data/contacts_50.csv,50,last,binary,2,0.002194000000002916,2026-09-11T16:04:40Z,node v26.7.0,49,0350538552
js,../../data/contacts_50.csv,50,last,binary,3,0.003925000000002399,2026-09-11T16:04:40Z,node v26.7.0,49,0350538552
js,../../data/contacts_50.csv,50,last,binary,4,0.0022439999999974702,2026-09-11T16:04:40Z,node v26.7.0,49,0350538552
js,../../data/contacts_50.csv,50,last,binary,5,0.004086000000000922,2026-09-11T16:04:40Z,node v26.7.0,49,0350538552
js,../../data/contacts_50.csv,50,miss,linear,1,0.005602999999993585,2026-09-11T16:04:40Z,node v26.7.0,-1,0000000000
js,../../data/contacts_50.csv,50,miss,linear,2,0.02050599999999747,2026-09-11T16:04:40Z,node v26.7.0,-1,0000000000
js,../../data/contacts_50.csv,50,miss,linear,3,0.004252000000001033,2026-09-11T16:04:40Z,node v26.7.0,-1,0000000000
js,../../data/contacts_50.csv,50,miss,linear,4,0.004657000000001688,2026-09-11T16:04:40Z,node v26.7.0,-1,0000000000
js,../../data/contacts_50.csv,50,miss,linear,5,0.003900000000001569,2026-09-11T16:04:40Z,node v26.7.0,-1,0000000000
js,../../data/contacts_50.csv,50,miss,hash,1,0.001730999999999483,2026-09-11T16:04:40Z,node v26.7.0,-1,0000000000
js,../../data/contacts_50.csv,50,miss,hash,2,0.0014760000000038076,2026-09-11T16:04:40Z,node v26.7.0,-1,0000000000
js,../../data/contacts_50.csv,50,miss,hash,3,0.0016230000000021505,2026-09-11T16:04:40Z,node v26.7.0,-1,0000000000
js,../../data/contacts_50.csv,50,miss,hash,4,0.0019099999999951933,2026-09-11T16:04:40Z,node v26.7.0,-1,0000000000
js,../../data/contacts_50.csv,50,miss,hash,5,0.0018710000000012883,2026-09-11T16:04:40Z,node v26.7.0,-1,0000000000
js,../../data/contacts_50.csv,50,miss,binary,1,0.0019709999999975025,2026-09-11T16:04:40Z,node v26.7.0,-1,0000000000
js,../../data/contacts_50.csv,50,miss,binary,2,0.003358999999996115,2026-09-11T16:04:40Z,node v26.7.0,-1,0000000000
js,../../data/contacts_50.csv,50,miss,binary,3,0.0014179999999939241,2026-09-11T16:04:40Z,node v26.7.0,-1,0000000000
js,../../data/contacts_50.csv,50,miss,binary,4,0.0010430000000027917,2026-09-11T16:04:40Z,node v26.7.0,-1,0000000000
js,../../data/contacts_50.csv,50,miss,binary,5,0.0013289999999983593,2026-09-11T16:04:40Z,node v26.7.0,-1,0000000000
java,../../data/contacts_50.csv,50,first,linear,1,0.010803,2026-09-11T16:04:41Z,javac 27,0,0901867825
java,../../data/contacts_50.csv,50,first,linear,2,0.0039,2026-09-11T16:04:41Z,javac 27,0,0901867825
java,../../data/contacts_50.csv,50,first,linear,3,0.001497,2026-09-11T16:04:41Z,javac 27,0,0901867825
java,../../data/contacts_50.csv,50,first,linear,4,0.001989,2026-09-11T16:04:41Z,javac 27,0,0901867825
java,../../data/contacts_50.csv,50,first,linear,5,0.001245,2026-09-11T16:04:41Z,javac 27,0,0901867825
java,../../data/contacts_50.csv,50,first,hash,1,0.017106,2026-09-11T16:04:41Z,javac 27,0,0901867825
java,../../data/contacts_50.csv,50,first,hash,2,0.00433,2026-09-11T16:04:41Z,javac 27,0,0901867825
java,../../data/contacts_50.csv,50,first,hash,3,0.005533,2026-09-11T16:04:41Z,javac 27,0,0901867825
java,../../data/contacts_50.csv,50,first,hash,4,0.003889,2026-09-11T16:04:41Z,javac 27,0,0901867825
java,../../data/contacts_50.csv,50,first,hash,5,0.00392,2026-09-11T16:04:41Z,javac 27,0,0901867825
java,../../data/contacts_50.csv,50,first,binary,1,0.041115,2026-09-11T16:04:41Z,javac 27,0,0901867825
java,../../data/contacts_50.csv,50,first,binary,2,0.015923,2026-09-11T16:04:41Z,javac 27,0,0901867825
java,../../data/contacts_50.csv,50,first,binary,3,0.015431,2026-09-11T16:04:41Z,javac 27,0,0901867825
java,../../data/contacts_50.csv,50,first,binary,4,0.015651,2026-09-11T16:04:41Z,javac 27,0,0901867825
java,../../data/contacts_50.csv,50,first,binary,5,0.016943,2026-09-11T16:04:41Z,javac 27,0,0901867825
java,../../data/contacts_50.csv,50,middle,linear,1,0.018122,2026-09-11T16:04:41Z,javac 27,25,0707707870
java,../../data/contacts_50.csv,50,middle,linear,2,0.009707,2026-09-11T16:04:41Z,javac 27,25,0707707870
java,../../data/contacts_50.csv,50,middle,linear,3,0.019966,2026-09-11T16:04:41Z,javac 27,25,0707707870
java,../../data/contacts_50.csv,50,middle,linear,4,0.012346,2026-09-11T16:04:41Z,javac 27,25,0707707870
java,../../data/contacts_50.csv,50,middle,linear,5,0.010181,2026-09-11T16:04:41Z,javac 27,25,0707707870
java,../../data/contacts_50.csv,50,middle,hash,1,0.003466,2026-09-11T16:04:41Z,javac 27,25,0707707870
java,../../data/contacts_50.csv,50,middle,hash,2,0.002913,2026-09-11T16:04:41Z,javac 27,25,0707707870
java,../../data/contacts_50.csv,50,middle,hash,3,0.002729,2026-09-11T16:04:41Z,javac 27,25,0707707870
java,../../data/contacts_50.csv,50,middle,hash,4,0.003211,2026-09-11T16:04:41Z,javac 27,25,0707707870
java,../../data/contacts_50.csv,50,middle,hash,5,0.003123,2026-09-11T16:04:41Z,javac 27,25,0707707870
java,../../data/contacts_50.csv,50,middle,binary,1,0.01143,2026-09-11T16:04:41Z,javac 27,25,0707707870
java,../../data/contacts_50.csv,50,middle,binary,2,0.011049,2026-09-11T16:04:41Z,javac 27,25,0707707870
java,../../data/contacts_50.csv,50,middle,binary,3,0.010126,2026-09-11T16:04:41Z,javac 27,25,0707707870
java,../../data/contacts_50.csv,50,middle,binary,4,0.00968,2026-09-11T16:04:41Z,javac 27,25,0707707870
java,../../data/contacts_50.csv,50,middle,binary,5,0.009549,2026-09-11T16:04:41Z,javac 27,25,0707707870
java,../../data/contacts_50.csv,50,random,linear,1,0.013064,2026-09-11T16:04:41Z,javac 27,30,0843226067
java,../../data/contacts_50.csv,50,random,linear,2,0.013254,2026-09-11T16:04:41Z,javac 27,30,0843226067
java,../../data/contacts_50.csv,50,random,linear,3,0.012451,2026-09-11T16:04:41Z,javac 27,30,0843226067
java,../../data/contacts_50.csv,50,random,linear,4,0.009549,2026-09-11T16:04:41Z,javac 27,30,0843226067
java,../../data/contacts_50.csv,50,random,linear,5,0.008093,2026-09-11T16:04:41Z,javac 27,30,0843226067
java,../../data/contacts_50.csv,50,random,hash,1,0.002911,2026-09-11T16:04:41Z,javac 27,30,0843226067
java,../../data/contacts_50.csv,50,random,hash,2,0.002753,2026-09-11T16:04:41Z,javac 27,30,0843226067
java,../../data/contacts_50.csv,50,random,hash,3,0.002976,2026-09-11T16:04:41Z,javac 27,30,0843226067
java,../../data/contacts_50.csv,50,random,hash,4,0.003173,2026-09-11T16:04:41Z,javac 27,30,0843226067
java,../../data/contacts_50.csv,50,random,hash,5,0.002391,2026-09-11T16:04:41Z,javac 27,30,0843226067
java,../../data/contacts_50.csv,50,random,binary,1,0.005998,2026-09-11T16:04:41Z,javac 27,30,0843226067
java,../../data/contacts_50.csv,50,random,binary,2,0.005707,2026-09-11T16:04:41Z,javac 27,30,0843226067
java,../../data/contacts_50.csv,50,random,binary,3,0.00811,2026-09-11T16:04:41Z,javac 27,30,0843226067
java,../../data/contacts_50.csv,50,random,binary,4,0.005862,2026-09-11T16:04:41Z,javac 27,30,0843226067
java,../../data/contacts_50.csv,50,random,binary,5,0.006368,2026-09-11T16:04:41Z,javac 27,30,0843226067
java,../../data/contacts_50.csv,50,last,linear,1,0.023628,2026-09-11T16:04:41Z,javac 27,49,0350538552
java,../../data/contacts_50.csv,50,last,linear,2,0.017983,2026-09-11T16:04:41Z,javac 27,49,0350538552
java,../../data/contacts_50.csv,50,last,linear,3,0.020043,2026-09-11T16:04:41Z,javac 27,49,0350538552
java,../../data/contacts_50.csv,50,last,linear,4,0.03104,2026-09-11T16:04:41Z,javac 27,49,0350538552
java,../../data/contacts_50.csv,50,last,linear,5,0.019314,2026-09-11T16:04:41Z,javac 27,49,0350538552
java,../../data/contacts_50.csv,50,last,hash,1,0.003135,2026-09-11T16:04:41Z,javac 27,49,0350538552
java,../../data/contacts_50.csv,50,last,hash,2,0.002869,2026-09-11T16:04:41Z,javac 27,49,0350538552
java,../../data/contacts_50.csv,50,last,hash,3,0.002841,2026-09-11T16:04:41Z,javac 27,49,0350538552
java,../../data/contacts_50.csv,50,last,hash,4,0.002785,2026-09-11T16:04:41Z,javac 27,49,0350538552
java,../../data/contacts_50.csv,50,last,hash,5,0.002188,2026-09-11T16:04:41Z,javac 27,49,0350538552
java,../../data/contacts_50.csv,50,last,binary,1,0.012897,2026-09-11T16:04:41Z,javac 27,49,0350538552
java,../../data/contacts_50.csv,50,last,binary,2,0.010522,2026-09-11T16:04:41Z,javac 27,49,0350538552
java,../../data/contacts_50.csv,50,last,binary,3,0.010599,2026-09-11T16:04:41Z,javac 27,49,0350538552
java,../../data/contacts_50.csv,50,last,binary,4,0.011063,2026-09-11T16:04:41Z,javac 27,49,0350538552
java,../../data/contacts_50.csv,50,last,binary,5,0.010365,2026-09-11T16:04:41Z,javac 27,49,0350538552
java,../../data/contacts_50.csv,50,miss,linear,1,0.030329,2026-09-11T16:04:41Z,javac 27,-1,0000000000
java,../../data/contacts_50.csv,50,miss,linear,2,0.011474,2026-09-11T16:04:41Z,javac 27,-1,0000000000
java,../../data/contacts_50.csv,50,miss,linear,3,0.03737,2026-09-11T16:04:41Z,javac 27,-1,0000000000
java,../../data/contacts_50.csv,50,miss,linear,4,0.020907,2026-09-11T16:04:41Z,javac 27,-1,0000000000
java,../../data/contacts_50.csv,50,miss,linear,5,0.020366,2026-09-11T16:04:41Z,javac 27,-1,0000000000
java,../../data/contacts_50.csv,50,miss,hash,1,0.003076,2026-09-11T16:04:41Z,javac 27,-1,0000000000
java,../../data/contacts_50.csv,50,miss,hash,2,0.002144,2026-09-11T16:04:41Z,javac 27,-1,0000000000
java,../../data/contacts_50.csv,50,miss,hash,3,0.002058,2026-09-11T16:04:41Z,javac 27,-1,0000000000
java,../../data/contacts_50.csv,50,miss,hash,4,0.002741,2026-09-11T16:04:41Z,javac 27,-1,0000000000
java,../../data/contacts_50.csv,50,miss,hash,5,0.002682,2026-09-11T16:04:41Z,javac 27,-1,0000000000
java,../../data/contacts_50.csv,50,miss,binary,1,0.014026,2026-09-11T16:04:41Z,javac 27,-1,0000000000
java,../../data/contacts_50.csv,50,miss,binary,2,0.012255,2026-09-11T16:04:41Z,javac 27,-1,0000000000
java,../../data/contacts_50.csv,50,miss,binary,3,0.014413,2026-09-11T16:04:41Z,javac 27,-1,0000000000
java,../../data/contacts_50.csv,50,miss,binary,4,0.013753,2026-09-11T16:04:41Z,javac 27,-1,0000000000
java,../../data/contacts_50.csv,50,miss,binary,5,0.012205,2026-09-11T16:04:41Z,javac 27,-1,0000000000
cpp,data/contacts_10k.csv,10000,first,linear,1,0.00024499999999999999,2026-09-11T16:04:42Z,"g++ 16.2.1 20260810",0,0901867825
cpp,data/contacts_10k.csv,10000,first,linear,2,6.2000000000000003e-05,2026-09-11T16:04:42Z,"g++ 16.2.1 20260810",0,0901867825
cpp,data/contacts_10k.csv,10000,first,linear,3,3.8999999999999999e-05,2026-09-11T16:04:42Z,"g++ 16.2.1 20260810",0,0901867825
cpp,data/contacts_10k.csv,10000,first,linear,4,3.1000000000000001e-05,2026-09-11T16:04:42Z,"g++ 16.2.1 20260810",0,0901867825
cpp,data/contacts_10k.csv,10000,first,linear,5,5.3999999999999998e-05,2026-09-11T16:04:42Z,"g++ 16.2.1 20260810",0,0901867825
cpp,data/contacts_10k.csv,10000,first,hash,1,0.00095600000000000004,2026-09-11T16:04:42Z,"g++ 16.2.1 20260810",0,0901867825
cpp,data/contacts_10k.csv,10000,first,hash,2,7.2000000000000002e-05,2026-09-11T16:04:42Z,"g++ 16.2.1 20260810",0,0901867825
cpp,data/contacts_10k.csv,10000,first,hash,3,5.5999999999999999e-05,2026-09-11T16:04:42Z,"g++ 16.2.1 20260810",0,0901867825
cpp,data/contacts_10k.csv,10000,first,hash,4,5.3999999999999998e-05,2026-09-11T16:04:42Z,"g++ 16.2.1 20260810",0,0901867825
cpp,data/contacts_10k.csv,10000,first,hash,5,6.4999999999999994e-05,2026-09-11T16:04:42Z,"g++ 16.2.1 20260810",0,0901867825
cpp,data/contacts_10k.csv,10000,first,binary,1,0.00080199999999999998,2026-09-11T16:04:42Z,"g++ 16.2.1 20260810",0,0901867825
cpp,data/contacts_10k.csv,10000,first,binary,2,0.000263,2026-09-11T16:04:42Z,"g++ 16.2.1 20260810",0,0901867825
cpp,data/contacts_10k.csv,10000,first,binary,3,0.000164,2026-09-11T16:04:42Z,"g++ 16.2.1 20260810",0,0901867825
cpp,data/contacts_10k.csv,10000,first,binary,4,0.000176,2026-09-11T16:04:42Z,"g++ 16.2.1 20260810",0,0901867825
cpp,data/contacts_10k.csv,10000,first,binary,5,0.000156,2026-09-11T16:04:42Z,"g++ 16.2.1 20260810",0,0901867825
cpp,data/contacts_10k.csv,10000,middle,linear,1,0.047631,2026-09-11T16:04:42Z,"g++ 16.2.1 20260810",5000,0328609823
cpp,data/contacts_10k.csv,10000,middle,linear,2,0.021444000000000001,2026-09-11T16:04:42Z,"g++ 16.2.1 20260810",5000,0328609823
cpp,data/contacts_10k.csv,10000,middle,linear,3,0.020872000000000002,2026-09-11T16:04:42Z,"g++ 16.2.1 20260810",5000,0328609823
cpp,data/contacts_10k.csv,10000,middle,linear,4,0.020695999999999999,2026-09-11T16:04:42Z,"g++ 16.2.1 20260810",5000,0328609823
cpp,data/contacts_10k.csv,10000,middle,linear,5,0.029867999999999999,2026-09-11T16:04:42Z,"g++ 16.2.1 20260810",5000,0328609823
cpp,data/contacts_10k.csv,10000,middle,hash,1,0.00051999999999999995,2026-09-11T16:04:42Z,"g++ 16.2.1 20260810",5000,0328609823
cpp,data/contacts_10k.csv,10000,middle,hash,2,6.7000000000000002e-05,2026-09-11T16:04:42Z,"g++ 16.2.1 20260810",5000,0328609823
cpp,data/contacts_10k.csv,10000,middle,hash,3,5.3000000000000001e-05,2026-09-11T16:04:42Z,"g++ 16.2.1 20260810",5000,0328609823
cpp,data/contacts_10k.csv,10000,middle,hash,4,5.8999999999999998e-05,2026-09-11T16:04:42Z,"g++ 16.2.1 20260810",5000,0328609823
cpp,data/contacts_10k.csv,10000,middle,hash,5,6.0000000000000002e-05,2026-09-11T16:04:42Z,"g++ 16.2.1 20260810",5000,0328609823
cpp,data/contacts_10k.csv,10000,middle,binary,1,0.000803,2026-09-11T16:04:42Z,"g++ 16.2.1 20260810",5000,0328609823
cpp,data/contacts_10k.csv,10000,middle,binary,2,0.00028800000000000001,2026-09-11T16:04:42Z,"g++ 16.2.1 20260810",5000,0328609823
cpp,data/contacts_10k.csv,10000,middle,binary,3,0.00018200000000000001,2026-09-11T16:04:42Z,"g++ 16.2.1 20260810",5000,0328609823
cpp,data/contacts_10k.csv,10000,middle,binary,4,0.00021100000000000001,2026-09-11T16:04:42Z,"g++ 16.2.1 20260810",5000,0328609823
cpp,data/contacts_10k.csv,10000,middle,binary,5,0.00015899999999999999,2026-09-11T16:04:42Z,"g++ 16.2.1 20260810",5000,0328609823
cpp,data/contacts_10k.csv,10000,random,linear,1,0.016563999999999999,2026-09-11T16:04:42Z,"g++ 16.2.1 20260810",3745,0896422144
cpp,data/contacts_10k.csv,10000,random,linear,2,0.015757,2026-09-11T16:04:42Z,"g++ 16.2.1 20260810",3745,0896422144
cpp,data/contacts_10k.csv,10000,random,linear,3,0.016670999999999998,2026-09-11T16:04:42Z,"g++ 16.2.1 20260810",3745,0896422144
cpp,data/contacts_10k.csv,10000,random,linear,4,0.016656000000000001,2026-09-11T16:04:42Z,"g++ 16.2.1 20260810",3745,0896422144
cpp,data/contacts_10k.csv,10000,random,linear,5,0.016708000000000001,2026-09-11T16:04:42Z,"g++ 16.2.1 20260810",3745,0896422144
cpp,data/contacts_10k.csv,10000,random,hash,1,0.00066500000000000001,2026-09-11T16:04:42Z,"g++ 16.2.1 20260810",3745,0896422144
cpp,data/contacts_10k.csv,10000,random,hash,2,8.2999999999999998e-05,2026-09-11T16:04:42Z,"g++ 16.2.1 20260810",3745,0896422144
cpp,data/contacts_10k.csv,10000,random,hash,3,5.8e-05,2026-09-11T16:04:42Z,"g++ 16.2.1 20260810",3745,0896422144
cpp,data/contacts_10k.csv,10000,random,hash,4,6.2000000000000003e-05,2026-09-11T16:04:42Z,"g++ 16.2.1 20260810",3745,0896422144
cpp,data/contacts_10k.csv,10000,random,hash,5,6.7000000000000002e-05,2026-09-11T16:04:42Z,"g++ 16.2.1 20260810",3745,0896422144
cpp,data/contacts_10k.csv,10000,random,binary,1,0.001297,2026-09-11T16:04:42Z,"g++ 16.2.1 20260810",3745,0896422144
cpp,data/contacts_10k.csv,10000,random,binary,2,0.00035599999999999998,2026-09-11T16:04:42Z,"g++ 16.2.1 20260810",3745,0896422144
cpp,data/contacts_10k.csv,10000,random,binary,3,0.000252,2026-09-11T16:04:42Z,"g++ 16.2.1 20260810",3745,0896422144
cpp,data/contacts_10k.csv,10000,random,binary,4,0.00018599999999999999,2026-09-11T16:04:42Z,"g++ 16.2.1 20260810",3745,0896422144
cpp,data/contacts_10k.csv,10000,random,binary,5,0.00022000000000000001,2026-09-11T16:04:42Z,"g++ 16.2.1 20260810",3745,0896422144
cpp,data/contacts_10k.csv,10000,last,linear,1,0.072936000000000001,2026-09-11T16:04:42Z,"g++ 16.2.1 20260810",9999,0767571416
cpp,data/contacts_10k.csv,10000,last,linear,2,0.05176,2026-09-11T16:04:42Z,"g++ 16.2.1 20260810",9999,0767571416
cpp,data/contacts_10k.csv,10000,last,linear,3,0.043152000000000003,2026-09-11T16:04:42Z,"g++ 16.2.1 20260810",9999,0767571416
cpp,data/contacts_10k.csv,10000,last,linear,4,0.044610999999999998,2026-09-11T16:04:42Z,"g++ 16.2.1 20260810",9999,0767571416
cpp,data/contacts_10k.csv,10000,last,linear,5,0.051316000000000001,2026-09-11T16:04:42Z,"g++ 16.2.1 20260810",9999,0767571416
cpp,data/contacts_10k.csv,10000,last,hash,1,0.0010020000000000001,2026-09-11T16:04:42Z,"g++ 16.2.1 20260810",9999,0767571416
cpp,data/contacts_10k.csv,10000,last,hash,2,6.2000000000000003e-05,2026-09-11T16:04:42Z,"g++ 16.2.1 20260810",9999,0767571416
cpp,data/contacts_10k.csv,10000,last,hash,3,6.8999999999999997e-05,2026-09-11T16:04:42Z,"g++ 16.2.1 20260810",9999,0767571416
cpp,data/contacts_10k.csv,10000,last,hash,4,6.3e-05,2026-09-11T16:04:42Z,"g++ 16.2.1 20260810",9999,0767571416
cpp,data/contacts_10k.csv,10000,last,hash,5,6.2000000000000003e-05,2026-09-11T16:04:42Z,"g++ 16.2.1 20260810",9999,0767571416
cpp,data/contacts_10k.csv,10000,last,binary,1,0.0012310000000000001,2026-09-11T16:04:42Z,"g++ 16.2.1 20260810",9999,0767571416
cpp,data/contacts_10k.csv,10000,last,binary,2,0.00029,2026-09-11T16:04:42Z,"g++ 16.2.1 20260810",9999,0767571416
cpp,data/contacts_10k.csv,10000,last,binary,3,0.000222,2026-09-11T16:04:42Z,"g++ 16.2.1 20260810",9999,0767571416
cpp,data/contacts_10k.csv,10000,last,binary,4,0.000204,2026-09-11T16:04:42Z,"g++ 16.2.1 20260810",9999,0767571416
cpp,data/contacts_10k.csv,10000,last,binary,5,0.000205,2026-09-11T16:04:42Z,"g++ 16.2.1 20260810",9999,0767571416
cpp,data/contacts_10k.csv,10000,miss,linear,1,0.048335000000000003,2026-09-11T16:04:42Z,"g++ 16.2.1 20260810",-1,0000000000
cpp,data/contacts_10k.csv,10000,miss,linear,2,0.044278999999999999,2026-09-11T16:04:42Z,"g++ 16.2.1 20260810",-1,0000000000
cpp,data/contacts_10k.csv,10000,miss,linear,3,0.045901999999999998,2026-09-11T16:04:42Z,"g++ 16.2.1 20260810",-1,0000000000
cpp,data/contacts_10k.csv,10000,miss,linear,4,0.041050000000000003,2026-09-11T16:04:42Z,"g++ 16.2.1 20260810",-1,0000000000
cpp,data/contacts_10k.csv,10000,miss,linear,5,0.042514999999999997,2026-09-11T16:04:42Z,"g++ 16.2.1 20260810",-1,0000000000
cpp,data/contacts_10k.csv,10000,miss,hash,1,0.00025099999999999998,2026-09-11T16:04:42Z,"g++ 16.2.1 20260810",-1,0000000000
cpp,data/contacts_10k.csv,10000,miss,hash,2,4.6999999999999997e-05,2026-09-11T16:04:42Z,"g++ 16.2.1 20260810",-1,0000000000
cpp,data/contacts_10k.csv,10000,miss,hash,3,8.3999999999999995e-05,2026-09-11T16:04:42Z,"g++ 16.2.1 20260810",-1,0000000000
cpp,data/contacts_10k.csv,10000,miss,hash,4,4.3999999999999999e-05,2026-09-11T16:04:42Z,"g++ 16.2.1 20260810",-1,0000000000
cpp,data/contacts_10k.csv,10000,miss,hash,5,4.1999999999999998e-05,2026-09-11T16:04:42Z,"g++ 16.2.1 20260810",-1,0000000000
cpp,data/contacts_10k.csv,10000,miss,binary,1,0.00070200000000000004,2026-09-11T16:04:42Z,"g++ 16.2.1 20260810",-1,0000000000
cpp,data/contacts_10k.csv,10000,miss,binary,2,0.00023499999999999999,2026-09-11T16:04:42Z,"g++ 16.2.1 20260810",-1,0000000000
cpp,data/contacts_10k.csv,10000,miss,binary,3,0.00017000000000000001,2026-09-11T16:04:42Z,"g++ 16.2.1 20260810",-1,0000000000
cpp,data/contacts_10k.csv,10000,miss,binary,4,0.00013300000000000001,2026-09-11T16:04:42Z,"g++ 16.2.1 20260810",-1,0000000000
cpp,data/contacts_10k.csv,10000,miss,binary,5,0.00013100000000000001,2026-09-11T16:04:42Z,"g++ 16.2.1 20260810",-1,0000000000
python,data/contacts_10k.csv,10000,first,linear,1,0.0032869975257199258,2026-09-11T16:04:42Z,python3 3.14.7,0,0901867825
python,data/contacts_10k.csv,10000,first,linear,2,0.0019600011000875384,2026-09-11T16:04:42Z,python3 3.14.7,0,0901867825
python,data/contacts_10k.csv,10000,first,linear,3,0.0006310001481324434,2026-09-11T16:04:42Z,python3 3.14.7,0,0901867825
python,data/contacts_10k.csv,10000,first,linear,4,0.00034199911169707775,2026-09-11T16:04:42Z,python3 3.14.7,0,0901867825
python,data/contacts_10k.csv,10000,first,linear,5,0.00036500205169431865,2026-09-11T16:04:42Z,python3 3.14.7,0,0901867825
python,data/contacts_10k.csv,10000,first,hash,1,0.007691000064369291,2026-09-11T16:04:42Z,python3 3.14.7,0,0901867825
python,data/contacts_10k.csv,10000,first,hash,2,0.0027269998099654913,2026-09-11T16:04:42Z,python3 3.14.7,0,0901867825
python,data/contacts_10k.csv,10000,first,hash,3,0.0019880026229657233,2026-09-11T16:04:42Z,python3 3.14.7,0,0901867825
python,data/contacts_10k.csv,10000,first,hash,4,0.0017890015442389995,2026-09-11T16:04:42Z,python3 3.14.7,0,0901867825
python,data/contacts_10k.csv,10000,first,hash,5,0.0017999991541728377,2026-09-11T16:04:42Z,python3 3.14.7,0,0901867825
python,data/contacts_10k.csv,10000,first,binary,1,0.007894999725976959,2026-09-11T16:04:42Z,python3 3.14.7,0,0901867825
python,data/contacts_10k.csv,10000,first,binary,2,0.004585002898238599,2026-09-11T16:04:42Z,python3 3.14.7,0,0901867825
python,data/contacts_10k.csv,10000,first,binary,3,0.003725999704329297,2026-09-11T16:04:42Z,python3 3.14.7,0,0901867825
python,data/contacts_10k.csv,10000,first,binary,4,0.003364999429322779,2026-09-11T16:04:42Z,python3 3.14.7,0,0901867825
python,data/contacts_10k.csv,10000,first,binary,5,0.0034460026654414833,2026-09-11T16:04:42Z,python3 3.14.7,0,0901867825
python,data/contacts_10k.csv,10000,middle,linear,1,0.2358250021643471,2026-09-11T16:04:42Z,python3 3.14.7,5000,0328609823
python,data/contacts_10k.csv,10000,middle,linear,2,0.21234399901004508,2026-09-11T16:04:42Z,python3 3.14.7,5000,0328609823
python,data/contacts_10k.csv,10000,middle,linear,3,0.20117399981245399,2026-09-11T16:04:42Z,python3 3.14.7,5000,0328609823
python,data/contacts_10k.csv,10000,middle,linear,4,0.24183300047297962,2026-09-11T16:04:42Z,python3 3.14.7,5000,0328609823
python,data/contacts_10k.csv,10000,middle,linear,5,0.20165199748589657,2026-09-11T16:04:42Z,python3 3.14.7,5000,0328609823
python,data/contacts_10k.csv,10000,middle,hash,1,0.0038239995774347335,2026-09-11T16:04:42Z,python3 3.14.7,5000,0328609823
python,data/contacts_10k.csv,10000,middle,hash,2,0.00187299883691594,2026-09-11T16:04:42Z,python3 3.14.7,5000,0328609823
python,data/contacts_10k.csv,10000,middle,hash,3,0.0018190003174822778,2026-09-11T16:04:42Z,python3 3.14.7,5000,0328609823
python,data/contacts_10k.csv,10000,middle,hash,4,0.0016470003174617887,2026-09-11T16:04:42Z,python3 3.14.7,5000,0328609823
python,data/contacts_10k.csv,10000,middle,hash,5,0.0017069978639483452,2026-09-11T16:04:42Z,python3 3.14.7,5000,0328609823
python,data/contacts_10k.csv,10000,middle,binary,1,0.005393001629272476,2026-09-11T16:04:42Z,python3 3.14.7,5000,0328609823
python,data/contacts_10k.csv,10000,middle,binary,2,0.003479002771200612,2026-09-11T16:04:42Z,python3 3.14.7,5000,0328609823
python,data/contacts_10k.csv,10000,middle,binary,3,0.00321100014843978,2026-09-11T16:04:42Z,python3 3.14.7,5000,0328609823
python,data/contacts_10k.csv,10000,middle,binary,4,0.003426997864153236,2026-09-11T16:04:42Z,python3 3.14.7,5000,0328609823
python,data/contacts_10k.csv,10000,middle,binary,5,0.0034910008253064007,2026-09-11T16:04:42Z,python3 3.14.7,5000,0328609823
python,data/contacts_10k.csv,10000,random,linear,1,0.07670500053791329,2026-09-11T16:04:42Z,python3 3.14.7,1824,0963580613
python,data/contacts_10k.csv,10000,random,linear,2,0.07392699990305118,2026-09-11T16:04:42Z,python3 3.14.7,1824,0963580613
python,data/contacts_10k.csv,10000,random,linear,3,0.07037699833745137,2026-09-11T16:04:42Z,python3 3.14.7,1824,0963580613
python,data/contacts_10k.csv,10000,random,linear,4,0.07743799869786017,2026-09-11T16:04:42Z,python3 3.14.7,1824,0963580613
python,data/contacts_10k.csv,10000,random,linear,5,0.07058100163703784,2026-09-11T16:04:42Z,python3 3.14.7,1824,0963580613
python,data/contacts_10k.csv,10000,random,hash,1,0.0023469983716495335,2026-09-11T16:04:42Z,python3 3.14.7,1824,0963580613
python,data/contacts_10k.csv,10000,random,hash,2,0.0018049977370537817,2026-09-11T16:04:42Z,python3 3.14.7,1824,0963580613
python,data/contacts_10k.csv,10000,random,hash,3,0.0017550009943079203,2026-09-11T16:04:42Z,python3 3.14.7,1824,0963580613
python,data/contacts_10k.csv,10000,random,hash,4,0.001820000761654228,2026-09-11T16:04:42Z,python3 3.14.7,1824,0963580613
python,data/contacts_10k.csv,10000,random,hash,5,0.0017480015230830759,2026-09-11T16:04:42Z,python3 3.14.7,1824,0963580613
python,data/contacts_10k.csv,10000,random,binary,1,0.0033670003176666796,2026-09-11T16:04:42Z,python3 3.14.7,1824,0963580613
python,data/contacts_10k.csv,10000,random,binary,2,0.002921002305811271,2026-09-11T16:04:42Z,python3 3.14.7,1824,0963580613
python,data/contacts_10k.csv,10000,random,binary,3,0.002825003321049735,2026-09-11T16:04:42Z,python3 3.14.7,1824,0963580613
python,data/contacts_10k.csv,10000,random,binary,4,0.0028989998099859804,2026-09-11T16:04:42Z,python3 3.14.7,1824,0963580613
python,data/contacts_10k.csv,10000,random,binary,5,0.0028329995984677225,2026-09-11T16:04:42Z,python3 3.14.7,1824,0963580613
python,data/contacts_10k.csv,10000,last,linear,1,0.41768099981709383,2026-09-11T16:04:42Z,python3 3.14.7,9999,0767571416
python,data/contacts_10k.csv,10000,last,linear,2,0.4151370012550615,2026-09-11T16:04:42Z,python3 3.14.7,9999,0767571416
python,data/contacts_10k.csv,10000,last,linear,3,0.3894040019076783,2026-09-11T16:04:42Z,python3 3.14.7,9999,0767571416
python,data/contacts_10k.csv,10000,last,linear,4,0.3992489982920233,2026-09-11T16:04:42Z,python3 3.14.7,9999,0767571416
python,data/contacts_10k.csv,10000,last,linear,5,0.4013030011265073,2026-09-11T16:04:42Z,python3 3.14.7,9999,0767571416
python,data/contacts_10k.csv,10000,last,hash,1,0.00244399780058302,2026-09-11T16:04:42Z,python3 3.14.7,9999,0767571416
python,data/contacts_10k.csv,10000,last,hash,2,0.001887001417344436,2026-09-11T16:04:42Z,python3 3.14.7,9999,0767571416
python,data/contacts_10k.csv,10000,last,hash,3,0.0017229976947419345,2026-09-11T16:04:42Z,python3 3.14.7,9999,0767571416
python,data/contacts_10k.csv,10000,last,hash,4,0.001710999640636146,2026-09-11T16:04:42Z,python3 3.14.7,9999,0767571416
python,data/contacts_10k.csv,10000,last,hash,5,0.0017759994079824537,2026-09-11T16:04:42Z,python3 3.14.7,9999,0767571416
python,data/contacts_10k.csv,10000,last,binary,1,0.0038109974411781877,2026-09-11T16:04:42Z,python3 3.14.7,9999,0767571416
python,data/contacts_10k.csv,10000,last,binary,2,0.0032749994716141373,2026-09-11T16:04:42Z,python3 3.14.7,9999,0767571416
python,data/contacts_10k.csv,10000,last,binary,3,0.0030890005291439593,2026-09-11T16:04:42Z,python3 3.14.7,9999,0767571416
python,data/contacts_10k.csv,10000,last,binary,4,0.0030009978218004107,2026-09-11T16:04:42Z,python3 3.14.7,9999,0767571416
python,data/contacts_10k.csv,10000,last,binary,5,0.0031570016290061176,2026-09-11T16:04:42Z,python3 3.14.7,9999,0767571416
python,data/contacts_10k.csv,10000,miss,linear,1,0.3882159981003497,2026-09-11T16:04:42Z,python3 3.14.7,-1,0000000000
python,data/contacts_10k.csv,10000,miss,linear,2,0.3886620033881627,2026-09-11T16:04:42Z,python3 3.14.7,-1,0000000000
python,data/contacts_10k.csv,10000,miss,linear,3,0.38503599716932513,2026-09-11T16:04:42Z,python3 3.14.7,-1,0000000000
python,data/contacts_10k.csv,10000,miss,linear,4,0.4082380000909325,2026-09-11T16:04:42Z,python3 3.14.7,-1,0000000000
python,data/contacts_10k.csv,10000,miss,linear,5,0.4747659986605868,2026-09-11T16:04:42Z,python3 3.14.7,-1,0000000000
python,data/contacts_10k.csv,10000,miss,hash,1,0.003844997991109267,2026-09-11T16:04:42Z,python3 3.14.7,-1,0000000000
python,data/contacts_10k.csv,10000,miss,hash,2,0.0014789984561502934,2026-09-11T16:04:42Z,python3 3.14.7,-1,0000000000
python,data/contacts_10k.csv,10000,miss,hash,3,0.0015139994502533227,2026-09-11T16:04:42Z,python3 3.14.7,-1,0000000000
python,data/contacts_10k.csv,10000,miss,hash,4,0.0013300013961270452,2026-09-11T16:04:42Z,python3 3.14.7,-1,0000000000
python,data/contacts_10k.csv,10000,miss,hash,5,0.0013289973139762878,2026-09-11T16:04:42Z,python3 3.14.7,-1,0000000000
python,data/contacts_10k.csv,10000,miss,binary,1,0.0037179997889325023,2026-09-11T16:04:42Z,python3 3.14.7,-1,0000000000
python,data/contacts_10k.csv,10000,miss,binary,2,0.001886997779365629,2026-09-11T16:04:42Z,python3 3.14.7,-1,0000000000
python,data/contacts_10k.csv,10000,miss,binary,3,0.0015789992175996304,2026-09-11T16:04:42Z,python3 3.14.7,-1,0000000000
python,data/contacts_10k.csv,10000,miss,binary,4,0.0016650010365992785,2026-09-11T16:04:42Z,python3 3.14.7,-1,0000000000
python,data/contacts_10k.csv,10000,miss,binary,5,0.0015450023056473583,2026-09-11T16:04:42Z,python3 3.14.7,-1,0000000000
go,../../data/contacts_10k.csv,10000,first,linear,1,0.000281,2026-09-11T16:04:42Z,go go1.27.1,0,0901867825
go,../../data/contacts_10k.csv,10000,first,linear,2,7.3e-05,2026-09-11T16:04:42Z,go go1.27.1,0,0901867825
go,../../data/contacts_10k.csv,10000,first,linear,3,2.9e-05,2026-09-11T16:04:42Z,go go1.27.1,0,0901867825
go,../../data/contacts_10k.csv,10000,first,linear,4,2.8e-05,2026-09-11T16:04:42Z,go go1.27.1,0,0901867825
go,../../data/contacts_10k.csv,10000,first,linear,5,2.8e-05,2026-09-11T16:04:42Z,go go1.27.1,0,0901867825
go,../../data/contacts_10k.csv,10000,first,hash,1,0.002775,2026-09-11T16:04:42Z,go go1.27.1,0,0901867825
go,../../data/contacts_10k.csv,10000,first,hash,2,9.9e-05,2026-09-11T16:04:42Z,go go1.27.1,0,0901867825
go,../../data/contacts_10k.csv,10000,first,hash,3,5.1e-05,2026-09-11T16:04:42Z,go go1.27.1,0,0901867825
go,../../data/contacts_10k.csv,10000,first,hash,4,5.2e-05,2026-09-11T16:04:42Z,go go1.27.1,0,0901867825
go,../../data/contacts_10k.csv,10000,first,hash,5,5.1e-05,2026-09-11T16:04:42Z,go go1.27.1,0,0901867825
go,../../data/contacts_10k.csv,10000,first,binary,1,0.000455,2026-09-11T16:04:42Z,go go1.27.1,0,0901867825
go,../../data/contacts_10k.csv,10000,first,binary,2,0.000303,2026-09-11T16:04:42Z,go go1.27.1,0,0901867825
go,../../data/contacts_10k.csv,10000,first,binary,3,0.000165,2026-09-11T16:04:42Z,go go1.27.1,0,0901867825
go,../../data/contacts_10k.csv,10000,first,binary,4,0.00015,2026-09-11T16:04:42Z,go go1.27.1,0,0901867825
go,../../data/contacts_10k.csv,10000,first,binary,5,0.000149,2026-09-11T16:04:42Z,go go1.27.1,0,0901867825
go,../../data/contacts_10k.csv,10000,middle,linear,1,0.017995,2026-09-11T16:04:42Z,go go1.27.1,5000,0328609823
go,../../data/contacts_10k.csv,10000,middle,linear,2,0.013972,2026-09-11T16:04:42Z,go go1.27.1,5000,0328609823
go,../../data/contacts_10k.csv,10000,middle,linear,3,0.01388,2026-09-11T16:04:42Z,go go1.27.1,5000,0328609823
go,../../data/contacts_10k.csv,10000,middle,linear,4,0.012199,2026-09-11T16:04:42Z,go go1.27.1,5000,0328609823
go,../../data/contacts_10k.csv,10000,middle,linear,5,0.013867,2026-09-11T16:04:42Z,go go1.27.1,5000,0328609823
go,../../data/contacts_10k.csv,10000,middle,hash,1,0.000213,2026-09-11T16:04:42Z,go go1.27.1,5000,0328609823
go,../../data/contacts_10k.csv,10000,middle,hash,2,7.8e-05,2026-09-11T16:04:42Z,go go1.27.1,5000,0328609823
go,../../data/contacts_10k.csv,10000,middle,hash,3,4.8e-05,2026-09-11T16:04:42Z,go go1.27.1,5000,0328609823
go,../../data/contacts_10k.csv,10000,middle,hash,4,4.9e-05,2026-09-11T16:04:42Z,go go1.27.1,5000,0328609823
go,../../data/contacts_10k.csv,10000,middle,hash,5,4.8e-05,2026-09-11T16:04:42Z,go go1.27.1,5000,0328609823
go,../../data/contacts_10k.csv,10000,middle,binary,1,0.000383,2026-09-11T16:04:42Z,go go1.27.1,5000,0328609823
go,../../data/contacts_10k.csv,10000,middle,binary,2,0.000257,2026-09-11T16:04:42Z,go go1.27.1,5000,0328609823
go,../../data/contacts_10k.csv,10000,middle,binary,3,0.000178,2026-09-11T16:04:42Z,go go1.27.1,5000,0328609823
go,../../data/contacts_10k.csv,10000,middle,binary,4,0.000162,2026-09-11T16:04:42Z,go go1.27.1,5000,0328609823
go,../../data/contacts_10k.csv,10000,middle,binary,5,0.000158,2026-09-11T16:04:42Z,go go1.27.1,5000,0328609823
go,../../data/contacts_10k.csv,10000,random,linear,1,0.006471,2026-09-11T16:04:42Z,go go1.27.1,2305,0342515396
go,../../data/contacts_10k.csv,10000,random,linear,2,0.00564,2026-09-11T16:04:42Z,go go1.27.1,2305,0342515396
go,../../data/contacts_10k.csv,10000,random,linear,3,0.005643,2026-09-11T16:04:42Z,go go1.27.1,2305,0342515396
go,../../data/contacts_10k.csv,10000,random,linear,4,0.006432,2026-09-11T16:04:42Z,go go1.27.1,2305,0342515396
go,../../data/contacts_10k.csv,10000,random,linear,5,0.005653,2026-09-11T16:04:42Z,go go1.27.1,2305,0342515396
go,../../data/contacts_10k.csv,10000,random,hash,1,8.2e-05,2026-09-11T16:04:42Z,go go1.27.1,2305,0342515396
go,../../data/contacts_10k.csv,10000,random,hash,2,4.7e-05,2026-09-11T16:04:42Z,go go1.27.1,2305,0342515396
go,../../data/contacts_10k.csv,10000,random,hash,3,4.6e-05,2026-09-11T16:04:42Z,go go1.27.1,2305,0342515396
go,../../data/contacts_10k.csv,10000,random,hash,4,5.6e-05,2026-09-11T16:04:42Z,go go1.27.1,2305,0342515396
go,../../data/contacts_10k.csv,10000,random,hash,5,4.9e-05,2026-09-11T16:04:42Z,go go1.27.1,2305,0342515396
go,../../data/contacts_10k.csv,10000,random,binary,1,0.000347,2026-09-11T16:04:42Z,go go1.27.1,2305,0342515396
go,../../data/contacts_10k.csv,10000,random,binary,2,0.000228,2026-09-11T16:04:42Z,go go1.27.1,2305,0342515396
go,../../data/contacts_10k.csv,10000,random,binary,3,0.000161,2026-09-11T16:04:42Z,go go1.27.1,2305,0342515396
go,../../data/contacts_10k.csv,10000,random,binary,4,0.000133,2026-09-11T16:04:42Z,go go1.27.1,2305,0342515396
go,../../data/contacts_10k.csv,10000,random,binary,5,0.000133,2026-09-11T16:04:42Z,go go1.27.1,2305,0342515396
go,../../data/contacts_10k.csv,10000,last,linear,1,0.033013,2026-09-11T16:04:42Z,go go1.27.1,9999,0767571416
go,../../data/contacts_10k.csv,10000,last,linear,2,0.027713,2026-09-11T16:04:42Z,go go1.27.1,9999,0767571416
go,../../data/contacts_10k.csv,10000,last,linear,3,0.027707,2026-09-11T16:04:42Z,go go1.27.1,9999,0767571416
go,../../data/contacts_10k.csv,10000,last,linear,4,0.027704,2026-09-11T16:04:42Z,go go1.27.1,9999,0767571416
go,../../data/contacts_10k.csv,10000,last,linear,5,0.027703,2026-09-11T16:04:42Z,go go1.27.1,9999,0767571416
go,../../data/contacts_10k.csv,10000,last,hash,1,0.000147,2026-09-11T16:04:42Z,go go1.27.1,9999,0767571416
go,../../data/contacts_10k.csv,10000,last,hash,2,4.9e-05,2026-09-11T16:04:42Z,go go1.27.1,9999,0767571416
go,../../data/contacts_10k.csv,10000,last,hash,3,4.7e-05,2026-09-11T16:04:42Z,go go1.27.1,9999,0767571416
go,../../data/contacts_10k.csv,10000,last,hash,4,4.8e-05,2026-09-11T16:04:42Z,go go1.27.1,9999,0767571416
go,../../data/contacts_10k.csv,10000,last,hash,5,4.8e-05,2026-09-11T16:04:42Z,go go1.27.1,9999,0767571416
go,../../data/contacts_10k.csv,10000,last,binary,1,0.000329,2026-09-11T16:04:42Z,go go1.27.1,9999,0767571416
go,../../data/contacts_10k.csv,10000,last,binary,2,0.000196,2026-09-11T16:04:42Z,go go1.27.1,9999,0767571416
go,../../data/contacts_10k.csv,10000,last,binary,3,0.000143,2026-09-11T16:04:42Z,go go1.27.1,9999,0767571416
go,../../data/contacts_10k.csv,10000,last,binary,4,0.000144,2026-09-11T16:04:42Z,go go1.27.1,9999,0767571416
go,../../data/contacts_10k.csv,10000,last,binary,5,0.000144,2026-09-11T16:04:42Z,go go1.27.1,9999,0767571416
go,../../data/contacts_10k.csv,10000,miss,linear,1,0.024354,2026-09-11T16:04:42Z,go go1.27.1,-1,0000000000
go,../../data/contacts_10k.csv,10000,miss,linear,2,0.027737,2026-09-11T16:04:42Z,go go1.27.1,-1,0000000000
go,../../data/contacts_10k.csv,10000,miss,linear,3,0.024273,2026-09-11T16:04:42Z,go go1.27.1,-1,0000000000
go,../../data/contacts_10k.csv,10000,miss,linear,4,0.024284,2026-09-11T16:04:42Z,go go1.27.1,-1,0000000000
go,../../data/contacts_10k.csv,10000,miss,linear,5,0.02429,2026-09-11T16:04:42Z,go go1.27.1,-1,0000000000
go,../../data/contacts_10k.csv,10000,miss,hash,1,0.000201,2026-09-11T16:04:42Z,go go1.27.1,-1,0000000000
go,../../data/contacts_10k.csv,10000,miss,hash,2,7.9e-05,2026-09-11T16:04:42Z,go go1.27.1,-1,0000000000
go,../../data/contacts_10k.csv,10000,miss,hash,3,4.4e-05,2026-09-11T16:04:42Z,go go1.27.1,-1,0000000000
go,../../data/contacts_10k.csv,10000,miss,hash,4,4.5e-05,2026-09-11T16:04:42Z,go go1.27.1,-1,0000000000
go,../../data/contacts_10k.csv,10000,miss,hash,5,4.3e-05,2026-09-11T16:04:42Z,go go1.27.1,-1,0000000000
go,../../data/contacts_10k.csv,10000,miss,binary,1,0.000315,2026-09-11T16:04:42Z,go go1.27.1,-1,0000000000
go,../../data/contacts_10k.csv,10000,miss,binary,2,0.000172,2026-09-11T16:04:42Z,go go1.27.1,-1,0000000000
go,../../data/contacts_10k.csv,10000,miss,binary,3,0.000138,2026-09-11T16:04:42Z,go go1.27.1,-1,0000000000
go,../../data/contacts_10k.csv,10000,miss,binary,4,0.000167,2026-09-11T16:04:42Z,go go1.27.1,-1,0000000000
go,../../data/contacts_10k.csv,10000,miss,binary,5,0.000139,2026-09-11T16:04:42Z,go go1.27.1,-1,0000000000
js,../../data/contacts_10k.csv,10000,first,linear,1,0.03837599999999952,2026-09-11T16:04:42Z,node v26.7.0,0,0901867825
js,../../data/contacts_10k.csv,10000,first,linear,2,0.0014220000000193522,2026-09-11T16:04:42Z,node v26.7.0,0,0901867825
js,../../data/contacts_10k.csv,10000,first,linear,3,0.0007170000000087384,2026-09-11T16:04:42Z,node v26.7.0,0,0901867825
js,../../data/contacts_10k.csv,10000,first,linear,4,0.0005430000000217206,2026-09-11T16:04:42Z,node v26.7.0,0,0901867825
js,../../data/contacts_10k.csv,10000,first,linear,5,0.0017229999999983647,2026-09-11T16:04:42Z,node v26.7.0,0,0901867825
js,../../data/contacts_10k.csv,10000,first,hash,1,0.06686600000000453,2026-09-11T16:04:42Z,node v26.7.0,0,0901867825
js,../../data/contacts_10k.csv,10000,first,hash,2,0.005540999999993801,2026-09-11T16:04:42Z,node v26.7.0,0,0901867825
js,../../data/contacts_10k.csv,10000,first,hash,3,0.0018719999999916581,2026-09-11T16:04:42Z,node v26.7.0,0,0901867825
js,../../data/contacts_10k.csv,10000,first,hash,4,0.0016170000000101936,2026-09-11T16:04:42Z,node v26.7.0,0,0901867825
js,../../data/contacts_10k.csv,10000,first,hash,5,0.0023040000000094096,2026-09-11T16:04:42Z,node v26.7.0,0,0901867825
js,../../data/contacts_10k.csv,10000,first,binary,1,0.07603799999998273,2026-09-11T16:04:42Z,node v26.7.0,0,0901867825
js,../../data/contacts_10k.csv,10000,first,binary,2,0.006354000000015958,2026-09-11T16:04:42Z,node v26.7.0,0,0901867825
js,../../data/contacts_10k.csv,10000,first,binary,3,0.003241000000002714,2026-09-11T16:04:42Z,node v26.7.0,0,0901867825
js,../../data/contacts_10k.csv,10000,first,binary,4,0.0029929999999751544,2026-09-11T16:04:42Z,node v26.7.0,0,0901867825
js,../../data/contacts_10k.csv,10000,first,binary,5,0.0031020000000125947,2026-09-11T16:04:42Z,node v26.7.0,0,0901867825
js,../../data/contacts_10k.csv,10000,middle,linear,1,0.47804700000000366,2026-09-11T16:04:42Z,node v26.7.0,5000,0328609823
js,../../data/contacts_10k.csv,10000,middle,linear,2,0.12585599999999886,2026-09-11T16:04:42Z,node v26.7.0,5000,0328609823
js,../../data/contacts_10k.csv,10000,middle,linear,3,0.0836760000000254,2026-09-11T16:04:42Z,node v26.7.0,5000,0328609823
js,../../data/contacts_10k.csv,10000,middle,linear,4,0.08044699999999239,2026-09-11T16:04:42Z,node v26.7.0,5000,0328609823
js,../../data/contacts_10k.csv,10000,middle,linear,5,0.07898999999997613,2026-09-11T16:04:42Z,node v26.7.0,5000,0328609823
js,../../data/contacts_10k.csv,10000,middle,hash,1,0.00675499999999829,2026-09-11T16:04:42Z,node v26.7.0,5000,0328609823
js,../../data/contacts_10k.csv,10000,middle,hash,2,0.0030409999999960746,2026-09-11T16:04:42Z,node v26.7.0,5000,0328609823
js,../../data/contacts_10k.csv,10000,middle,hash,3,0.002887000000015405,2026-09-11T16:04:42Z,node v26.7.0,5000,0328609823
js,../../data/contacts_10k.csv,10000,middle,hash,4,0.004578000000009297,2026-09-11T16:04:42Z,node v26.7.0,5000,0328609823
js,../../data/contacts_10k.csv,10000,middle,hash,5,0.005330000000014934,2026-09-11T16:04:42Z,node v26.7.0,5000,0328609823
js,../../data/contacts_10k.csv,10000,middle,binary,1,0.009965999999991482,2026-09-11T16:04:42Z,node v26.7.0,5000,0328609823
js,../../data/contacts_10k.csv,10000,middle,binary,2,0.004536999999999125,2026-09-11T16:04:42Z,node v26.7.0,5000,0328609823
js,../../data/contacts_10k.csv,10000,middle,binary,3,0.021002000000009957,2026-09-11T16:04:42Z,node v26.7.0,5000,0328609823
js,../../data/contacts_10k.csv,10000,middle,binary,4,0.005851000000006934,2026-09-11T16:04:42Z,node v26.7.0,5000,0328609823
js,../../data/contacts_10k.csv,10000,middle,binary,5,0.006571000000008098,2026-09-11T16:04:42Z,node v26.7.0,5000,0328609823
js,../../data/contacts_10k.csv,10000,random,linear,1,0.06872300000000564,2026-09-11T16:04:42Z,node v26.7.0,6011,0969543584
js,../../data/contacts_10k.csv,10000,random,linear,2,0.06029200000000401,2026-09-11T16:04:42Z,node v26.7.0,6011,0969543584
js,../../data/contacts_10k.csv,10000,random,linear,3,0.04977800000000343,2026-09-11T16:04:42Z,node v26.7.0,6011,0969543584
js,../../data/contacts_10k.csv,10000,random,linear,4,0.04960699999998042,2026-09-11T16:04:42Z,node v26.7.0,6011,0969543584
js,../../data/contacts_10k.csv,10000,random,linear,5,0.0958389999999838,2026-09-11T16:04:42Z,node v26.7.0,6011,0969543584
js,../../data/contacts_10k.csv,10000,random,hash,1,0.0027039999999942665,2026-09-11T16:04:42Z,node v26.7.0,6011,0969543584
js,../../data/contacts_10k.csv,10000,random,hash,2,0.0015280000000075233,2026-09-11T16:04:42Z,node v26.7.0,6011,0969543584
js,../../data/contacts_10k.csv,10000,random,hash,3,0.001527000000010048,2026-09-11T16:04:42Z,node v26.7.0,6011,0969543584
js,../../data/contacts_10k.csv,10000,random,hash,4,0.0014609999999777301,2026-09-11T16:04:42Z,node v26.7.0,6011,0969543584
js,../../data/contacts_10k.csv,10000,random,hash,5,0.0014240000000143027,2026-09-11T16:04:42Z,node v26.7.0,6011,0969543584
js,../../data/contacts_10k.csv,10000,random,binary,1,0.0036920000000009168,2026-09-11T16:04:42Z,node v26.7.0,6011,0969543584
js,../../data/contacts_10k.csv,10000,random,binary,2,0.0021790000000123655,2026-09-11T16:04:42Z,node v26.7.0,6011,0969543584
js,../../data/contacts_10k.csv,10000,random,binary,3,0.0021409999999946194,2026-09-11T16:04:42Z,node v26.7.0,6011,0969543584
js,../../data/contacts_10k.csv,10000,random,binary,4,0.0021230000000116434,2026-09-11T16:04:42Z,node v26.7.0,6011,0969543584
js,../../data/contacts_10k.csv,10000,random,binary,5,0.002106999999995196,2026-09-11T16:04:42Z,node v26.7.0,6011,0969543584
js,../../data/contacts_10k.csv,10000,last,linear,1,0.18807599999999525,2026-09-11T16:04:42Z,node v26.7.0,9999,0767571416
js,../../data/contacts_10k.csv,10000,last,linear,2,0.14755499999998278,2026-09-11T16:04:42Z,node v26.7.0,9999,0767571416
js,../../data/contacts_10k.csv,10000,last,linear,3,0.10020299999999338,2026-09-11T16:04:42Z,node v26.7.0,9999,0767571416
js,../../data/contacts_10k.csv,10000,last,linear,4,0.1409050000000036,2026-09-11T16:04:42Z,node v26.7.0,9999,0767571416
js,../../data/contacts_10k.csv,10000,last,linear,5,0.12218100000001186,2026-09-11T16:04:42Z,node v26.7.0,9999,0767571416
js,../../data/contacts_10k.csv,10000,last,hash,1,0.003748999999999114,2026-09-11T16:04:42Z,node v26.7.0,9999,0767571416
js,../../data/contacts_10k.csv,10000,last,hash,2,0.0025049999999851025,2026-09-11T16:04:42Z,node v26.7.0,9999,0767571416
js,../../data/contacts_10k.csv,10000,last,hash,3,0.002581999999989648,2026-09-11T16:04:42Z,node v26.7.0,9999,0767571416
js,../../data/contacts_10k.csv,10000,last,hash,4,0.0016009999999937463,2026-09-11T16:04:42Z,node v26.7.0,9999,0767571416
js,../../data/contacts_10k.csv,10000,last,hash,5,0.0014330000000200016,2026-09-11T16:04:42Z,node v26.7.0,9999,0767571416
js,../../data/contacts_10k.csv,10000,last,binary,1,0.003998000000024149,2026-09-11T16:04:42Z,node v26.7.0,9999,0767571416
js,../../data/contacts_10k.csv,10000,last,binary,2,0.002679000000000542,2026-09-11T16:04:42Z,node v26.7.0,9999,0767571416
js,../../data/contacts_10k.csv,10000,last,binary,3,0.003101999999984173,2026-09-11T16:04:42Z,node v26.7.0,9999,0767571416
js,../../data/contacts_10k.csv,10000,last,binary,4,0.0021150000000034197,2026-09-11T16:04:42Z,node v26.7.0,9999,0767571416
js,../../data/contacts_10k.csv,10000,last,binary,5,0.0021139999999775227,2026-09-11T16:04:42Z,node v26.7.0,9999,0767571416
js,../../data/contacts_10k.csv,10000,miss,linear,1,0.12390300000001275,2026-09-11T16:04:42Z,node v26.7.0,-1,0000000000
js,../../data/contacts_10k.csv,10000,miss,linear,2,0.08413299999998003,2026-09-11T16:04:42Z,node v26.7.0,-1,0000000000
js,../../data/contacts_10k.csv,10000,miss,linear,3,0.08041499999998791,2026-09-11T16:04:42Z,node v26.7.0,-1,0000000000
js,../../data/contacts_10k.csv,10000,miss,linear,4,0.07796600000000353,2026-09-11T16:04:42Z,node v26.7.0,-1,0000000000
js,../../data/contacts_10k.csv,10000,miss,linear,5,0.07552000000001158,2026-09-11T16:04:42Z,node v26.7.0,-1,0000000000
js,../../data/contacts_10k.csv,10000,miss,hash,1,0.0018010000000003856,2026-09-11T16:04:42Z,node v26.7.0,-1,0000000000
js,../../data/contacts_10k.csv,10000,miss,hash,2,0.0011639999999886186,2026-09-11T16:04:42Z,node v26.7.0,-1,0000000000
js,../../data/contacts_10k.csv,10000,miss,hash,3,0.0010540000000105465,2026-09-11T16:04:42Z,node v26.7.0,-1,0000000000
js,../../data/contacts_10k.csv,10000,miss,hash,4,0.001063999999985299,2026-09-11T16:04:42Z,node v26.7.0,-1,0000000000
js,../../data/contacts_10k.csv,10000,miss,hash,5,0.0010450000000048476,2026-09-11T16:04:42Z,node v26.7.0,-1,0000000000
js,../../data/contacts_10k.csv,10000,miss,binary,1,0.002285999999998012,2026-09-11T16:04:42Z,node v26.7.0,-1,0000000000
js,../../data/contacts_10k.csv,10000,miss,binary,2,0.0012159999999994398,2026-09-11T16:04:42Z,node v26.7.0,-1,0000000000
js,../../data/contacts_10k.csv,10000,miss,binary,3,0.0012059999999962656,2026-09-11T16:04:42Z,node v26.7.0,-1,0000000000
js,../../data/contacts_10k.csv,10000,miss,binary,4,0.0011839999999949669,2026-09-11T16:04:42Z,node v26.7.0,-1,0000000000
js,../../data/contacts_10k.csv,10000,miss,binary,5,0.001178999999979169,2026-09-11T16:04:42Z,node v26.7.0,-1,0000000000
java,../../data/contacts_10k.csv,10000,first,linear,1,0.014112,2026-09-11T16:04:44Z,javac 27,0,0901867825
java,../../data/contacts_10k.csv,10000,first,linear,2,0.003248,2026-09-11T16:04:44Z,javac 27,0,0901867825
java,../../data/contacts_10k.csv,10000,first,linear,3,0.001053,2026-09-11T16:04:44Z,javac 27,0,0901867825
java,../../data/contacts_10k.csv,10000,first,linear,4,8.88E-4,2026-09-11T16:04:44Z,javac 27,0,0901867825
java,../../data/contacts_10k.csv,10000,first,linear,5,8.78E-4,2026-09-11T16:04:44Z,javac 27,0,0901867825
java,../../data/contacts_10k.csv,10000,first,hash,1,0.057736,2026-09-11T16:04:44Z,javac 27,0,0901867825
java,../../data/contacts_10k.csv,10000,first,hash,2,0.014915,2026-09-11T16:04:44Z,javac 27,0,0901867825
java,../../data/contacts_10k.csv,10000,first,hash,3,0.001518,2026-09-11T16:04:44Z,javac 27,0,0901867825
java,../../data/contacts_10k.csv,10000,first,hash,4,8.44E-4,2026-09-11T16:04:44Z,javac 27,0,0901867825
java,../../data/contacts_10k.csv,10000,first,hash,5,7.82E-4,2026-09-11T16:04:44Z,javac 27,0,0901867825
java,../../data/contacts_10k.csv,10000,first,binary,1,0.030159,2026-09-11T16:04:44Z,javac 27,0,0901867825
java,../../data/contacts_10k.csv,10000,first,binary,2,0.00429,2026-09-11T16:04:44Z,javac 27,0,0901867825
java,../../data/contacts_10k.csv,10000,first,binary,3,0.003639,2026-09-11T16:04:44Z,javac 27,0,0901867825
java,../../data/contacts_10k.csv,10000,first,binary,4,0.003587,2026-09-11T16:04:44Z,javac 27,0,0901867825
java,../../data/contacts_10k.csv,10000,first,binary,5,0.003686,2026-09-11T16:04:44Z,javac 27,0,0901867825
java,../../data/contacts_10k.csv,10000,middle,linear,1,1.85612,2026-09-11T16:04:44Z,javac 27,5000,0328609823
java,../../data/contacts_10k.csv,10000,middle,linear,2,1.526563,2026-09-11T16:04:44Z,javac 27,5000,0328609823
java,../../data/contacts_10k.csv,10000,middle,linear,3,1.282127,2026-09-11T16:04:44Z,javac 27,5000,0328609823
java,../../data/contacts_10k.csv,10000,middle,linear,4,0.913134,2026-09-11T16:04:44Z,javac 27,5000,0328609823
java,../../data/contacts_10k.csv,10000,middle,linear,5,0.891447,2026-09-11T16:04:44Z,javac 27,5000,0328609823
java,../../data/contacts_10k.csv,10000,middle,hash,1,0.022482,2026-09-11T16:04:44Z,javac 27,5000,0328609823
java,../../data/contacts_10k.csv,10000,middle,hash,2,0.002134,2026-09-11T16:04:44Z,javac 27,5000,0328609823
java,../../data/contacts_10k.csv,10000,middle,hash,3,7.78E-4,2026-09-11T16:04:44Z,javac 27,5000,0328609823
java,../../data/contacts_10k.csv,10000,middle,hash,4,9.61E-4,2026-09-11T16:04:44Z,javac 27,5000,0328609823
java,../../data/contacts_10k.csv,10000,middle,hash,5,8.52E-4,2026-09-11T16:04:44Z,javac 27,5000,0328609823
java,../../data/contacts_10k.csv,10000,middle,binary,1,0.021942,2026-09-11T16:04:44Z,javac 27,5000,0328609823
java,../../data/contacts_10k.csv,10000,middle,binary,2,0.004537,2026-09-11T16:04:44Z,javac 27,5000,0328609823
java,../../data/contacts_10k.csv,10000,middle,binary,3,0.005333,2026-09-11T16:04:44Z,javac 27,5000,0328609823
java,../../data/contacts_10k.csv,10000,middle,binary,4,0.004796,2026-09-11T16:04:44Z,javac 27,5000,0328609823
java,../../data/contacts_10k.csv,10000,middle,binary,5,0.005268,2026-09-11T16:04:44Z,javac 27,5000,0328609823
java,../../data/contacts_10k.csv,10000,random,linear,1,0.434726,2026-09-11T16:04:44Z,javac 27,1130,0822567173
java,../../data/contacts_10k.csv,10000,random,linear,2,0.313595,2026-09-11T16:04:44Z,javac 27,1130,0822567173
java,../../data/contacts_10k.csv,10000,random,linear,3,0.283899,2026-09-11T16:04:44Z,javac 27,1130,0822567173
java,../../data/contacts_10k.csv,10000,random,linear,4,0.272368,2026-09-11T16:04:44Z,javac 27,1130,0822567173
java,../../data/contacts_10k.csv,10000,random,linear,5,0.28879,2026-09-11T16:04:44Z,javac 27,1130,0822567173
java,../../data/contacts_10k.csv,10000,random,hash,1,0.003386,2026-09-11T16:04:44Z,javac 27,1130,0822567173
java,../../data/contacts_10k.csv,10000,random,hash,2,7.76E-4,2026-09-11T16:04:44Z,javac 27,1130,0822567173
java,../../data/contacts_10k.csv,10000,random,hash,3,8.59E-4,2026-09-11T16:04:44Z,javac 27,1130,0822567173
java,../../data/contacts_10k.csv,10000,random,hash,4,9.28E-4,2026-09-11T16:04:44Z,javac 27,1130,0822567173
java,../../data/contacts_10k.csv,10000,random,hash,5,7.96E-4,2026-09-11T16:04:44Z,javac 27,1130,0822567173
java,../../data/contacts_10k.csv,10000,random,binary,1,0.011143,2026-09-11T16:04:44Z,javac 27,1130,0822567173
java,../../data/contacts_10k.csv,10000,random,binary,2,0.004847,2026-09-11T16:04:44Z,javac 27,1130,0822567173
java,../../data/contacts_10k.csv,10000,random,binary,3,0.00552,2026-09-11T16:04:44Z,javac 27,1130,0822567173
java,../../data/contacts_10k.csv,10000,random,binary,4,0.0038,2026-09-11T16:04:44Z,javac 27,1130,0822567173
java,../../data/contacts_10k.csv,10000,random,binary,5,0.003598,2026-09-11T16:04:44Z,javac 27,1130,0822567173
java,../../data/contacts_10k.csv,10000,last,linear,1,3.195612,2026-09-11T16:04:44Z,javac 27,9999,0767571416
java,../../data/contacts_10k.csv,10000,last,linear,2,2.091558,2026-09-11T16:04:44Z,javac 27,9999,0767571416
java,../../data/contacts_10k.csv,10000,last,linear,3,1.43341,2026-09-11T16:04:44Z,javac 27,9999,0767571416
java,../../data/contacts_10k.csv,10000,last,linear,4,0.589123,2026-09-11T16:04:44Z,javac 27,9999,0767571416
java,../../data/contacts_10k.csv,10000,last,linear,5,0.215696,2026-09-11T16:04:44Z,javac 27,9999,0767571416
java,../../data/contacts_10k.csv,10000,last,hash,1,0.001973,2026-09-11T16:04:44Z,javac 27,9999,0767571416
java,../../data/contacts_10k.csv,10000,last,hash,2,7.19E-4,2026-09-11T16:04:44Z,javac 27,9999,0767571416
java,../../data/contacts_10k.csv,10000,last,hash,3,6.3E-4,2026-09-11T16:04:44Z,javac 27,9999,0767571416
java,../../data/contacts_10k.csv,10000,last,hash,4,5.63E-4,2026-09-11T16:04:44Z,javac 27,9999,0767571416
java,../../data/contacts_10k.csv,10000,last,hash,5,7.39E-4,2026-09-11T16:04:44Z,javac 27,9999,0767571416
java,../../data/contacts_10k.csv,10000,last,binary,1,0.004757,2026-09-11T16:04:44Z,javac 27,9999,0767571416
java,../../data/contacts_10k.csv,10000,last,binary,2,0.002186,2026-09-11T16:04:44Z,javac 27,9999,0767571416
java,../../data/contacts_10k.csv,10000,last,binary,3,0.001945,2026-09-11T16:04:44Z,javac 27,9999,0767571416
java,../../data/contacts_10k.csv,10000,last,binary,4,0.001953,2026-09-11T16:04:44Z,javac 27,9999,0767571416
java,../../data/contacts_10k.csv,10000,last,binary,5,0.001945,2026-09-11T16:04:44Z,javac 27,9999,0767571416
java,../../data/contacts_10k.csv,10000,miss,linear,1,0.213692,2026-09-11T16:04:44Z,javac 27,-1,0000000000
java,../../data/contacts_10k.csv,10000,miss,linear,2,0.197744,2026-09-11T16:04:44Z,javac 27,-1,0000000000
java,../../data/contacts_10k.csv,10000,miss,linear,3,0.404368,2026-09-11T16:04:44Z,javac 27,-1,0000000000
java,../../data/contacts_10k.csv,10000,miss,linear,4,0.338852,2026-09-11T16:04:44Z,javac 27,-1,0000000000
java,../../data/contacts_10k.csv,10000,miss,linear,5,0.347346,2026-09-11T16:04:44Z,javac 27,-1,0000000000
java,../../data/contacts_10k.csv,10000,miss,hash,1,0.001588,2026-09-11T16:04:44Z,javac 27,-1,0000000000
java,../../data/contacts_10k.csv,10000,miss,hash,2,8.01E-4,2026-09-11T16:04:44Z,javac 27,-1,0000000000
java,../../data/contacts_10k.csv,10000,miss,hash,3,5.88E-4,2026-09-11T16:04:44Z,javac 27,-1,0000000000
java,../../data/contacts_10k.csv,10000,miss,hash,4,7.06E-4,2026-09-11T16:04:44Z,javac 27,-1,0000000000
java,../../data/contacts_10k.csv,10000,miss,hash,5,7.23E-4,2026-09-11T16:04:44Z,javac 27,-1,0000000000
java,../../data/contacts_10k.csv,10000,miss,binary,1,0.003392,2026-09-11T16:04:44Z,javac 27,-1,0000000000
java,../../data/contacts_10k.csv,10000,miss,binary,2,0.002463,2026-09-11T16:04:44Z,javac 27,-1,0000000000
java,../../data/contacts_10k.csv,10000,miss,binary,3,0.002437,2026-09-11T16:04:44Z,javac 27,-1,0000000000
java,../../data/contacts_10k.csv,10000,miss,binary,4,0.002319,2026-09-11T16:04:44Z,javac 27,-1,0000000000
java,../../data/contacts_10k.csv,10000,miss,binary,5,0.002486,2026-09-11T16:04:44Z,javac 27,-1,0000000000
cpp,data/contacts_100k.csv,100000,first,linear,1,0.00031,2026-09-11T16:04:44Z,"g++ 16.2.1 20260810",0,0901867825
cpp,data/contacts_100k.csv,100000,first,linear,2,5.5999999999999999e-05,2026-09-11T16:04:44Z,"g++ 16.2.1 20260810",0,0901867825
cpp,data/contacts_100k.csv,100000,first,linear,3,4.1e-05,2026-09-11T16:04:44Z,"g++ 16.2.1 20260810",0,0901867825
cpp,data/contacts_100k.csv,100000,first,linear,4,3.1999999999999999e-05,2026-09-11T16:04:44Z,"g++ 16.2.1 20260810",0,0901867825
cpp,data/contacts_100k.csv,100000,first,linear,5,4.8000000000000001e-05,2026-09-11T16:04:44Z,"g++ 16.2.1 20260810",0,0901867825
cpp,data/contacts_100k.csv,100000,first,hash,1,0.00067299999999999999,2026-09-11T16:04:44Z,"g++ 16.2.1 20260810",0,0901867825
cpp,data/contacts_100k.csv,100000,first,hash,2,5.3999999999999998e-05,2026-09-11T16:04:44Z,"g++ 16.2.1 20260810",0,0901867825
cpp,data/contacts_100k.csv,100000,first,hash,3,4.6999999999999997e-05,2026-09-11T16:04:44Z,"g++ 16.2.1 20260810",0,0901867825
cpp,data/contacts_100k.csv,100000,first,hash,4,4.6999999999999997e-05,2026-09-11T16:04:44Z,"g++ 16.2.1 20260810",0,0901867825
cpp,data/contacts_100k.csv,100000,first,hash,5,4.5000000000000003e-05,2026-09-11T16:04:44Z,"g++ 16.2.1 20260810",0,0901867825
cpp,data/contacts_100k.csv,100000,first,binary,1,0.0016689999999999999,2026-09-11T16:04:44Z,"g++ 16.2.1 20260810",0,0901867825
cpp,data/contacts_100k.csv,100000,first,binary,2,0.00033100000000000002,2026-09-11T16:04:44Z,"g++ 16.2.1 20260810",0,0901867825
cpp,data/contacts_100k.csv,100000,first,binary,3,0.000163,2026-09-11T16:04:44Z,"g++ 16.2.1 20260810",0,0901867825
cpp,data/contacts_100k.csv,100000,first,binary,4,0.00013999999999999999,2026-09-11T16:04:44Z,"g++ 16.2.1 20260810",0,0901867825
cpp,data/contacts_100k.csv,100000,first,binary,5,0.00014100000000000001,2026-09-11T16:04:44Z,"g++ 16.2.1 20260810",0,0901867825
cpp,data/contacts_100k.csv,100000,middle,linear,1,0.97150099999999995,2026-09-11T16:04:44Z,"g++ 16.2.1 20260810",50000,0708642144
cpp,data/contacts_100k.csv,100000,middle,linear,2,0.71641699999999997,2026-09-11T16:04:44Z,"g++ 16.2.1 20260810",50000,0708642144
cpp,data/contacts_100k.csv,100000,middle,linear,3,0.30618099999999998,2026-09-11T16:04:44Z,"g++ 16.2.1 20260810",50000,0708642144
cpp,data/contacts_100k.csv,100000,middle,linear,4,0.42206500000000002,2026-09-11T16:04:44Z,"g++ 16.2.1 20260810",50000,0708642144
cpp,data/contacts_100k.csv,100000,middle,linear,5,0.63709199999999999,2026-09-11T16:04:44Z,"g++ 16.2.1 20260810",50000,0708642144
cpp,data/contacts_100k.csv,100000,middle,hash,1,0.00067900000000000002,2026-09-11T16:04:44Z,"g++ 16.2.1 20260810",50000,0708642144
cpp,data/contacts_100k.csv,100000,middle,hash,2,6.0999999999999999e-05,2026-09-11T16:04:44Z,"g++ 16.2.1 20260810",50000,0708642144
cpp,data/contacts_100k.csv,100000,middle,hash,3,6.3999999999999997e-05,2026-09-11T16:04:44Z,"g++ 16.2.1 20260810",50000,0708642144
cpp,data/contacts_100k.csv,100000,middle,hash,4,6.2000000000000003e-05,2026-09-11T16:04:44Z,"g++ 16.2.1 20260810",50000,0708642144
cpp,data/contacts_100k.csv,100000,middle,hash,5,6.9999999999999994e-05,2026-09-11T16:04:44Z,"g++ 16.2.1 20260810",50000,0708642144
cpp,data/contacts_100k.csv,100000,middle,binary,1,0.0019059999999999999,2026-09-11T16:04:44Z,"g++ 16.2.1 20260810",50000,0708642144
cpp,data/contacts_100k.csv,100000,middle,binary,2,0.000408,2026-09-11T16:04:44Z,"g++ 16.2.1 20260810",50000,0708642144
cpp,data/contacts_100k.csv,100000,middle,binary,3,0.00026800000000000001,2026-09-11T16:04:44Z,"g++ 16.2.1 20260810",50000,0708642144
cpp,data/contacts_100k.csv,100000,middle,binary,4,0.00022900000000000001,2026-09-11T16:04:44Z,"g++ 16.2.1 20260810",50000,0708642144
cpp,data/contacts_100k.csv,100000,middle,binary,5,0.00027700000000000001,2026-09-11T16:04:44Z,"g++ 16.2.1 20260810",50000,0708642144
cpp,data/contacts_100k.csv,100000,random,linear,1,0.22463900000000001,2026-09-11T16:04:44Z,"g++ 16.2.1 20260810",37454,0374742756
cpp,data/contacts_100k.csv,100000,random,linear,2,0.13353699999999999,2026-09-11T16:04:44Z,"g++ 16.2.1 20260810",37454,0374742756
cpp,data/contacts_100k.csv,100000,random,linear,3,0.138238,2026-09-11T16:04:44Z,"g++ 16.2.1 20260810",37454,0374742756
cpp,data/contacts_100k.csv,100000,random,linear,4,0.143038,2026-09-11T16:04:44Z,"g++ 16.2.1 20260810",37454,0374742756
cpp,data/contacts_100k.csv,100000,random,linear,5,0.20669599999999999,2026-09-11T16:04:44Z,"g++ 16.2.1 20260810",37454,0374742756
cpp,data/contacts_100k.csv,100000,random,hash,1,0.00065600000000000001,2026-09-11T16:04:44Z,"g++ 16.2.1 20260810",37454,0374742756
cpp,data/contacts_100k.csv,100000,random,hash,2,6.0999999999999999e-05,2026-09-11T16:04:44Z,"g++ 16.2.1 20260810",37454,0374742756
cpp,data/contacts_100k.csv,100000,random,hash,3,6.0000000000000002e-05,2026-09-11T16:04:44Z,"g++ 16.2.1 20260810",37454,0374742756
cpp,data/contacts_100k.csv,100000,random,hash,4,6.4999999999999994e-05,2026-09-11T16:04:44Z,"g++ 16.2.1 20260810",37454,0374742756
cpp,data/contacts_100k.csv,100000,random,hash,5,7.2999999999999999e-05,2026-09-11T16:04:44Z,"g++ 16.2.1 20260810",37454,0374742756
cpp,data/contacts_100k.csv,100000,random,binary,1,0.001681,2026-09-11T16:04:44Z,"g++ 16.2.1 20260810",37454,0374742756
cpp,data/contacts_100k.csv,100000,random,binary,2,0.00036999999999999999,2026-09-11T16:04:44Z,"g++ 16.2.1 20260810",37454,0374742756
cpp,data/contacts_100k.csv,100000,random,binary,3,0.00022000000000000001,2026-09-11T16:04:44Z,"g++ 16.2.1 20260810",37454,0374742756
cpp,data/contacts_100k.csv,100000,random,binary,4,0.00019799999999999999,2026-09-11T16:04:44Z,"g++ 16.2.1 20260810",37454,0374742756
cpp,data/contacts_100k.csv,100000,random,binary,5,0.00022800000000000001,2026-09-11T16:04:44Z,"g++ 16.2.1 20260810",37454,0374742756
cpp,data/contacts_100k.csv,100000,last,linear,1,0.58174899999999996,2026-09-11T16:04:44Z,"g++ 16.2.1 20260810",99999,0982238680
cpp,data/contacts_100k.csv,100000,last,linear,2,0.61753999999999998,2026-09-11T16:04:44Z,"g++ 16.2.1 20260810",99999,0982238680
cpp,data/contacts_100k.csv,100000,last,linear,3,0.53484600000000004,2026-09-11T16:04:44Z,"g++ 16.2.1 20260810",99999,0982238680
cpp,data/contacts_100k.csv,100000,last,linear,4,0.52068700000000001,2026-09-11T16:04:44Z,"g++ 16.2.1 20260810",99999,0982238680
cpp,data/contacts_100k.csv,100000,last,linear,5,0.59348100000000004,2026-09-11T16:04:44Z,"g++ 16.2.1 20260810",99999,0982238680
cpp,data/contacts_100k.csv,100000,last,hash,1,0.00094799999999999995,2026-09-11T16:04:44Z,"g++ 16.2.1 20260810",99999,0982238680
cpp,data/contacts_100k.csv,100000,last,hash,2,4.6999999999999997e-05,2026-09-11T16:04:44Z,"g++ 16.2.1 20260810",99999,0982238680
cpp,data/contacts_100k.csv,100000,last,hash,3,4.6999999999999997e-05,2026-09-11T16:04:44Z,"g++ 16.2.1 20260810",99999,0982238680
cpp,data/contacts_100k.csv,100000,last,hash,4,4.6999999999999997e-05,2026-09-11T16:04:44Z,"g++ 16.2.1 20260810",99999,0982238680
cpp,data/contacts_100k.csv,100000,last,hash,5,4.6999999999999997e-05,2026-09-11T16:04:44Z,"g++ 16.2.1 20260810",99999,0982238680
cpp,data/contacts_100k.csv,100000,last,binary,1,0.0016670000000000001,2026-09-11T16:04:44Z,"g++ 16.2.1 20260810",99999,0982238680
cpp,data/contacts_100k.csv,100000,last,binary,2,0.00028400000000000002,2026-09-11T16:04:44Z,"g++ 16.2.1 20260810",99999,0982238680
cpp,data/contacts_100k.csv,100000,last,binary,3,0.00018900000000000001,2026-09-11T16:04:44Z,"g++ 16.2.1 20260810",99999,0982238680
cpp,data/contacts_100k.csv,100000,last,binary,4,0.00017100000000000001,2026-09-11T16:04:44Z,"g++ 16.2.1 20260810",99999,0982238680
cpp,data/contacts_100k.csv,100000,last,binary,5,0.00017100000000000001,2026-09-11T16:04:44Z,"g++ 16.2.1 20260810",99999,0982238680
cpp,data/contacts_100k.csv,100000,miss,linear,1,0.56165399999999999,2026-09-11T16:04:44Z,"g++ 16.2.1 20260810",-1,0000000000
cpp,data/contacts_100k.csv,100000,miss,linear,2,0.54843799999999998,2026-09-11T16:04:44Z,"g++ 16.2.1 20260810",-1,0000000000
cpp,data/contacts_100k.csv,100000,miss,linear,3,0.514158,2026-09-11T16:04:44Z,"g++ 16.2.1 20260810",-1,0000000000
cpp,data/contacts_100k.csv,100000,miss,linear,4,0.64208600000000005,2026-09-11T16:04:44Z,"g++ 16.2.1 20260810",-1,0000000000
cpp,data/contacts_100k.csv,100000,miss,linear,5,0.53682600000000003,2026-09-11T16:04:44Z,"g++ 16.2.1 20260810",-1,0000000000
cpp,data/contacts_100k.csv,100000,miss,hash,1,0.00067900000000000002,2026-09-11T16:04:44Z,"g++ 16.2.1 20260810",-1,0000000000
cpp,data/contacts_100k.csv,100000,miss,hash,2,4.5000000000000003e-05,2026-09-11T16:04:44Z,"g++ 16.2.1 20260810",-1,0000000000
cpp,data/contacts_100k.csv,100000,miss,hash,3,4.5000000000000003e-05,2026-09-11T16:04:44Z,"g++ 16.2.1 20260810",-1,0000000000
cpp,data/contacts_100k.csv,100000,miss,hash,4,4.5000000000000003e-05,2026-09-11T16:04:44Z,"g++ 16.2.1 20260810",-1,0000000000
cpp,data/contacts_100k.csv,100000,miss,hash,5,4.5000000000000003e-05,2026-09-11T16:04:44Z,"g++ 16.2.1 20260810",-1,0000000000
cpp,data/contacts_100k.csv,100000,miss,binary,1,0.0018010000000000001,2026-09-11T16:04:44Z,"g++ 16.2.1 20260810",-1,0000000000
cpp,data/contacts_100k.csv,100000,miss,binary,2,0.000184,2026-09-11T16:04:44Z,"g++ 16.2.1 20260810",-1,0000000000
cpp,data/contacts_100k.csv,100000,miss,binary,3,0.00013899999999999999,2026-09-11T16:04:44Z,"g++ 16.2.1 20260810",-1,0000000000
cpp,data/contacts_100k.csv,100000,miss,binary,4,0.00013899999999999999,2026-09-11T16:04:44Z,"g++ 16.2.1 20260810",-1,0000000000
cpp,data/contacts_100k.csv,100000,miss,binary,5,0.000144,2026-09-11T16:04:44Z,"g++ 16.2.1 20260810",-1,0000000000
python,data/contacts_100k.csv,100000,first,linear,1,0.004933997843181714,2026-09-11T16:04:45Z,python3 3.14.7,0,0901867825
python,data/contacts_100k.csv,100000,first,linear,2,0.0029600014386232942,2026-09-11T16:04:45Z,python3 3.14.7,0,0901867825
python,data/contacts_100k.csv,100000,first,linear,3,0.0010090006981045008,2026-09-11T16:04:45Z,python3 3.14.7,0,0901867825
python,data/contacts_100k.csv,100000,first,linear,4,0.0005990004865452647,2026-09-11T16:04:45Z,python3 3.14.7,0,0901867825
python,data/contacts_100k.csv,100000,first,linear,5,0.00047800131142139435,2026-09-11T16:04:45Z,python3 3.14.7,0,0901867825
python,data/contacts_100k.csv,100000,first,hash,1,0.010251998901367188,2026-09-11T16:04:45Z,python3 3.14.7,0,0901867825
python,data/contacts_100k.csv,100000,first,hash,2,0.005161997250979766,2026-09-11T16:04:45Z,python3 3.14.7,0,0901867825
python,data/contacts_100k.csv,100000,first,hash,3,0.004303001333028078,2026-09-11T16:04:45Z,python3 3.14.7,0,0901867825
python,data/contacts_100k.csv,100000,first,hash,4,0.0041480016079731286,2026-09-11T16:04:45Z,python3 3.14.7,0,0901867825
python,data/contacts_100k.csv,100000,first,hash,5,0.003297001967439428,2026-09-11T16:04:45Z,python3 3.14.7,0,0901867825
python,data/contacts_100k.csv,100000,first,binary,1,0.013994002074468881,2026-09-11T16:04:45Z,python3 3.14.7,0,0901867825
python,data/contacts_100k.csv,100000,first,binary,2,0.006760001269867644,2026-09-11T16:04:45Z,python3 3.14.7,0,0901867825
python,data/contacts_100k.csv,100000,first,binary,3,0.0055679993238300085,2026-09-11T16:04:45Z,python3 3.14.7,0,0901867825
python,data/contacts_100k.csv,100000,first,binary,4,0.005443002009997144,2026-09-11T16:04:45Z,python3 3.14.7,0,0901867825
python,data/contacts_100k.csv,100000,first,binary,5,0.005116999091114849,2026-09-11T16:04:45Z,python3 3.14.7,0,0901867825
python,data/contacts_100k.csv,100000,middle,linear,1,5.356715999369044,2026-09-11T16:04:45Z,python3 3.14.7,50000,0708642144
python,data/contacts_100k.csv,100000,middle,linear,2,2.6562640014162753,2026-09-11T16:04:45Z,python3 3.14.7,50000,0708642144
python,data/contacts_100k.csv,100000,middle,linear,3,2.6157500033150427,2026-09-11T16:04:45Z,python3 3.14.7,50000,0708642144
python,data/contacts_100k.csv,100000,middle,linear,4,3.479006998531986,2026-09-11T16:04:45Z,python3 3.14.7,50000,0708642144
python,data/contacts_100k.csv,100000,middle,linear,5,2.834987000824185,2026-09-11T16:04:45Z,python3 3.14.7,50000,0708642144
python,data/contacts_100k.csv,100000,middle,hash,1,0.010561001545283943,2026-09-11T16:04:45Z,python3 3.14.7,50000,0708642144
python,data/contacts_100k.csv,100000,middle,hash,2,0.002115000825142488,2026-09-11T16:04:45Z,python3 3.14.7,50000,0708642144
python,data/contacts_100k.csv,100000,middle,hash,3,0.0017290003597736359,2026-09-11T16:04:45Z,python3 3.14.7,50000,0708642144
python,data/contacts_100k.csv,100000,middle,hash,4,0.0017560014384798706,2026-09-11T16:04:45Z,python3 3.14.7,50000,0708642144
python,data/contacts_100k.csv,100000,middle,hash,5,0.0017940001271199435,2026-09-11T16:04:45Z,python3 3.14.7,50000,0708642144
python,data/contacts_100k.csv,100000,middle,binary,1,0.010669999028323218,2026-09-11T16:04:45Z,python3 3.14.7,50000,0708642144
python,data/contacts_100k.csv,100000,middle,binary,2,0.0034520016924943775,2026-09-11T16:04:45Z,python3 3.14.7,50000,0708642144
python,data/contacts_100k.csv,100000,middle,binary,3,0.0033529977372381836,2026-09-11T16:04:45Z,python3 3.14.7,50000,0708642144
python,data/contacts_100k.csv,100000,middle,binary,4,0.004174002242507413,2026-09-11T16:04:45Z,python3 3.14.7,50000,0708642144
python,data/contacts_100k.csv,100000,middle,binary,5,0.0032989992178045213,2026-09-11T16:04:45Z,python3 3.14.7,50000,0708642144
python,data/contacts_100k.csv,100000,random,linear,1,7.251543996972032,2026-09-11T16:04:45Z,python3 3.14.7,83810,0799769792
python,data/contacts_100k.csv,100000,random,linear,2,4.334034998464631,2026-09-11T16:04:45Z,python3 3.14.7,83810,0799769792
python,data/contacts_100k.csv,100000,random,linear,3,4.1742970024643,2026-09-11T16:04:45Z,python3 3.14.7,83810,0799769792
python,data/contacts_100k.csv,100000,random,linear,4,6.99941399943782,2026-09-11T16:04:45Z,python3 3.14.7,83810,0799769792
python,data/contacts_100k.csv,100000,random,linear,5,4.295301998354262,2026-09-11T16:04:45Z,python3 3.14.7,83810,0799769792
python,data/contacts_100k.csv,100000,random,hash,1,0.00963200000114739,2026-09-11T16:04:45Z,python3 3.14.7,83810,0799769792
python,data/contacts_100k.csv,100000,random,hash,2,0.001987998984986916,2026-09-11T16:04:45Z,python3 3.14.7,83810,0799769792
python,data/contacts_100k.csv,100000,random,hash,3,0.001781998435035348,2026-09-11T16:04:45Z,python3 3.14.7,83810,0799769792
python,data/contacts_100k.csv,100000,random,hash,4,0.001763000909704715,2026-09-11T16:04:45Z,python3 3.14.7,83810,0799769792
python,data/contacts_100k.csv,100000,random,hash,5,0.0016400008462369442,2026-09-11T16:04:45Z,python3 3.14.7,83810,0799769792
python,data/contacts_100k.csv,100000,random,binary,1,0.008283997885882854,2026-09-11T16:04:45Z,python3 3.14.7,83810,0799769792
python,data/contacts_100k.csv,100000,random,binary,2,0.0031239978852681816,2026-09-11T16:04:45Z,python3 3.14.7,83810,0799769792
python,data/contacts_100k.csv,100000,random,binary,3,0.002963999577332288,2026-09-11T16:04:45Z,python3 3.14.7,83810,0799769792
python,data/contacts_100k.csv,100000,random,binary,4,0.0028719987312797457,2026-09-11T16:04:45Z,python3 3.14.7,83810,0799769792
python,data/contacts_100k.csv,100000,random,binary,5,0.0028279973776079714,2026-09-11T16:04:45Z,python3 3.14.7,83810,0799769792
python,data/contacts_100k.csv,100000,last,linear,1,5.069160997663857,2026-09-11T16:04:45Z,python3 3.14.7,99999,0982238680
python,data/contacts_100k.csv,100000,last,linear,2,8.29705799696967,2026-09-11T16:04:45Z,python3 3.14.7,99999,0982238680
python,data/contacts_100k.csv,100000,last,linear,3,4.879058000369696,2026-09-11T16:04:45Z,python3 3.14.7,99999,0982238680
python,data/contacts_100k.csv,100000,last,linear,4,5.78407399734715,2026-09-11T16:04:45Z,python3 3.14.7,99999,0982238680
python,data/contacts_100k.csv,100000,last,linear,5,7.46085600258084,2026-09-11T16:04:45Z,python3 3.14.7,99999,0982238680
python,data/contacts_100k.csv,100000,last,hash,1,0.009568000677973032,2026-09-11T16:04:45Z,python3 3.14.7,99999,0982238680
python,data/contacts_100k.csv,100000,last,hash,2,0.002624998160172254,2026-09-11T16:04:45Z,python3 3.14.7,99999,0982238680
python,data/contacts_100k.csv,100000,last,hash,3,0.0018569990061223507,2026-09-11T16:04:45Z,python3 3.14.7,99999,0982238680
python,data/contacts_100k.csv,100000,last,hash,4,0.001901000359794125,2026-09-11T16:04:45Z,python3 3.14.7,99999,0982238680
python,data/contacts_100k.csv,100000,last,hash,5,0.0018319988157600164,2026-09-11T16:04:45Z,python3 3.14.7,99999,0982238680
python,data/contacts_100k.csv,100000,last,binary,1,0.010836000001290813,2026-09-11T16:04:45Z,python3 3.14.7,99999,0982238680
python,data/contacts_100k.csv,100000,last,binary,2,0.0040529994294047356,2026-09-11T16:04:45Z,python3 3.14.7,99999,0982238680
python,data/contacts_100k.csv,100000,last,binary,3,0.0037539975892286748,2026-09-11T16:04:45Z,python3 3.14.7,99999,0982238680
python,data/contacts_100k.csv,100000,last,binary,4,0.004176999937044457,2026-09-11T16:04:45Z,python3 3.14.7,99999,0982238680
python,data/contacts_100k.csv,100000,last,binary,5,0.00378299955627881,2026-09-11T16:04:45Z,python3 3.14.7,99999,0982238680
python,data/contacts_100k.csv,100000,miss,linear,1,5.161942000995623,2026-09-11T16:04:45Z,python3 3.14.7,-1,0000000000
python,data/contacts_100k.csv,100000,miss,linear,2,8.543643998564221,2026-09-11T16:04:45Z,python3 3.14.7,-1,0000000000
python,data/contacts_100k.csv,100000,miss,linear,3,5.1108400002704,2026-09-11T16:04:45Z,python3 3.14.7,-1,0000000000
python,data/contacts_100k.csv,100000,miss,linear,4,5.1154829998267815,2026-09-11T16:04:45Z,python3 3.14.7,-1,0000000000
python,data/contacts_100k.csv,100000,miss,linear,5,7.823924999684095,2026-09-11T16:04:45Z,python3 3.14.7,-1,0000000000
python,data/contacts_100k.csv,100000,miss,hash,1,0.008527000318281353,2026-09-11T16:04:45Z,python3 3.14.7,-1,0000000000
python,data/contacts_100k.csv,100000,miss,hash,2,0.002020999090746045,2026-09-11T16:04:45Z,python3 3.14.7,-1,0000000000
python,data/contacts_100k.csv,100000,miss,hash,3,0.0016420017345808446,2026-09-11T16:04:45Z,python3 3.14.7,-1,0000000000
python,data/contacts_100k.csv,100000,miss,hash,4,0.0014939978427719325,2026-09-11T16:04:45Z,python3 3.14.7,-1,0000000000
python,data/contacts_100k.csv,100000,miss,hash,5,0.001481999788666144,2026-09-11T16:04:45Z,python3 3.14.7,-1,0000000000
python,data/contacts_100k.csv,100000,miss,binary,1,0.009074999979929999,2026-09-11T16:04:45Z,python3 3.14.7,-1,0000000000
python,data/contacts_100k.csv,100000,miss,binary,2,0.002402000973233953,2026-09-11T16:04:45Z,python3 3.14.7,-1,0000000000
python,data/contacts_100k.csv,100000,miss,binary,3,0.002020999090746045,2026-09-11T16:04:45Z,python3 3.14.7,-1,0000000000
python,data/contacts_100k.csv,100000,miss,binary,4,0.002077998942695558,2026-09-11T16:04:45Z,python3 3.14.7,-1,0000000000
python,data/contacts_100k.csv,100000,miss,binary,5,0.002052998752333224,2026-09-11T16:04:45Z,python3 3.14.7,-1,0000000000
go,../../data/contacts_100k.csv,100000,first,linear,1,0.000215,2026-09-11T16:04:46Z,go go1.27.1,0,0901867825
go,../../data/contacts_100k.csv,100000,first,linear,2,5.5e-05,2026-09-11T16:04:46Z,go go1.27.1,0,0901867825
go,../../data/contacts_100k.csv,100000,first,linear,3,2.9e-05,2026-09-11T16:04:46Z,go go1.27.1,0,0901867825
go,../../data/contacts_100k.csv,100000,first,linear,4,2.9e-05,2026-09-11T16:04:46Z,go go1.27.1,0,0901867825
go,../../data/contacts_100k.csv,100000,first,linear,5,3e-05,2026-09-11T16:04:46Z,go go1.27.1,0,0901867825
go,../../data/contacts_100k.csv,100000,first,hash,1,0.003952,2026-09-11T16:04:46Z,go go1.27.1,0,0901867825
go,../../data/contacts_100k.csv,100000,first,hash,2,8.2e-05,2026-09-11T16:04:46Z,go go1.27.1,0,0901867825
go,../../data/contacts_100k.csv,100000,first,hash,3,4.6e-05,2026-09-11T16:04:46Z,go go1.27.1,0,0901867825
go,../../data/contacts_100k.csv,100000,first,hash,4,4.8e-05,2026-09-11T16:04:46Z,go go1.27.1,0,0901867825
go,../../data/contacts_100k.csv,100000,first,hash,5,4.6e-05,2026-09-11T16:04:46Z,go go1.27.1,0,0901867825
go,../../data/contacts_100k.csv,100000,first,binary,1,0.001964,2026-09-11T16:04:46Z,go go1.27.1,0,0901867825
go,../../data/contacts_100k.csv,100000,first,binary,2,0.000332,2026-09-11T16:04:46Z,go go1.27.1,0,0901867825
go,../../data/contacts_100k.csv,100000,first,binary,3,0.000189,2026-09-11T16:04:46Z,go go1.27.1,0,0901867825
go,../../data/contacts_100k.csv,100000,first,binary,4,0.000175,2026-09-11T16:04:46Z,go go1.27.1,0,0901867825
go,../../data/contacts_100k.csv,100000,first,binary,5,0.000175,2026-09-11T16:04:46Z,go go1.27.1,0,0901867825
go,../../data/contacts_100k.csv,100000,middle,linear,1,0.203876,2026-09-11T16:04:46Z,go go1.27.1,50000,0708642144
go,../../data/contacts_100k.csv,100000,middle,linear,2,0.175182,2026-09-11T16:04:46Z,go go1.27.1,50000,0708642144
go,../../data/contacts_100k.csv,100000,middle,linear,3,0.136711,2026-09-11T16:04:46Z,go go1.27.1,50000,0708642144
go,../../data/contacts_100k.csv,100000,middle,linear,4,0.139485,2026-09-11T16:04:46Z,go go1.27.1,50000,0708642144
go,../../data/contacts_100k.csv,100000,middle,linear,5,0.187447,2026-09-11T16:04:46Z,go go1.27.1,50000,0708642144
go,../../data/contacts_100k.csv,100000,middle,hash,1,0.000737,2026-09-11T16:04:46Z,go go1.27.1,50000,0708642144
go,../../data/contacts_100k.csv,100000,middle,hash,2,4.9e-05,2026-09-11T16:04:46Z,go go1.27.1,50000,0708642144
go,../../data/contacts_100k.csv,100000,middle,hash,3,4.7e-05,2026-09-11T16:04:46Z,go go1.27.1,50000,0708642144
go,../../data/contacts_100k.csv,100000,middle,hash,4,4.8e-05,2026-09-11T16:04:46Z,go go1.27.1,50000,0708642144
go,../../data/contacts_100k.csv,100000,middle,hash,5,4.9e-05,2026-09-11T16:04:46Z,go go1.27.1,50000,0708642144
go,../../data/contacts_100k.csv,100000,middle,binary,1,0.001513,2026-09-11T16:04:46Z,go go1.27.1,50000,0708642144
go,../../data/contacts_100k.csv,100000,middle,binary,2,0.00022,2026-09-11T16:04:46Z,go go1.27.1,50000,0708642144
go,../../data/contacts_100k.csv,100000,middle,binary,3,0.000166,2026-09-11T16:04:46Z,go go1.27.1,50000,0708642144
go,../../data/contacts_100k.csv,100000,middle,binary,4,0.000146,2026-09-11T16:04:46Z,go go1.27.1,50000,0708642144
go,../../data/contacts_100k.csv,100000,middle,binary,5,0.000144,2026-09-11T16:04:46Z,go go1.27.1,50000,0708642144
go,../../data/contacts_100k.csv,100000,random,linear,1,0.228332,2026-09-11T16:04:46Z,go go1.27.1,72305,0980889624
go,../../data/contacts_100k.csv,100000,random,linear,2,0.209469,2026-09-11T16:04:46Z,go go1.27.1,72305,0980889624
go,../../data/contacts_100k.csv,100000,random,linear,3,0.23849,2026-09-11T16:04:46Z,go go1.27.1,72305,0980889624
go,../../data/contacts_100k.csv,100000,random,linear,4,0.194686,2026-09-11T16:04:46Z,go go1.27.1,72305,0980889624
go,../../data/contacts_100k.csv,100000,random,linear,5,0.191661,2026-09-11T16:04:46Z,go go1.27.1,72305,0980889624
go,../../data/contacts_100k.csv,100000,random,hash,1,0.000677,2026-09-11T16:04:46Z,go go1.27.1,72305,0980889624
go,../../data/contacts_100k.csv,100000,random,hash,2,4.7e-05,2026-09-11T16:04:46Z,go go1.27.1,72305,0980889624
go,../../data/contacts_100k.csv,100000,random,hash,3,0.000112,2026-09-11T16:04:46Z,go go1.27.1,72305,0980889624
go,../../data/contacts_100k.csv,100000,random,hash,4,4.8e-05,2026-09-11T16:04:46Z,go go1.27.1,72305,0980889624
go,../../data/contacts_100k.csv,100000,random,hash,5,4.8e-05,2026-09-11T16:04:46Z,go go1.27.1,72305,0980889624
go,../../data/contacts_100k.csv,100000,random,binary,1,0.00195,2026-09-11T16:04:46Z,go go1.27.1,72305,0980889624
go,../../data/contacts_100k.csv,100000,random,binary,2,0.00034,2026-09-11T16:04:46Z,go go1.27.1,72305,0980889624
go,../../data/contacts_100k.csv,100000,random,binary,3,0.000201,2026-09-11T16:04:46Z,go go1.27.1,72305,0980889624
go,../../data/contacts_100k.csv,100000,random,binary,4,0.000191,2026-09-11T16:04:46Z,go go1.27.1,72305,0980889624
go,../../data/contacts_100k.csv,100000,random,binary,5,0.000174,2026-09-11T16:04:46Z,go go1.27.1,72305,0980889624
go,../../data/contacts_100k.csv,100000,last,linear,1,0.299155,2026-09-11T16:04:46Z,go go1.27.1,99999,0982238680
go,../../data/contacts_100k.csv,100000,last,linear,2,0.317231,2026-09-11T16:04:46Z,go go1.27.1,99999,0982238680
go,../../data/contacts_100k.csv,100000,last,linear,3,0.311588,2026-09-11T16:04:46Z,go go1.27.1,99999,0982238680
go,../../data/contacts_100k.csv,100000,last,linear,4,0.306839,2026-09-11T16:04:46Z,go go1.27.1,99999,0982238680
go,../../data/contacts_100k.csv,100000,last,linear,5,0.319576,2026-09-11T16:04:46Z,go go1.27.1,99999,0982238680
go,../../data/contacts_100k.csv,100000,last,hash,1,0.000477,2026-09-11T16:04:46Z,go go1.27.1,99999,0982238680
go,../../data/contacts_100k.csv,100000,last,hash,2,4.8e-05,2026-09-11T16:04:46Z,go go1.27.1,99999,0982238680
go,../../data/contacts_100k.csv,100000,last,hash,3,4.5e-05,2026-09-11T16:04:46Z,go go1.27.1,99999,0982238680
go,../../data/contacts_100k.csv,100000,last,hash,4,7.3e-05,2026-09-11T16:04:46Z,go go1.27.1,99999,0982238680
go,../../data/contacts_100k.csv,100000,last,hash,5,4.5e-05,2026-09-11T16:04:46Z,go go1.27.1,99999,0982238680
go,../../data/contacts_100k.csv,100000,last,binary,1,0.001356,2026-09-11T16:04:46Z,go go1.27.1,99999,0982238680
go,../../data/contacts_100k.csv,100000,last,binary,2,0.000179,2026-09-11T16:04:46Z,go go1.27.1,99999,0982238680
go,../../data/contacts_100k.csv,100000,last,binary,3,0.000167,2026-09-11T16:04:46Z,go go1.27.1,99999,0982238680
go,../../data/contacts_100k.csv,100000,last,binary,4,0.000165,2026-09-11T16:04:46Z,go go1.27.1,99999,0982238680
go,../../data/contacts_100k.csv,100000,last,binary,5,0.000165,2026-09-11T16:04:46Z,go go1.27.1,99999,0982238680
go,../../data/contacts_100k.csv,100000,miss,linear,1,0.303509,2026-09-11T16:04:46Z,go go1.27.1,-1,0000000000
go,../../data/contacts_100k.csv,100000,miss,linear,2,0.278174,2026-09-11T16:04:46Z,go go1.27.1,-1,0000000000
go,../../data/contacts_100k.csv,100000,miss,linear,3,0.302253,2026-09-11T16:04:46Z,go go1.27.1,-1,0000000000
go,../../data/contacts_100k.csv,100000,miss,linear,4,0.307643,2026-09-11T16:04:46Z,go go1.27.1,-1,0000000000
go,../../data/contacts_100k.csv,100000,miss,linear,5,0.294774,2026-09-11T16:04:46Z,go go1.27.1,-1,0000000000
go,../../data/contacts_100k.csv,100000,miss,hash,1,0.00039,2026-09-11T16:04:46Z,go go1.27.1,-1,0000000000
go,../../data/contacts_100k.csv,100000,miss,hash,2,4.4e-05,2026-09-11T16:04:46Z,go go1.27.1,-1,0000000000
go,../../data/contacts_100k.csv,100000,miss,hash,3,4.3e-05,2026-09-11T16:04:46Z,go go1.27.1,-1,0000000000
go,../../data/contacts_100k.csv,100000,miss,hash,4,4.2e-05,2026-09-11T16:04:46Z,go go1.27.1,-1,0000000000
go,../../data/contacts_100k.csv,100000,miss,hash,5,4.1e-05,2026-09-11T16:04:46Z,go go1.27.1,-1,0000000000
go,../../data/contacts_100k.csv,100000,miss,binary,1,0.001484,2026-09-11T16:04:46Z,go go1.27.1,-1,0000000000
go,../../data/contacts_100k.csv,100000,miss,binary,2,0.000191,2026-09-11T16:04:46Z,go go1.27.1,-1,0000000000
go,../../data/contacts_100k.csv,100000,miss,binary,3,0.000187,2026-09-11T16:04:46Z,go go1.27.1,-1,0000000000
go,../../data/contacts_100k.csv,100000,miss,binary,4,0.000158,2026-09-11T16:04:46Z,go go1.27.1,-1,0000000000
go,../../data/contacts_100k.csv,100000,miss,binary,5,0.000156,2026-09-11T16:04:46Z,go go1.27.1,-1,0000000000
js,../../data/contacts_100k.csv,100000,first,linear,1,0.02982299999996485,2026-09-11T16:04:46Z,node v26.7.0,0,0901867825
js,../../data/contacts_100k.csv,100000,first,linear,2,0.00461900000004789,2026-09-11T16:04:46Z,node v26.7.0,0,0901867825
js,../../data/contacts_100k.csv,100000,first,linear,3,0.0012500000000272848,2026-09-11T16:04:46Z,node v26.7.0,0,0901867825
js,../../data/contacts_100k.csv,100000,first,linear,4,0.0018049999999902866,2026-09-11T16:04:46Z,node v26.7.0,0,0901867825
js,../../data/contacts_100k.csv,100000,first,linear,5,0.00472500000000764,2026-09-11T16:04:46Z,node v26.7.0,0,0901867825
js,../../data/contacts_100k.csv,100000,first,hash,1,0.217583999999988,2026-09-11T16:04:46Z,node v26.7.0,0,0901867825
js,../../data/contacts_100k.csv,100000,first,hash,2,0.010383999999930893,2026-09-11T16:04:46Z,node v26.7.0,0,0901867825
js,../../data/contacts_100k.csv,100000,first,hash,3,0.003842999999960739,2026-09-11T16:04:46Z,node v26.7.0,0,0901867825
js,../../data/contacts_100k.csv,100000,first,hash,4,0.005955999999969208,2026-09-11T16:04:46Z,node v26.7.0,0,0901867825
js,../../data/contacts_100k.csv,100000,first,hash,5,0.0037869999999884385,2026-09-11T16:04:46Z,node v26.7.0,0,0901867825
js,../../data/contacts_100k.csv,100000,first,binary,1,0.1348209999999881,2026-09-11T16:04:46Z,node v26.7.0,0,0901867825
js,../../data/contacts_100k.csv,100000,first,binary,2,0.007331000000021959,2026-09-11T16:04:46Z,node v26.7.0,0,0901867825
js,../../data/contacts_100k.csv,100000,first,binary,3,0.0029010000000653235,2026-09-11T16:04:46Z,node v26.7.0,0,0901867825
js,../../data/contacts_100k.csv,100000,first,binary,4,0.002739000000019587,2026-09-11T16:04:46Z,node v26.7.0,0,0901867825
js,../../data/contacts_100k.csv,100000,first,binary,5,0.003298999999969965,2026-09-11T16:04:46Z,node v26.7.0,0,0901867825
js,../../data/contacts_100k.csv,100000,middle,linear,1,2.9389439999999922,2026-09-11T16:04:46Z,node v26.7.0,50000,0708642144
js,../../data/contacts_100k.csv,100000,middle,linear,2,0.9149459999999863,2026-09-11T16:04:46Z,node v26.7.0,50000,0708642144
js,../../data/contacts_100k.csv,100000,middle,linear,3,0.7814359999999851,2026-09-11T16:04:46Z,node v26.7.0,50000,0708642144
js,../../data/contacts_100k.csv,100000,middle,linear,4,0.5637649999999894,2026-09-11T16:04:46Z,node v26.7.0,50000,0708642144
js,../../data/contacts_100k.csv,100000,middle,linear,5,0.45996500000001106,2026-09-11T16:04:46Z,node v26.7.0,50000,0708642144
js,../../data/contacts_100k.csv,100000,middle,hash,1,0.007619999999974425,2026-09-11T16:04:46Z,node v26.7.0,50000,0708642144
js,../../data/contacts_100k.csv,100000,middle,hash,2,0.0012770000000728032,2026-09-11T16:04:46Z,node v26.7.0,50000,0708642144
js,../../data/contacts_100k.csv,100000,middle,hash,3,0.0012600000000020373,2026-09-11T16:04:46Z,node v26.7.0,50000,0708642144
js,../../data/contacts_100k.csv,100000,middle,hash,4,0.002194999999915126,2026-09-11T16:04:46Z,node v26.7.0,50000,0708642144
js,../../data/contacts_100k.csv,100000,middle,hash,5,0.0028790000000071814,2026-09-11T16:04:46Z,node v26.7.0,50000,0708642144
js,../../data/contacts_100k.csv,100000,middle,binary,1,0.007860999999934393,2026-09-11T16:04:46Z,node v26.7.0,50000,0708642144
js,../../data/contacts_100k.csv,100000,middle,binary,2,0.00221800000008443,2026-09-11T16:04:46Z,node v26.7.0,50000,0708642144
js,../../data/contacts_100k.csv,100000,middle,binary,3,0.002099000000043816,2026-09-11T16:04:46Z,node v26.7.0,50000,0708642144
js,../../data/contacts_100k.csv,100000,middle,binary,4,0.002472000000011576,2026-09-11T16:04:46Z,node v26.7.0,50000,0708642144
js,../../data/contacts_100k.csv,100000,middle,binary,5,0.00271799999995892,2026-09-11T16:04:46Z,node v26.7.0,50000,0708642144
js,../../data/contacts_100k.csv,100000,random,linear,1,0.5046979999999621,2026-09-11T16:04:46Z,node v26.7.0,60110,0702429410
js,../../data/contacts_100k.csv,100000,random,linear,2,0.5237799999999879,2026-09-11T16:04:46Z,node v26.7.0,60110,0702429410
js,../../data/contacts_100k.csv,100000,random,linear,3,0.5613700000000108,2026-09-11T16:04:46Z,node v26.7.0,60110,0702429410
js,../../data/contacts_100k.csv,100000,random,linear,4,0.5938580000000684,2026-09-11T16:04:46Z,node v26.7.0,60110,0702429410
js,../../data/contacts_100k.csv,100000,random,linear,5,0.6238329999999905,2026-09-11T16:04:46Z,node v26.7.0,60110,0702429410
js,../../data/contacts_100k.csv,100000,random,hash,1,0.005607000000054541,2026-09-11T16:04:46Z,node v26.7.0,60110,0702429410
js,../../data/contacts_100k.csv,100000,random,hash,2,0.0011580000000321888,2026-09-11T16:04:46Z,node v26.7.0,60110,0702429410
js,../../data/contacts_100k.csv,100000,random,hash,3,0.0012080000000196378,2026-09-11T16:04:46Z,node v26.7.0,60110,0702429410
js,../../data/contacts_100k.csv,100000,random,hash,4,0.0011240000000043437,2026-09-11T16:04:46Z,node v26.7.0,60110,0702429410
js,../../data/contacts_100k.csv,100000,random,hash,5,0.0010180000000445943,2026-09-11T16:04:46Z,node v26.7.0,60110,0702429410
js,../../data/contacts_100k.csv,100000,random,binary,1,0.007789999999999964,2026-09-11T16:04:46Z,node v26.7.0,60110,0702429410
js,../../data/contacts_100k.csv,100000,random,binary,2,0.002244999999902575,2026-09-11T16:04:46Z,node v26.7.0,60110,0702429410
js,../../data/contacts_100k.csv,100000,random,binary,3,0.002138000000059037,2026-09-11T16:04:46Z,node v26.7.0,60110,0702429410
js,../../data/contacts_100k.csv,100000,random,binary,4,0.002640000000042164,2026-09-11T16:04:46Z,node v26.7.0,60110,0702429410
js,../../data/contacts_100k.csv,100000,random,binary,5,0.0020690000000058717,2026-09-11T16:04:46Z,node v26.7.0,60110,0702429410
js,../../data/contacts_100k.csv,100000,last,linear,1,1.1419109999999364,2026-09-11T16:04:46Z,node v26.7.0,99999,0982238680
js,../../data/contacts_100k.csv,100000,last,linear,2,1.0995110000000068,2026-09-11T16:04:46Z,node v26.7.0,99999,0982238680
js,../../data/contacts_100k.csv,100000,last,linear,3,1.158600999999976,2026-09-11T16:04:46Z,node v26.7.0,99999,0982238680
js,../../data/contacts_100k.csv,100000,last,linear,4,1.3151600000001054,2026-09-11T16:04:46Z,node v26.7.0,99999,0982238680
js,../../data/contacts_100k.csv,100000,last,linear,5,1.1614359999999806,2026-09-11T16:04:46Z,node v26.7.0,99999,0982238680
js,../../data/contacts_100k.csv,100000,last,hash,1,0.007078999999976077,2026-09-11T16:04:46Z,node v26.7.0,99999,0982238680
js,../../data/contacts_100k.csv,100000,last,hash,2,0.001270999999974265,2026-09-11T16:04:46Z,node v26.7.0,99999,0982238680
js,../../data/contacts_100k.csv,100000,last,hash,3,0.001213000000007014,2026-09-11T16:04:46Z,node v26.7.0,99999,0982238680
js,../../data/contacts_100k.csv,100000,last,hash,4,0.0011860000000751825,2026-09-11T16:04:46Z,node v26.7.0,99999,0982238680
js,../../data/contacts_100k.csv,100000,last,hash,5,0.0012030000000322616,2026-09-11T16:04:46Z,node v26.7.0,99999,0982238680
js,../../data/contacts_100k.csv,100000,last,binary,1,0.005999000000088017,2026-09-11T16:04:46Z,node v26.7.0,99999,0982238680
js,../../data/contacts_100k.csv,100000,last,binary,2,0.0023729999999204665,2026-09-11T16:04:46Z,node v26.7.0,99999,0982238680
js,../../data/contacts_100k.csv,100000,last,binary,3,0.002406000000064523,2026-09-11T16:04:46Z,node v26.7.0,99999,0982238680
js,../../data/contacts_100k.csv,100000,last,binary,4,0.0022259999999505453,2026-09-11T16:04:46Z,node v26.7.0,99999,0982238680
js,../../data/contacts_100k.csv,100000,last,binary,5,0.0025269999999864012,2026-09-11T16:04:46Z,node v26.7.0,99999,0982238680
js,../../data/contacts_100k.csv,100000,miss,linear,1,1.2222819999999501,2026-09-11T16:04:46Z,node v26.7.0,-1,0000000000
js,../../data/contacts_100k.csv,100000,miss,linear,2,4.579413000000045,2026-09-11T16:04:46Z,node v26.7.0,-1,0000000000
js,../../data/contacts_100k.csv,100000,miss,linear,3,2.1081649999999854,2026-09-11T16:04:46Z,node v26.7.0,-1,0000000000
js,../../data/contacts_100k.csv,100000,miss,linear,4,1.3243079999999736,2026-09-11T16:04:46Z,node v26.7.0,-1,0000000000
js,../../data/contacts_100k.csv,100000,miss,linear,5,1.3195799999999736,2026-09-11T16:04:46Z,node v26.7.0,-1,0000000000
js,../../data/contacts_100k.csv,100000,miss,hash,1,0.006435000000010405,2026-09-11T16:04:46Z,node v26.7.0,-1,0000000000
js,../../data/contacts_100k.csv,100000,miss,hash,2,0.001071000000024469,2026-09-11T16:04:46Z,node v26.7.0,-1,0000000000
js,../../data/contacts_100k.csv,100000,miss,hash,3,0.0010049999999637294,2026-09-11T16:04:46Z,node v26.7.0,-1,0000000000
js,../../data/contacts_100k.csv,100000,miss,hash,4,0.0009939999999915017,2026-09-11T16:04:46Z,node v26.7.0,-1,0000000000
js,../../data/contacts_100k.csv,100000,miss,hash,5,0.0009980000000950895,2026-09-11T16:04:46Z,node v26.7.0,-1,0000000000
js,../../data/contacts_100k.csv,100000,miss,binary,1,0.007164000000102533,2026-09-11T16:04:46Z,node v26.7.0,-1,0000000000
js,../../data/contacts_100k.csv,100000,miss,binary,2,0.0013920000000098298,2026-09-11T16:04:46Z,node v26.7.0,-1,0000000000
js,../../data/contacts_100k.csv,100000,miss,binary,3,0.001442999999994754,2026-09-11T16:04:46Z,node v26.7.0,-1,0000000000
js,../../data/contacts_100k.csv,100000,miss,binary,4,0.0013790000000426517,2026-09-11T16:04:46Z,node v26.7.0,-1,0000000000
js,../../data/contacts_100k.csv,100000,miss,binary,5,0.00130500000000211,2026-09-11T16:04:46Z,node v26.7.0,-1,0000000000
java,../../data/contacts_100k.csv,100000,first,linear,1,0.022658,2026-09-11T16:04:48Z,javac 27,0,0901867825
java,../../data/contacts_100k.csv,100000,first,linear,2,0.002908,2026-09-11T16:04:48Z,javac 27,0,0901867825
java,../../data/contacts_100k.csv,100000,first,linear,3,0.001071,2026-09-11T16:04:48Z,javac 27,0,0901867825
java,../../data/contacts_100k.csv,100000,first,linear,4,8.3E-4,2026-09-11T16:04:48Z,javac 27,0,0901867825
java,../../data/contacts_100k.csv,100000,first,linear,5,8.74E-4,2026-09-11T16:04:48Z,javac 27,0,0901867825
java,../../data/contacts_100k.csv,100000,first,hash,1,0.067835,2026-09-11T16:04:48Z,javac 27,0,0901867825
java,../../data/contacts_100k.csv,100000,first,hash,2,0.015663,2026-09-11T16:04:48Z,javac 27,0,0901867825
java,../../data/contacts_100k.csv,100000,first,hash,3,0.008334,2026-09-11T16:04:48Z,javac 27,0,0901867825
java,../../data/contacts_100k.csv,100000,first,hash,4,8.2E-4,2026-09-11T16:04:48Z,javac 27,0,0901867825
java,../../data/contacts_100k.csv,100000,first,hash,5,7.12E-4,2026-09-11T16:04:48Z,javac 27,0,0901867825
java,../../data/contacts_100k.csv,100000,first,binary,1,0.016179,2026-09-11T16:04:48Z,javac 27,0,0901867825
java,../../data/contacts_100k.csv,100000,first,binary,2,0.00429,2026-09-11T16:04:48Z,javac 27,0,0901867825
java,../../data/contacts_100k.csv,100000,first,binary,3,0.004161,2026-09-11T16:04:48Z,javac 27,0,0901867825
java,../../data/contacts_100k.csv,100000,first,binary,4,0.004047,2026-09-11T16:04:48Z,javac 27,0,0901867825
java,../../data/contacts_100k.csv,100000,first,binary,5,0.003933,2026-09-11T16:04:48Z,javac 27,0,0901867825
java,../../data/contacts_100k.csv,100000,middle,linear,1,13.731868,2026-09-11T16:04:48Z,javac 27,50000,0708642144
java,../../data/contacts_100k.csv,100000,middle,linear,2,3.599611,2026-09-11T16:04:48Z,javac 27,50000,0708642144
java,../../data/contacts_100k.csv,100000,middle,linear,3,2.184732,2026-09-11T16:04:48Z,javac 27,50000,0708642144
java,../../data/contacts_100k.csv,100000,middle,linear,4,1.942277,2026-09-11T16:04:48Z,javac 27,50000,0708642144
java,../../data/contacts_100k.csv,100000,middle,linear,5,1.00616,2026-09-11T16:04:48Z,javac 27,50000,0708642144
java,../../data/contacts_100k.csv,100000,middle,hash,1,0.003347,2026-09-11T16:04:48Z,javac 27,50000,0708642144
java,../../data/contacts_100k.csv,100000,middle,hash,2,7.68E-4,2026-09-11T16:04:48Z,javac 27,50000,0708642144
java,../../data/contacts_100k.csv,100000,middle,hash,3,9.07E-4,2026-09-11T16:04:48Z,javac 27,50000,0708642144
java,../../data/contacts_100k.csv,100000,middle,hash,4,9.94E-4,2026-09-11T16:04:48Z,javac 27,50000,0708642144
java,../../data/contacts_100k.csv,100000,middle,hash,5,8.93E-4,2026-09-11T16:04:48Z,javac 27,50000,0708642144
java,../../data/contacts_100k.csv,100000,middle,binary,1,0.007749,2026-09-11T16:04:48Z,javac 27,50000,0708642144
java,../../data/contacts_100k.csv,100000,middle,binary,2,0.007511,2026-09-11T16:04:48Z,javac 27,50000,0708642144
java,../../data/contacts_100k.csv,100000,middle,binary,3,0.003195,2026-09-11T16:04:48Z,javac 27,50000,0708642144
java,../../data/contacts_100k.csv,100000,middle,binary,4,0.002405,2026-09-11T16:04:48Z,javac 27,50000,0708642144
java,../../data/contacts_100k.csv,100000,middle,binary,5,0.002265,2026-09-11T16:04:48Z,javac 27,50000,0708642144
java,../../data/contacts_100k.csv,100000,random,linear,1,2.898393,2026-09-11T16:04:48Z,javac 27,31130,0857157610
java,../../data/contacts_100k.csv,100000,random,linear,2,1.562033,2026-09-11T16:04:48Z,javac 27,31130,0857157610
java,../../data/contacts_100k.csv,100000,random,linear,3,0.521646,2026-09-11T16:04:48Z,javac 27,31130,0857157610
java,../../data/contacts_100k.csv,100000,random,linear,4,0.319589,2026-09-11T16:04:48Z,javac 27,31130,0857157610
java,../../data/contacts_100k.csv,100000,random,linear,5,0.266452,2026-09-11T16:04:48Z,javac 27,31130,0857157610
java,../../data/contacts_100k.csv,100000,random,hash,1,0.030911,2026-09-11T16:04:48Z,javac 27,31130,0857157610
java,../../data/contacts_100k.csv,100000,random,hash,2,7.0E-4,2026-09-11T16:04:48Z,javac 27,31130,0857157610
java,../../data/contacts_100k.csv,100000,random,hash,3,5.81E-4,2026-09-11T16:04:48Z,javac 27,31130,0857157610
java,../../data/contacts_100k.csv,100000,random,hash,4,4.83E-4,2026-09-11T16:04:48Z,javac 27,31130,0857157610
java,../../data/contacts_100k.csv,100000,random,hash,5,4.49E-4,2026-09-11T16:04:48Z,javac 27,31130,0857157610
java,../../data/contacts_100k.csv,100000,random,binary,1,0.007384,2026-09-11T16:04:48Z,javac 27,31130,0857157610
java,../../data/contacts_100k.csv,100000,random,binary,2,0.002871,2026-09-11T16:04:48Z,javac 27,31130,0857157610
java,../../data/contacts_100k.csv,100000,random,binary,3,0.002503,2026-09-11T16:04:48Z,javac 27,31130,0857157610
java,../../data/contacts_100k.csv,100000,random,binary,4,0.002461,2026-09-11T16:04:48Z,javac 27,31130,0857157610
java,../../data/contacts_100k.csv,100000,random,binary,5,0.002463,2026-09-11T16:04:48Z,javac 27,31130,0857157610
java,../../data/contacts_100k.csv,100000,last,linear,1,1.730902,2026-09-11T16:04:48Z,javac 27,99999,0982238680
java,../../data/contacts_100k.csv,100000,last,linear,2,1.964771,2026-09-11T16:04:48Z,javac 27,99999,0982238680
java,../../data/contacts_100k.csv,100000,last,linear,3,1.910871,2026-09-11T16:04:48Z,javac 27,99999,0982238680
java,../../data/contacts_100k.csv,100000,last,linear,4,1.900146,2026-09-11T16:04:48Z,javac 27,99999,0982238680
java,../../data/contacts_100k.csv,100000,last,linear,5,2.101312,2026-09-11T16:04:48Z,javac 27,99999,0982238680
java,../../data/contacts_100k.csv,100000,last,hash,1,0.002431,2026-09-11T16:04:48Z,javac 27,99999,0982238680
java,../../data/contacts_100k.csv,100000,last,hash,2,5.9E-4,2026-09-11T16:04:48Z,javac 27,99999,0982238680
java,../../data/contacts_100k.csv,100000,last,hash,3,4.14E-4,2026-09-11T16:04:48Z,javac 27,99999,0982238680
java,../../data/contacts_100k.csv,100000,last,hash,4,5.17E-4,2026-09-11T16:04:48Z,javac 27,99999,0982238680
java,../../data/contacts_100k.csv,100000,last,hash,5,0.002981,2026-09-11T16:04:48Z,javac 27,99999,0982238680
java,../../data/contacts_100k.csv,100000,last,binary,1,0.011368,2026-09-11T16:04:48Z,javac 27,99999,0982238680
java,../../data/contacts_100k.csv,100000,last,binary,2,0.004328,2026-09-11T16:04:48Z,javac 27,99999,0982238680
java,../../data/contacts_100k.csv,100000,last,binary,3,0.003425,2026-09-11T16:04:48Z,javac 27,99999,0982238680
java,../../data/contacts_100k.csv,100000,last,binary,4,0.00396,2026-09-11T16:04:48Z,javac 27,99999,0982238680
java,../../data/contacts_100k.csv,100000,last,binary,5,0.004574,2026-09-11T16:04:48Z,javac 27,99999,0982238680
java,../../data/contacts_100k.csv,100000,miss,linear,1,4.585242,2026-09-11T16:04:48Z,javac 27,-1,0000000000
java,../../data/contacts_100k.csv,100000,miss,linear,2,2.805853,2026-09-11T16:04:48Z,javac 27,-1,0000000000
java,../../data/contacts_100k.csv,100000,miss,linear,3,4.911738,2026-09-11T16:04:48Z,javac 27,-1,0000000000
java,../../data/contacts_100k.csv,100000,miss,linear,4,2.811171,2026-09-11T16:04:48Z,javac 27,-1,0000000000
java,../../data/contacts_100k.csv,100000,miss,linear,5,6.821155,2026-09-11T16:04:48Z,javac 27,-1,0000000000
java,../../data/contacts_100k.csv,100000,miss,hash,1,0.003051,2026-09-11T16:04:48Z,javac 27,-1,0000000000
java,../../data/contacts_100k.csv,100000,miss,hash,2,9.07E-4,2026-09-11T16:04:48Z,javac 27,-1,0000000000
java,../../data/contacts_100k.csv,100000,miss,hash,3,8.51E-4,2026-09-11T16:04:48Z,javac 27,-1,0000000000
java,../../data/contacts_100k.csv,100000,miss,hash,4,7.87E-4,2026-09-11T16:04:48Z,javac 27,-1,0000000000
java,../../data/contacts_100k.csv,100000,miss,hash,5,7.74E-4,2026-09-11T16:04:48Z,javac 27,-1,0000000000
java,../../data/contacts_100k.csv,100000,miss,binary,1,0.011727,2026-09-11T16:04:48Z,javac 27,-1,0000000000
java,../../data/contacts_100k.csv,100000,miss,binary,2,0.004758,2026-09-11T16:04:48Z,javac 27,-1,0000000000
java,../../data/contacts_100k.csv,100000,miss,binary,3,0.004843,2026-09-11T16:04:48Z,javac 27,-1,0000000000
java,../../data/contacts_100k.csv,100000,miss,binary,4,0.004846,2026-09-11T16:04:48Z,javac 27,-1,0000000000
java,../../data/contacts_100k.csv,100000,miss,binary,5,0.004842,2026-09-11T16:04:48Z,javac 27,-1,0000000000
cpp,data/contacts_200k.csv,200000,first,linear,1,0.00025399999999999999,2026-09-11T16:04:49Z,"g++ 16.2.1 20260810",0,0901867825
cpp,data/contacts_200k.csv,200000,first,linear,2,6.3e-05,2026-09-11T16:04:49Z,"g++ 16.2.1 20260810",0,0901867825
cpp,data/contacts_200k.csv,200000,first,linear,3,2.3e-05,2026-09-11T16:04:49Z,"g++ 16.2.1 20260810",0,0901867825
cpp,data/contacts_200k.csv,200000,first,linear,4,2.4000000000000001e-05,2026-09-11T16:04:49Z,"g++ 16.2.1 20260810",0,0901867825
cpp,data/contacts_200k.csv,200000,first,linear,5,2.4000000000000001e-05,2026-09-11T16:04:49Z,"g++ 16.2.1 20260810",0,0901867825
cpp,data/contacts_200k.csv,200000,first,hash,1,0.00043600000000000003,2026-09-11T16:04:49Z,"g++ 16.2.1 20260810",0,0901867825
cpp,data/contacts_200k.csv,200000,first,hash,2,4.5000000000000003e-05,2026-09-11T16:04:49Z,"g++ 16.2.1 20260810",0,0901867825
cpp,data/contacts_200k.csv,200000,first,hash,3,5.1e-05,2026-09-11T16:04:49Z,"g++ 16.2.1 20260810",0,0901867825
cpp,data/contacts_200k.csv,200000,first,hash,4,4.5000000000000003e-05,2026-09-11T16:04:49Z,"g++ 16.2.1 20260810",0,0901867825
cpp,data/contacts_200k.csv,200000,first,hash,5,4.3999999999999999e-05,2026-09-11T16:04:49Z,"g++ 16.2.1 20260810",0,0901867825
cpp,data/contacts_200k.csv,200000,first,binary,1,0.0017149999999999999,2026-09-11T16:04:49Z,"g++ 16.2.1 20260810",0,0901867825
cpp,data/contacts_200k.csv,200000,first,binary,2,0.00027700000000000001,2026-09-11T16:04:49Z,"g++ 16.2.1 20260810",0,0901867825
cpp,data/contacts_200k.csv,200000,first,binary,3,0.00017899999999999999,2026-09-11T16:04:49Z,"g++ 16.2.1 20260810",0,0901867825
cpp,data/contacts_200k.csv,200000,first,binary,4,0.00016000000000000001,2026-09-11T16:04:49Z,"g++ 16.2.1 20260810",0,0901867825
cpp,data/contacts_200k.csv,200000,first,binary,5,0.000146,2026-09-11T16:04:49Z,"g++ 16.2.1 20260810",0,0901867825
cpp,data/contacts_200k.csv,200000,middle,linear,1,0.86036400000000002,2026-09-11T16:04:49Z,"g++ 16.2.1 20260810",100000,0395644246
cpp,data/contacts_200k.csv,200000,middle,linear,2,1.6676200000000001,2026-09-11T16:04:49Z,"g++ 16.2.1 20260810",100000,0395644246
cpp,data/contacts_200k.csv,200000,middle,linear,3,1.149132,2026-09-11T16:04:49Z,"g++ 16.2.1 20260810",100000,0395644246
cpp,data/contacts_200k.csv,200000,middle,linear,4,0.84342200000000001,2026-09-11T16:04:49Z,"g++ 16.2.1 20260810",100000,0395644246
cpp,data/contacts_200k.csv,200000,middle,linear,5,0.79632999999999998,2026-09-11T16:04:49Z,"g++ 16.2.1 20260810",100000,0395644246
cpp,data/contacts_200k.csv,200000,middle,hash,1,0.0010839999999999999,2026-09-11T16:04:49Z,"g++ 16.2.1 20260810",100000,0395644246
cpp,data/contacts_200k.csv,200000,middle,hash,2,4.8000000000000001e-05,2026-09-11T16:04:49Z,"g++ 16.2.1 20260810",100000,0395644246
cpp,data/contacts_200k.csv,200000,middle,hash,3,4.8000000000000001e-05,2026-09-11T16:04:49Z,"g++ 16.2.1 20260810",100000,0395644246
cpp,data/contacts_200k.csv,200000,middle,hash,4,4.8000000000000001e-05,2026-09-11T16:04:49Z,"g++ 16.2.1 20260810",100000,0395644246
cpp,data/contacts_200k.csv,200000,middle,hash,5,4.6999999999999997e-05,2026-09-11T16:04:49Z,"g++ 16.2.1 20260810",100000,0395644246
cpp,data/contacts_200k.csv,200000,middle,binary,1,0.0030560000000000001,2026-09-11T16:04:49Z,"g++ 16.2.1 20260810",100000,0395644246
cpp,data/contacts_200k.csv,200000,middle,binary,2,0.00024699999999999999,2026-09-11T16:04:49Z,"g++ 16.2.1 20260810",100000,0395644246
cpp,data/contacts_200k.csv,200000,middle,binary,3,0.000145,2026-09-11T16:04:49Z,"g++ 16.2.1 20260810",100000,0395644246
cpp,data/contacts_200k.csv,200000,middle,binary,4,0.000144,2026-09-11T16:04:49Z,"g++ 16.2.1 20260810",100000,0395644246
cpp,data/contacts_200k.csv,200000,middle,binary,5,0.00014200000000000001,2026-09-11T16:04:49Z,"g++ 16.2.1 20260810",100000,0395644246
cpp,data/contacts_200k.csv,200000,random,linear,1,0.64120299999999997,2026-09-11T16:04:49Z,"g++ 16.2.1 20260810",74908,0880175850
cpp,data/contacts_200k.csv,200000,random,linear,2,0.37337700000000001,2026-09-11T16:04:49Z,"g++ 16.2.1 20260810",74908,0880175850
cpp,data/contacts_200k.csv,200000,random,linear,3,0.25874200000000003,2026-09-11T16:04:49Z,"g++ 16.2.1 20260810",74908,0880175850
cpp,data/contacts_200k.csv,200000,random,linear,4,0.25215700000000002,2026-09-11T16:04:49Z,"g++ 16.2.1 20260810",74908,0880175850
cpp,data/contacts_200k.csv,200000,random,linear,5,0.24243999999999999,2026-09-11T16:04:49Z,"g++ 16.2.1 20260810",74908,0880175850
cpp,data/contacts_200k.csv,200000,random,hash,1,0.00080199999999999998,2026-09-11T16:04:49Z,"g++ 16.2.1 20260810",74908,0880175850
cpp,data/contacts_200k.csv,200000,random,hash,2,5.7000000000000003e-05,2026-09-11T16:04:49Z,"g++ 16.2.1 20260810",74908,0880175850
cpp,data/contacts_200k.csv,200000,random,hash,3,5.5999999999999999e-05,2026-09-11T16:04:49Z,"g++ 16.2.1 20260810",74908,0880175850
cpp,data/contacts_200k.csv,200000,random,hash,4,5.7000000000000003e-05,2026-09-11T16:04:49Z,"g++ 16.2.1 20260810",74908,0880175850
cpp,data/contacts_200k.csv,200000,random,hash,5,5.5999999999999999e-05,2026-09-11T16:04:49Z,"g++ 16.2.1 20260810",74908,0880175850
cpp,data/contacts_200k.csv,200000,random,binary,1,0.001761,2026-09-11T16:04:49Z,"g++ 16.2.1 20260810",74908,0880175850
cpp,data/contacts_200k.csv,200000,random,binary,2,0.00028299999999999999,2026-09-11T16:04:49Z,"g++ 16.2.1 20260810",74908,0880175850
cpp,data/contacts_200k.csv,200000,random,binary,3,0.00019100000000000001,2026-09-11T16:04:49Z,"g++ 16.2.1 20260810",74908,0880175850
cpp,data/contacts_200k.csv,200000,random,binary,4,0.00017799999999999999,2026-09-11T16:04:49Z,"g++ 16.2.1 20260810",74908,0880175850
cpp,data/contacts_200k.csv,200000,random,binary,5,0.000185,2026-09-11T16:04:49Z,"g++ 16.2.1 20260810",74908,0880175850
cpp,data/contacts_200k.csv,200000,last,linear,1,0.83127300000000004,2026-09-11T16:04:49Z,"g++ 16.2.1 20260810",199999,0796338254
cpp,data/contacts_200k.csv,200000,last,linear,2,0.91745299999999996,2026-09-11T16:04:49Z,"g++ 16.2.1 20260810",199999,0796338254
cpp,data/contacts_200k.csv,200000,last,linear,3,1.0216529999999999,2026-09-11T16:04:49Z,"g++ 16.2.1 20260810",199999,0796338254
cpp,data/contacts_200k.csv,200000,last,linear,4,1.032181,2026-09-11T16:04:49Z,"g++ 16.2.1 20260810",199999,0796338254
cpp,data/contacts_200k.csv,200000,last,linear,5,1.0111479999999999,2026-09-11T16:04:49Z,"g++ 16.2.1 20260810",199999,0796338254
cpp,data/contacts_200k.csv,200000,last,hash,1,0.00072800000000000002,2026-09-11T16:04:49Z,"g++ 16.2.1 20260810",199999,0796338254
cpp,data/contacts_200k.csv,200000,last,hash,2,4.8999999999999998e-05,2026-09-11T16:04:49Z,"g++ 16.2.1 20260810",199999,0796338254
cpp,data/contacts_200k.csv,200000,last,hash,3,5.1e-05,2026-09-11T16:04:49Z,"g++ 16.2.1 20260810",199999,0796338254
cpp,data/contacts_200k.csv,200000,last,hash,4,4.8000000000000001e-05,2026-09-11T16:04:49Z,"g++ 16.2.1 20260810",199999,0796338254
cpp,data/contacts_200k.csv,200000,last,hash,5,4.8999999999999998e-05,2026-09-11T16:04:49Z,"g++ 16.2.1 20260810",199999,0796338254
cpp,data/contacts_200k.csv,200000,last,binary,1,0.0019530000000000001,2026-09-11T16:04:49Z,"g++ 16.2.1 20260810",199999,0796338254
cpp,data/contacts_200k.csv,200000,last,binary,2,0.00026899999999999998,2026-09-11T16:04:49Z,"g++ 16.2.1 20260810",199999,0796338254
cpp,data/contacts_200k.csv,200000,last,binary,3,0.00016000000000000001,2026-09-11T16:04:49Z,"g++ 16.2.1 20260810",199999,0796338254
cpp,data/contacts_200k.csv,200000,last,binary,4,0.00015799999999999999,2026-09-11T16:04:49Z,"g++ 16.2.1 20260810",199999,0796338254
cpp,data/contacts_200k.csv,200000,last,binary,5,0.00016100000000000001,2026-09-11T16:04:49Z,"g++ 16.2.1 20260810",199999,0796338254
cpp,data/contacts_200k.csv,200000,miss,linear,1,0.91265200000000002,2026-09-11T16:04:49Z,"g++ 16.2.1 20260810",-1,0000000000
cpp,data/contacts_200k.csv,200000,miss,linear,2,1.0548649999999999,2026-09-11T16:04:49Z,"g++ 16.2.1 20260810",-1,0000000000
cpp,data/contacts_200k.csv,200000,miss,linear,3,0.89551700000000001,2026-09-11T16:04:49Z,"g++ 16.2.1 20260810",-1,0000000000
cpp,data/contacts_200k.csv,200000,miss,linear,4,0.91627599999999998,2026-09-11T16:04:49Z,"g++ 16.2.1 20260810",-1,0000000000
cpp,data/contacts_200k.csv,200000,miss,linear,5,0.87307299999999999,2026-09-11T16:04:49Z,"g++ 16.2.1 20260810",-1,0000000000
cpp,data/contacts_200k.csv,200000,miss,hash,1,0.0013320000000000001,2026-09-11T16:04:49Z,"g++ 16.2.1 20260810",-1,0000000000
cpp,data/contacts_200k.csv,200000,miss,hash,2,5.5000000000000002e-05,2026-09-11T16:04:49Z,"g++ 16.2.1 20260810",-1,0000000000
cpp,data/contacts_200k.csv,200000,miss,hash,3,5.3999999999999998e-05,2026-09-11T16:04:49Z,"g++ 16.2.1 20260810",-1,0000000000
cpp,data/contacts_200k.csv,200000,miss,hash,4,5.3000000000000001e-05,2026-09-11T16:04:49Z,"g++ 16.2.1 20260810",-1,0000000000
cpp,data/contacts_200k.csv,200000,miss,hash,5,5.3000000000000001e-05,2026-09-11T16:04:49Z,"g++ 16.2.1 20260810",-1,0000000000
cpp,data/contacts_200k.csv,200000,miss,binary,1,0.0018990000000000001,2026-09-11T16:04:49Z,"g++ 16.2.1 20260810",-1,0000000000
cpp,data/contacts_200k.csv,200000,miss,binary,2,0.000204,2026-09-11T16:04:49Z,"g++ 16.2.1 20260810",-1,0000000000
cpp,data/contacts_200k.csv,200000,miss,binary,3,0.000145,2026-09-11T16:04:49Z,"g++ 16.2.1 20260810",-1,0000000000
cpp,data/contacts_200k.csv,200000,miss,binary,4,0.000484,2026-09-11T16:04:49Z,"g++ 16.2.1 20260810",-1,0000000000
cpp,data/contacts_200k.csv,200000,miss,binary,5,0.00023800000000000001,2026-09-11T16:04:49Z,"g++ 16.2.1 20260810",-1,0000000000
python,data/contacts_200k.csv,200000,first,linear,1,0.0044289990910328925,2026-09-11T16:04:52Z,python3 3.14.7,0,0901867825
python,data/contacts_200k.csv,200000,first,linear,2,0.0033010001061484218,2026-09-11T16:04:52Z,python3 3.14.7,0,0901867825
python,data/contacts_200k.csv,200000,first,linear,3,0.0011449992598500103,2026-09-11T16:04:52Z,python3 3.14.7,0,0901867825
python,data/contacts_200k.csv,200000,first,linear,4,0.0004440007614903152,2026-09-11T16:04:52Z,python3 3.14.7,0,0901867825
python,data/contacts_200k.csv,200000,first,linear,5,0.0005350011633709073,2026-09-11T16:04:52Z,python3 3.14.7,0,0901867825
python,data/contacts_200k.csv,200000,first,hash,1,0.011108997568953782,2026-09-11T16:04:52Z,python3 3.14.7,0,0901867825
python,data/contacts_200k.csv,200000,first,hash,2,0.004000998160336167,2026-09-11T16:04:52Z,python3 3.14.7,0,0901867825
python,data/contacts_200k.csv,200000,first,hash,3,0.0033629985409788787,2026-09-11T16:04:52Z,python3 3.14.7,0,0901867825
python,data/contacts_200k.csv,200000,first,hash,4,0.002824999683070928,2026-09-11T16:04:52Z,python3 3.14.7,0,0901867825
python,data/contacts_200k.csv,200000,first,hash,5,0.0029530019673984498,2026-09-11T16:04:52Z,python3 3.14.7,0,0901867825
python,data/contacts_200k.csv,200000,first,binary,1,0.015943001926643774,2026-09-11T16:04:52Z,python3 3.14.7,0,0901867825
python,data/contacts_200k.csv,200000,first,binary,2,0.007634000212419778,2026-09-11T16:04:52Z,python3 3.14.7,0,0901867825
python,data/contacts_200k.csv,200000,first,binary,3,0.006329999450827017,2026-09-11T16:04:52Z,python3 3.14.7,0,0901867825
python,data/contacts_200k.csv,200000,first,binary,4,0.007793998520355672,2026-09-11T16:04:52Z,python3 3.14.7,0,0901867825
python,data/contacts_200k.csv,200000,first,binary,5,0.005075002263765782,2026-09-11T16:04:52Z,python3 3.14.7,0,0901867825
python,data/contacts_200k.csv,200000,middle,linear,1,5.189429000893142,2026-09-11T16:04:52Z,python3 3.14.7,100000,0395644246
python,data/contacts_200k.csv,200000,middle,linear,2,8.257191999291535,2026-09-11T16:04:52Z,python3 3.14.7,100000,0395644246
python,data/contacts_200k.csv,200000,middle,linear,3,4.968854998878669,2026-09-11T16:04:52Z,python3 3.14.7,100000,0395644246
python,data/contacts_200k.csv,200000,middle,linear,4,5.3830750002816785,2026-09-11T16:04:52Z,python3 3.14.7,100000,0395644246
python,data/contacts_200k.csv,200000,middle,linear,5,6.90467499953229,2026-09-11T16:04:52Z,python3 3.14.7,100000,0395644246
python,data/contacts_200k.csv,200000,middle,hash,1,0.010616000508889556,2026-09-11T16:04:52Z,python3 3.14.7,100000,0395644246
python,data/contacts_200k.csv,200000,middle,hash,2,0.00228799763135612,2026-09-11T16:04:52Z,python3 3.14.7,100000,0395644246
python,data/contacts_200k.csv,200000,middle,hash,3,0.0017970014596357942,2026-09-11T16:04:52Z,python3 3.14.7,100000,0395644246
python,data/contacts_200k.csv,200000,middle,hash,4,0.0017540005501359701,2026-09-11T16:04:52Z,python3 3.14.7,100000,0395644246
python,data/contacts_200k.csv,200000,middle,hash,5,0.001757998688844964,2026-09-11T16:04:52Z,python3 3.14.7,100000,0395644246
python,data/contacts_200k.csv,200000,middle,binary,1,0.011094998626504093,2026-09-11T16:04:52Z,python3 3.14.7,100000,0395644246
python,data/contacts_200k.csv,200000,middle,binary,2,0.003991997800767422,2026-09-11T16:04:52Z,python3 3.14.7,100000,0395644246
python,data/contacts_200k.csv,200000,middle,binary,3,0.003696997737279162,2026-09-11T16:04:52Z,python3 3.14.7,100000,0395644246
python,data/contacts_200k.csv,200000,middle,binary,4,0.004222998541081324,2026-09-11T16:04:52Z,python3 3.14.7,100000,0395644246
python,data/contacts_200k.csv,200000,middle,binary,5,0.0035849989217240363,2026-09-11T16:04:52Z,python3 3.14.7,100000,0395644246
python,data/contacts_200k.csv,200000,random,linear,1,8.311410998430802,2026-09-11T16:04:52Z,python3 3.14.7,167621,0799013587
python,data/contacts_200k.csv,200000,random,linear,2,10.726468997745542,2026-09-11T16:04:52Z,python3 3.14.7,167621,0799013587
python,data/contacts_200k.csv,200000,random,linear,3,11.005190001014853,2026-09-11T16:04:52Z,python3 3.14.7,167621,0799013587
python,data/contacts_200k.csv,200000,random,linear,4,8.43176099806442,2026-09-11T16:04:52Z,python3 3.14.7,167621,0799013587
python,data/contacts_200k.csv,200000,random,linear,5,11.737849999917671,2026-09-11T16:04:52Z,python3 3.14.7,167621,0799013587
python,data/contacts_200k.csv,200000,random,hash,1,0.014142002328298986,2026-09-11T16:04:52Z,python3 3.14.7,167621,0799013587
python,data/contacts_200k.csv,200000,random,hash,2,0.003260000084992498,2026-09-11T16:04:52Z,python3 3.14.7,167621,0799013587
python,data/contacts_200k.csv,200000,random,hash,3,0.0023089996830094606,2026-09-11T16:04:52Z,python3 3.14.7,167621,0799013587
python,data/contacts_200k.csv,200000,random,hash,4,0.0026180023269262165,2026-09-11T16:04:52Z,python3 3.14.7,167621,0799013587
python,data/contacts_200k.csv,200000,random,hash,5,0.002591998054413125,2026-09-11T16:04:52Z,python3 3.14.7,167621,0799013587
python,data/contacts_200k.csv,200000,random,binary,1,0.015190998965408653,2026-09-11T16:04:52Z,python3 3.14.7,167621,0799013587
python,data/contacts_200k.csv,200000,random,binary,2,0.005371999577619135,2026-09-11T16:04:52Z,python3 3.14.7,167621,0799013587
python,data/contacts_200k.csv,200000,random,binary,3,0.005164001777302474,2026-09-11T16:04:52Z,python3 3.14.7,167621,0799013587
python,data/contacts_200k.csv,200000,random,binary,4,0.005153997335582972,2026-09-11T16:04:52Z,python3 3.14.7,167621,0799013587
python,data/contacts_200k.csv,200000,random,binary,5,0.005322999641066417,2026-09-11T16:04:52Z,python3 3.14.7,167621,0799013587
python,data/contacts_200k.csv,200000,last,linear,1,12.847280999267241,2026-09-11T16:04:52Z,python3 3.14.7,199999,0796338254
python,data/contacts_200k.csv,200000,last,linear,2,11.62442599888891,2026-09-11T16:04:52Z,python3 3.14.7,199999,0796338254
python,data/contacts_200k.csv,200000,last,linear,3,14.466835997154703,2026-09-11T16:04:52Z,python3 3.14.7,199999,0796338254
python,data/contacts_200k.csv,200000,last,linear,4,13.902693001000443,2026-09-11T16:04:52Z,python3 3.14.7,199999,0796338254
python,data/contacts_200k.csv,200000,last,linear,5,12.92060099876835,2026-09-11T16:04:52Z,python3 3.14.7,199999,0796338254
python,data/contacts_200k.csv,200000,last,hash,1,0.015662000805605203,2026-09-11T16:04:52Z,python3 3.14.7,199999,0796338254
python,data/contacts_200k.csv,200000,last,hash,2,0.002868000592570752,2026-09-11T16:04:52Z,python3 3.14.7,199999,0796338254
python,data/contacts_200k.csv,200000,last,hash,3,0.0019889994291588664,2026-09-11T16:04:52Z,python3 3.14.7,199999,0796338254
python,data/contacts_200k.csv,200000,last,hash,4,0.0018210012058261782,2026-09-11T16:04:52Z,python3 3.14.7,199999,0796338254
python,data/contacts_200k.csv,200000,last,hash,5,0.0016990015865303576,2026-09-11T16:04:52Z,python3 3.14.7,199999,0796338254
python,data/contacts_200k.csv,200000,last,binary,1,0.014974000805523247,2026-09-11T16:04:52Z,python3 3.14.7,199999,0796338254
python,data/contacts_200k.csv,200000,last,binary,2,0.004949000867782161,2026-09-11T16:04:52Z,python3 3.14.7,199999,0796338254
python,data/contacts_200k.csv,200000,last,binary,3,0.004074998287251219,2026-09-11T16:04:52Z,python3 3.14.7,199999,0796338254
python,data/contacts_200k.csv,200000,last,binary,4,0.0037140016502235085,2026-09-11T16:04:52Z,python3 3.14.7,199999,0796338254
python,data/contacts_200k.csv,200000,last,binary,5,0.0037059980968479067,2026-09-11T16:04:52Z,python3 3.14.7,199999,0796338254
python,data/contacts_200k.csv,200000,miss,linear,1,14.923894999810727,2026-09-11T16:04:52Z,python3 3.14.7,-1,0000000000
python,data/contacts_200k.csv,200000,miss,linear,2,13.54934299888555,2026-09-11T16:04:52Z,python3 3.14.7,-1,0000000000
python,data/contacts_200k.csv,200000,miss,linear,3,12.021399001241662,2026-09-11T16:04:52Z,python3 3.14.7,-1,0000000000
python,data/contacts_200k.csv,200000,miss,linear,4,16.085178998764604,2026-09-11T16:04:52Z,python3 3.14.7,-1,0000000000
python,data/contacts_200k.csv,200000,miss,linear,5,15.360321001935517,2026-09-11T16:04:52Z,python3 3.14.7,-1,0000000000
python,data/contacts_200k.csv,200000,miss,hash,1,0.012335000064922497,2026-09-11T16:04:52Z,python3 3.14.7,-1,0000000000
python,data/contacts_200k.csv,200000,miss,hash,2,0.003097000444540754,2026-09-11T16:04:52Z,python3 3.14.7,-1,0000000000
python,data/contacts_200k.csv,200000,miss,hash,3,0.0024889995984267443,2026-09-11T16:04:52Z,python3 3.14.7,-1,0000000000
python,data/contacts_200k.csv,200000,miss,hash,4,0.002882999979192391,2026-09-11T16:04:52Z,python3 3.14.7,-1,0000000000
python,data/contacts_200k.csv,200000,miss,hash,5,0.0024459986889269203,2026-09-11T16:04:52Z,python3 3.14.7,-1,0000000000
python,data/contacts_200k.csv,200000,miss,binary,1,0.012942000466864556,2026-09-11T16:04:52Z,python3 3.14.7,-1,0000000000
python,data/contacts_200k.csv,200000,miss,binary,2,0.0034190015867352486,2026-09-11T16:04:52Z,python3 3.14.7,-1,0000000000
python,data/contacts_200k.csv,200000,miss,binary,3,0.003101002221228555,2026-09-11T16:04:52Z,python3 3.14.7,-1,0000000000
python,data/contacts_200k.csv,200000,miss,binary,4,0.0037469981180038303,2026-09-11T16:04:52Z,python3 3.14.7,-1,0000000000
python,data/contacts_200k.csv,200000,miss,binary,5,0.0032620009733363986,2026-09-11T16:04:52Z,python3 3.14.7,-1,0000000000
go,../../data/contacts_200k.csv,200000,first,linear,1,0.000329,2026-09-11T16:04:52Z,go go1.27.1,0,0901867825
go,../../data/contacts_200k.csv,200000,first,linear,2,5.6e-05,2026-09-11T16:04:52Z,go go1.27.1,0,0901867825
go,../../data/contacts_200k.csv,200000,first,linear,3,2.8e-05,2026-09-11T16:04:52Z,go go1.27.1,0,0901867825
go,../../data/contacts_200k.csv,200000,first,linear,4,2.9e-05,2026-09-11T16:04:52Z,go go1.27.1,0,0901867825
go,../../data/contacts_200k.csv,200000,first,linear,5,2.9e-05,2026-09-11T16:04:52Z,go go1.27.1,0,0901867825
go,../../data/contacts_200k.csv,200000,first,hash,1,0.00077,2026-09-11T16:04:52Z,go go1.27.1,0,0901867825
go,../../data/contacts_200k.csv,200000,first,hash,2,5.2e-05,2026-09-11T16:04:52Z,go go1.27.1,0,0901867825
go,../../data/contacts_200k.csv,200000,first,hash,3,7.5e-05,2026-09-11T16:04:52Z,go go1.27.1,0,0901867825
go,../../data/contacts_200k.csv,200000,first,hash,4,4.7e-05,2026-09-11T16:04:52Z,go go1.27.1,0,0901867825
go,../../data/contacts_200k.csv,200000,first,hash,5,4.9e-05,2026-09-11T16:04:52Z,go go1.27.1,0,0901867825
go,../../data/contacts_200k.csv,200000,first,binary,1,0.003747,2026-09-11T16:04:52Z,go go1.27.1,0,0901867825
go,../../data/contacts_200k.csv,200000,first,binary,2,0.000332,2026-09-11T16:04:52Z,go go1.27.1,0,0901867825
go,../../data/contacts_200k.csv,200000,first,binary,3,0.000159,2026-09-11T16:04:52Z,go go1.27.1,0,0901867825
go,../../data/contacts_200k.csv,200000,first,binary,4,0.000157,2026-09-11T16:04:52Z,go go1.27.1,0,0901867825
go,../../data/contacts_200k.csv,200000,first,binary,5,0.000178,2026-09-11T16:04:52Z,go go1.27.1,0,0901867825
go,../../data/contacts_200k.csv,200000,middle,linear,1,0.508539,2026-09-11T16:04:52Z,go go1.27.1,100000,0395644246
go,../../data/contacts_200k.csv,200000,middle,linear,2,0.418995,2026-09-11T16:04:52Z,go go1.27.1,100000,0395644246
go,../../data/contacts_200k.csv,200000,middle,linear,3,0.321839,2026-09-11T16:04:52Z,go go1.27.1,100000,0395644246
go,../../data/contacts_200k.csv,200000,middle,linear,4,0.322282,2026-09-11T16:04:52Z,go go1.27.1,100000,0395644246
go,../../data/contacts_200k.csv,200000,middle,linear,5,0.336307,2026-09-11T16:04:52Z,go go1.27.1,100000,0395644246
go,../../data/contacts_200k.csv,200000,middle,hash,1,0.00059,2026-09-11T16:04:52Z,go go1.27.1,100000,0395644246
go,../../data/contacts_200k.csv,200000,middle,hash,2,7.4e-05,2026-09-11T16:04:52Z,go go1.27.1,100000,0395644246
go,../../data/contacts_200k.csv,200000,middle,hash,3,4.6e-05,2026-09-11T16:04:52Z,go go1.27.1,100000,0395644246
go,../../data/contacts_200k.csv,200000,middle,hash,4,4.7e-05,2026-09-11T16:04:52Z,go go1.27.1,100000,0395644246
go,../../data/contacts_200k.csv,200000,middle,hash,5,4.5e-05,2026-09-11T16:04:52Z,go go1.27.1,100000,0395644246
go,../../data/contacts_200k.csv,200000,middle,binary,1,0.00326,2026-09-11T16:04:52Z,go go1.27.1,100000,0395644246
go,../../data/contacts_200k.csv,200000,middle,binary,2,0.00022,2026-09-11T16:04:52Z,go go1.27.1,100000,0395644246
go,../../data/contacts_200k.csv,200000,middle,binary,3,0.000164,2026-09-11T16:04:52Z,go go1.27.1,100000,0395644246
go,../../data/contacts_200k.csv,200000,middle,binary,4,0.000159,2026-09-11T16:04:52Z,go go1.27.1,100000,0395644246
go,../../data/contacts_200k.csv,200000,middle,binary,5,0.000161,2026-09-11T16:04:52Z,go go1.27.1,100000,0395644246
go,../../data/contacts_200k.csv,200000,random,linear,1,0.202572,2026-09-11T16:04:52Z,go go1.27.1,72305,0980889624
go,../../data/contacts_200k.csv,200000,random,linear,2,0.206573,2026-09-11T16:04:52Z,go go1.27.1,72305,0980889624
go,../../data/contacts_200k.csv,200000,random,linear,3,0.197531,2026-09-11T16:04:52Z,go go1.27.1,72305,0980889624
go,../../data/contacts_200k.csv,200000,random,linear,4,0.197488,2026-09-11T16:04:52Z,go go1.27.1,72305,0980889624
go,../../data/contacts_200k.csv,200000,random,linear,5,0.192438,2026-09-11T16:04:52Z,go go1.27.1,72305,0980889624
go,../../data/contacts_200k.csv,200000,random,hash,1,0.000432,2026-09-11T16:04:52Z,go go1.27.1,72305,0980889624
go,../../data/contacts_200k.csv,200000,random,hash,2,4.8e-05,2026-09-11T16:04:52Z,go go1.27.1,72305,0980889624
go,../../data/contacts_200k.csv,200000,random,hash,3,0.000109,2026-09-11T16:04:52Z,go go1.27.1,72305,0980889624
go,../../data/contacts_200k.csv,200000,random,hash,4,5.6e-05,2026-09-11T16:04:52Z,go go1.27.1,72305,0980889624
go,../../data/contacts_200k.csv,200000,random,hash,5,6.8e-05,2026-09-11T16:04:52Z,go go1.27.1,72305,0980889624
go,../../data/contacts_200k.csv,200000,random,binary,1,0.003486,2026-09-11T16:04:52Z,go go1.27.1,72305,0980889624
go,../../data/contacts_200k.csv,200000,random,binary,2,0.000388,2026-09-11T16:04:52Z,go go1.27.1,72305,0980889624
go,../../data/contacts_200k.csv,200000,random,binary,3,0.000349,2026-09-11T16:04:52Z,go go1.27.1,72305,0980889624
go,../../data/contacts_200k.csv,200000,random,binary,4,0.000237,2026-09-11T16:04:52Z,go go1.27.1,72305,0980889624
go,../../data/contacts_200k.csv,200000,random,binary,5,0.000313,2026-09-11T16:04:52Z,go go1.27.1,72305,0980889624
go,../../data/contacts_200k.csv,200000,last,linear,1,0.712989,2026-09-11T16:04:52Z,go go1.27.1,199999,0796338254
go,../../data/contacts_200k.csv,200000,last,linear,2,0.735778,2026-09-11T16:04:52Z,go go1.27.1,199999,0796338254
go,../../data/contacts_200k.csv,200000,last,linear,3,0.709785,2026-09-11T16:04:52Z,go go1.27.1,199999,0796338254
go,../../data/contacts_200k.csv,200000,last,linear,4,0.761512,2026-09-11T16:04:52Z,go go1.27.1,199999,0796338254
go,../../data/contacts_200k.csv,200000,last,linear,5,0.72722,2026-09-11T16:04:52Z,go go1.27.1,199999,0796338254
go,../../data/contacts_200k.csv,200000,last,hash,1,0.000657,2026-09-11T16:04:52Z,go go1.27.1,199999,0796338254
go,../../data/contacts_200k.csv,200000,last,hash,2,5.1e-05,2026-09-11T16:04:52Z,go go1.27.1,199999,0796338254
go,../../data/contacts_200k.csv,200000,last,hash,3,4.6e-05,2026-09-11T16:04:52Z,go go1.27.1,199999,0796338254
go,../../data/contacts_200k.csv,200000,last,hash,4,4.6e-05,2026-09-11T16:04:52Z,go go1.27.1,199999,0796338254
go,../../data/contacts_200k.csv,200000,last,hash,5,4.6e-05,2026-09-11T16:04:52Z,go go1.27.1,199999,0796338254
go,../../data/contacts_200k.csv,200000,last,binary,1,0.002162,2026-09-11T16:04:52Z,go go1.27.1,199999,0796338254
go,../../data/contacts_200k.csv,200000,last,binary,2,0.000224,2026-09-11T16:04:52Z,go go1.27.1,199999,0796338254
go,../../data/contacts_200k.csv,200000,last,binary,3,0.000166,2026-09-11T16:04:52Z,go go1.27.1,199999,0796338254
go,../../data/contacts_200k.csv,200000,last,binary,4,0.000164,2026-09-11T16:04:52Z,go go1.27.1,199999,0796338254
go,../../data/contacts_200k.csv,200000,last,binary,5,0.000164,2026-09-11T16:04:52Z,go go1.27.1,199999,0796338254
go,../../data/contacts_200k.csv,200000,miss,linear,1,0.797202,2026-09-11T16:04:52Z,go go1.27.1,-1,0000000000
go,../../data/contacts_200k.csv,200000,miss,linear,2,0.737531,2026-09-11T16:04:52Z,go go1.27.1,-1,0000000000
go,../../data/contacts_200k.csv,200000,miss,linear,3,0.7448,2026-09-11T16:04:52Z,go go1.27.1,-1,0000000000
go,../../data/contacts_200k.csv,200000,miss,linear,4,0.71079,2026-09-11T16:04:52Z,go go1.27.1,-1,0000000000
go,../../data/contacts_200k.csv,200000,miss,linear,5,1.046772,2026-09-11T16:04:52Z,go go1.27.1,-1,0000000000
go,../../data/contacts_200k.csv,200000,miss,hash,1,0.001484,2026-09-11T16:04:52Z,go go1.27.1,-1,0000000000
go,../../data/contacts_200k.csv,200000,miss,hash,2,7e-05,2026-09-11T16:04:52Z,go go1.27.1,-1,0000000000
go,../../data/contacts_200k.csv,200000,miss,hash,3,5.1e-05,2026-09-11T16:04:52Z,go go1.27.1,-1,0000000000
go,../../data/contacts_200k.csv,200000,miss,hash,4,5.4e-05,2026-09-11T16:04:52Z,go go1.27.1,-1,0000000000
go,../../data/contacts_200k.csv,200000,miss,hash,5,5.2e-05,2026-09-11T16:04:52Z,go go1.27.1,-1,0000000000
go,../../data/contacts_200k.csv,200000,miss,binary,1,0.003808,2026-09-11T16:04:52Z,go go1.27.1,-1,0000000000
go,../../data/contacts_200k.csv,200000,miss,binary,2,0.000234,2026-09-11T16:04:52Z,go go1.27.1,-1,0000000000
go,../../data/contacts_200k.csv,200000,miss,binary,3,0.000179,2026-09-11T16:04:52Z,go go1.27.1,-1,0000000000
go,../../data/contacts_200k.csv,200000,miss,binary,4,0.000171,2026-09-11T16:04:52Z,go go1.27.1,-1,0000000000
go,../../data/contacts_200k.csv,200000,miss,binary,5,0.00027,2026-09-11T16:04:52Z,go go1.27.1,-1,0000000000
js,../../data/contacts_200k.csv,200000,first,linear,1,0.03356400000006943,2026-09-11T16:04:54Z,node v26.7.0,0,0901867825
js,../../data/contacts_200k.csv,200000,first,linear,2,0.0011030000000573636,2026-09-11T16:04:54Z,node v26.7.0,0,0901867825
js,../../data/contacts_200k.csv,200000,first,linear,3,0.0005359999997835985,2026-09-11T16:04:54Z,node v26.7.0,0,0901867825
js,../../data/contacts_200k.csv,200000,first,linear,4,0.00044200000002092565,2026-09-11T16:04:54Z,node v26.7.0,0,0901867825
js,../../data/contacts_200k.csv,200000,first,linear,5,0.00197400000001835,2026-09-11T16:04:54Z,node v26.7.0,0,0901867825
js,../../data/contacts_200k.csv,200000,first,hash,1,0.06659500000000662,2026-09-11T16:04:54Z,node v26.7.0,0,0901867825
js,../../data/contacts_200k.csv,200000,first,hash,2,0.004689000000098531,2026-09-11T16:04:54Z,node v26.7.0,0,0901867825
js,../../data/contacts_200k.csv,200000,first,hash,3,0.001580999999987398,2026-09-11T16:04:54Z,node v26.7.0,0,0901867825
js,../../data/contacts_200k.csv,200000,first,hash,4,0.0013200000000779255,2026-09-11T16:04:54Z,node v26.7.0,0,0901867825
js,../../data/contacts_200k.csv,200000,first,hash,5,0.002799000000095475,2026-09-11T16:04:54Z,node v26.7.0,0,0901867825
js,../../data/contacts_200k.csv,200000,first,binary,1,0.08811800000012227,2026-09-11T16:04:54Z,node v26.7.0,0,0901867825
js,../../data/contacts_200k.csv,200000,first,binary,2,0.00821500000006381,2026-09-11T16:04:54Z,node v26.7.0,0,0901867825
js,../../data/contacts_200k.csv,200000,first,binary,3,0.004019000000198503,2026-09-11T16:04:54Z,node v26.7.0,0,0901867825
js,../../data/contacts_200k.csv,200000,first,binary,4,0.0033889999999701104,2026-09-11T16:04:54Z,node v26.7.0,0,0901867825
js,../../data/contacts_200k.csv,200000,first,binary,5,0.0036989999998695566,2026-09-11T16:04:54Z,node v26.7.0,0,0901867825
js,../../data/contacts_200k.csv,200000,middle,linear,1,3.473158999999896,2026-09-11T16:04:54Z,node v26.7.0,100000,0395644246
js,../../data/contacts_200k.csv,200000,middle,linear,2,1.5735939999999573,2026-09-11T16:04:54Z,node v26.7.0,100000,0395644246
js,../../data/contacts_200k.csv,200000,middle,linear,3,1.2458789999998316,2026-09-11T16:04:54Z,node v26.7.0,100000,0395644246
js,../../data/contacts_200k.csv,200000,middle,linear,4,1.1931130000000394,2026-09-11T16:04:54Z,node v26.7.0,100000,0395644246
js,../../data/contacts_200k.csv,200000,middle,linear,5,1.106712000000016,2026-09-11T16:04:54Z,node v26.7.0,100000,0395644246
js,../../data/contacts_200k.csv,200000,middle,hash,1,0.00881100000015067,2026-09-11T16:04:54Z,node v26.7.0,100000,0395644246
js,../../data/contacts_200k.csv,200000,middle,hash,2,0.0017159999999876163,2026-09-11T16:04:54Z,node v26.7.0,100000,0395644246
js,../../data/contacts_200k.csv,200000,middle,hash,3,0.0012509999999110732,2026-09-11T16:04:54Z,node v26.7.0,100000,0395644246
js,../../data/contacts_200k.csv,200000,middle,hash,4,0.004309999999804859,2026-09-11T16:04:54Z,node v26.7.0,100000,0395644246
js,../../data/contacts_200k.csv,200000,middle,hash,5,0.005255999999917549,2026-09-11T16:04:54Z,node v26.7.0,100000,0395644246
js,../../data/contacts_200k.csv,200000,middle,binary,1,0.010858999999982188,2026-09-11T16:04:54Z,node v26.7.0,100000,0395644246
js,../../data/contacts_200k.csv,200000,middle,binary,2,0.002355000000079599,2026-09-11T16:04:54Z,node v26.7.0,100000,0395644246
js,../../data/contacts_200k.csv,200000,middle,binary,3,0.0021520000000236905,2026-09-11T16:04:54Z,node v26.7.0,100000,0395644246
js,../../data/contacts_200k.csv,200000,middle,binary,4,0.011660000000119908,2026-09-11T16:04:54Z,node v26.7.0,100000,0395644246
js,../../data/contacts_200k.csv,200000,middle,binary,5,0.0032360000000153377,2026-09-11T16:04:54Z,node v26.7.0,100000,0395644246
js,../../data/contacts_200k.csv,200000,random,linear,1,1.3729070000001684,2026-09-11T16:04:54Z,node v26.7.0,120220,0779475230
js,../../data/contacts_200k.csv,200000,random,linear,2,1.3268319999999676,2026-09-11T16:04:54Z,node v26.7.0,120220,0779475230
js,../../data/contacts_200k.csv,200000,random,linear,3,1.2710210000000188,2026-09-11T16:04:54Z,node v26.7.0,120220,0779475230
js,../../data/contacts_200k.csv,200000,random,linear,4,1.2748739999999543,2026-09-11T16:04:54Z,node v26.7.0,120220,0779475230
js,../../data/contacts_200k.csv,200000,random,linear,5,1.878195999999889,2026-09-11T16:04:54Z,node v26.7.0,120220,0779475230
js,../../data/contacts_200k.csv,200000,random,hash,1,0.00972900000010668,2026-09-11T16:04:54Z,node v26.7.0,120220,0779475230
js,../../data/contacts_200k.csv,200000,random,hash,2,0.001402000000098269,2026-09-11T16:04:54Z,node v26.7.0,120220,0779475230
js,../../data/contacts_200k.csv,200000,random,hash,3,0.00143900000011854,2026-09-11T16:04:54Z,node v26.7.0,120220,0779475230
js,../../data/contacts_200k.csv,200000,random,hash,4,0.0013219999998455023,2026-09-11T16:04:54Z,node v26.7.0,120220,0779475230
js,../../data/contacts_200k.csv,200000,random,hash,5,0.0012799999999515421,2026-09-11T16:04:54Z,node v26.7.0,120220,0779475230
js,../../data/contacts_200k.csv,200000,random,binary,1,0.024396999999908076,2026-09-11T16:04:54Z,node v26.7.0,120220,0779475230
js,../../data/contacts_200k.csv,200000,random,binary,2,0.002907000000050175,2026-09-11T16:04:54Z,node v26.7.0,120220,0779475230
js,../../data/contacts_200k.csv,200000,random,binary,3,0.002748000000110551,2026-09-11T16:04:54Z,node v26.7.0,120220,0779475230
js,../../data/contacts_200k.csv,200000,random,binary,4,0.002621999999973923,2026-09-11T16:04:54Z,node v26.7.0,120220,0779475230
js,../../data/contacts_200k.csv,200000,random,binary,5,0.0025909999999385036,2026-09-11T16:04:54Z,node v26.7.0,120220,0779475230
js,../../data/contacts_200k.csv,200000,last,linear,1,6.0943600000000515,2026-09-11T16:04:54Z,node v26.7.0,199999,0796338254
js,../../data/contacts_200k.csv,200000,last,linear,2,2.626396999999997,2026-09-11T16:04:54Z,node v26.7.0,199999,0796338254
js,../../data/contacts_200k.csv,200000,last,linear,3,2.616946999999982,2026-09-11T16:04:54Z,node v26.7.0,199999,0796338254
js,../../data/contacts_200k.csv,200000,last,linear,4,2.6128839999998945,2026-09-11T16:04:54Z,node v26.7.0,199999,0796338254
js,../../data/contacts_200k.csv,200000,last,linear,5,3.376465000000053,2026-09-11T16:04:54Z,node v26.7.0,199999,0796338254
js,../../data/contacts_200k.csv,200000,last,hash,1,0.019521999999824402,2026-09-11T16:04:54Z,node v26.7.0,199999,0796338254
js,../../data/contacts_200k.csv,200000,last,hash,2,0.0019250000000283762,2026-09-11T16:04:54Z,node v26.7.0,199999,0796338254
js,../../data/contacts_200k.csv,200000,last,hash,3,0.002476000000115164,2026-09-11T16:04:54Z,node v26.7.0,199999,0796338254
js,../../data/contacts_200k.csv,200000,last,hash,4,0.001680999999962296,2026-09-11T16:04:54Z,node v26.7.0,199999,0796338254
js,../../data/contacts_200k.csv,200000,last,hash,5,0.0022769999998217827,2026-09-11T16:04:54Z,node v26.7.0,199999,0796338254
js,../../data/contacts_200k.csv,200000,last,binary,1,0.026609999999891443,2026-09-11T16:04:54Z,node v26.7.0,199999,0796338254
js,../../data/contacts_200k.csv,200000,last,binary,2,0.0038000000001829903,2026-09-11T16:04:54Z,node v26.7.0,199999,0796338254
js,../../data/contacts_200k.csv,200000,last,binary,3,0.0033780000001115695,2026-09-11T16:04:54Z,node v26.7.0,199999,0796338254
js,../../data/contacts_200k.csv,200000,last,binary,4,0.0032940000000962755,2026-09-11T16:04:54Z,node v26.7.0,199999,0796338254
js,../../data/contacts_200k.csv,200000,last,binary,5,0.003898000000162938,2026-09-11T16:04:54Z,node v26.7.0,199999,0796338254
js,../../data/contacts_200k.csv,200000,miss,linear,1,5.154698000000053,2026-09-11T16:04:54Z,node v26.7.0,-1,0000000000
js,../../data/contacts_200k.csv,200000,miss,linear,2,2.806577000000061,2026-09-11T16:04:54Z,node v26.7.0,-1,0000000000
js,../../data/contacts_200k.csv,200000,miss,linear,3,2.59790699999985,2026-09-11T16:04:54Z,node v26.7.0,-1,0000000000
js,../../data/contacts_200k.csv,200000,miss,linear,4,2.5105969999999616,2026-09-11T16:04:54Z,node v26.7.0,-1,0000000000
js,../../data/contacts_200k.csv,200000,miss,linear,5,3.4885410000001684,2026-09-11T16:04:54Z,node v26.7.0,-1,0000000000
js,../../data/contacts_200k.csv,200000,miss,hash,1,0.023373999999876105,2026-09-11T16:04:54Z,node v26.7.0,-1,0000000000
js,../../data/contacts_200k.csv,200000,miss,hash,2,0.0014429999998810672,2026-09-11T16:04:54Z,node v26.7.0,-1,0000000000
js,../../data/contacts_200k.csv,200000,miss,hash,3,0.0012540000000171858,2026-09-11T16:04:54Z,node v26.7.0,-1,0000000000
js,../../data/contacts_200k.csv,200000,miss,hash,4,0.0012360000000626314,2026-09-11T16:04:54Z,node v26.7.0,-1,0000000000
js,../../data/contacts_200k.csv,200000,miss,hash,5,0.001213000000007014,2026-09-11T16:04:54Z,node v26.7.0,-1,0000000000
js,../../data/contacts_200k.csv,200000,miss,binary,1,0.02429800000004434,2026-09-11T16:04:54Z,node v26.7.0,-1,0000000000
js,../../data/contacts_200k.csv,200000,miss,binary,2,0.001598000000058164,2026-09-11T16:04:54Z,node v26.7.0,-1,0000000000
js,../../data/contacts_200k.csv,200000,miss,binary,3,0.0015209999999115098,2026-09-11T16:04:54Z,node v26.7.0,-1,0000000000
js,../../data/contacts_200k.csv,200000,miss,binary,4,0.001531000000113636,2026-09-11T16:04:54Z,node v26.7.0,-1,0000000000
js,../../data/contacts_200k.csv,200000,miss,binary,5,0.001519000000143933,2026-09-11T16:04:54Z,node v26.7.0,-1,0000000000
java,../../data/contacts_200k.csv,200000,first,linear,1,0.012939,2026-09-11T16:04:56Z,javac 27,0,0901867825
java,../../data/contacts_200k.csv,200000,first,linear,2,0.003294,2026-09-11T16:04:56Z,javac 27,0,0901867825
java,../../data/contacts_200k.csv,200000,first,linear,3,0.001157,2026-09-11T16:04:56Z,javac 27,0,0901867825
java,../../data/contacts_200k.csv,200000,first,linear,4,9.99E-4,2026-09-11T16:04:56Z,javac 27,0,0901867825
java,../../data/contacts_200k.csv,200000,first,linear,5,0.001032,2026-09-11T16:04:56Z,javac 27,0,0901867825
java,../../data/contacts_200k.csv,200000,first,hash,1,0.051213,2026-09-11T16:04:56Z,javac 27,0,0901867825
java,../../data/contacts_200k.csv,200000,first,hash,2,0.015105,2026-09-11T16:04:56Z,javac 27,0,0901867825
java,../../data/contacts_200k.csv,200000,first,hash,3,0.001589,2026-09-11T16:04:56Z,javac 27,0,0901867825
java,../../data/contacts_200k.csv,200000,first,hash,4,6.63E-4,2026-09-11T16:04:56Z,javac 27,0,0901867825
java,../../data/contacts_200k.csv,200000,first,hash,5,6.28E-4,2026-09-11T16:04:56Z,javac 27,0,0901867825
java,../../data/contacts_200k.csv,200000,first,binary,1,0.016085,2026-09-11T16:04:56Z,javac 27,0,0901867825
java,../../data/contacts_200k.csv,200000,first,binary,2,0.013233,2026-09-11T16:04:56Z,javac 27,0,0901867825
java,../../data/contacts_200k.csv,200000,first,binary,3,0.004185,2026-09-11T16:04:56Z,javac 27,0,0901867825
java,../../data/contacts_200k.csv,200000,first,binary,4,0.003936,2026-09-11T16:04:56Z,javac 27,0,0901867825
java,../../data/contacts_200k.csv,200000,first,binary,5,0.003873,2026-09-11T16:04:56Z,javac 27,0,0901867825
java,../../data/contacts_200k.csv,200000,middle,linear,1,23.907635,2026-09-11T16:04:56Z,javac 27,100000,0395644246
java,../../data/contacts_200k.csv,200000,middle,linear,2,18.07551,2026-09-11T16:04:56Z,javac 27,100000,0395644246
java,../../data/contacts_200k.csv,200000,middle,linear,3,6.37867,2026-09-11T16:04:56Z,javac 27,100000,0395644246
java,../../data/contacts_200k.csv,200000,middle,linear,4,5.185742,2026-09-11T16:04:56Z,javac 27,100000,0395644246
java,../../data/contacts_200k.csv,200000,middle,linear,5,1.922545,2026-09-11T16:04:56Z,javac 27,100000,0395644246
java,../../data/contacts_200k.csv,200000,middle,hash,1,0.032977,2026-09-11T16:04:56Z,javac 27,100000,0395644246
java,../../data/contacts_200k.csv,200000,middle,hash,2,8.58E-4,2026-09-11T16:04:56Z,javac 27,100000,0395644246
java,../../data/contacts_200k.csv,200000,middle,hash,3,7.87E-4,2026-09-11T16:04:56Z,javac 27,100000,0395644246
java,../../data/contacts_200k.csv,200000,middle,hash,4,6.03E-4,2026-09-11T16:04:56Z,javac 27,100000,0395644246
java,../../data/contacts_200k.csv,200000,middle,hash,5,6.3E-4,2026-09-11T16:04:56Z,javac 27,100000,0395644246
java,../../data/contacts_200k.csv,200000,middle,binary,1,0.009996,2026-09-11T16:04:56Z,javac 27,100000,0395644246
java,../../data/contacts_200k.csv,200000,middle,binary,2,0.003542,2026-09-11T16:04:56Z,javac 27,100000,0395644246
java,../../data/contacts_200k.csv,200000,middle,binary,3,0.003368,2026-09-11T16:04:56Z,javac 27,100000,0395644246
java,../../data/contacts_200k.csv,200000,middle,binary,4,0.003268,2026-09-11T16:04:56Z,javac 27,100000,0395644246
java,../../data/contacts_200k.csv,200000,middle,binary,5,0.003119,2026-09-11T16:04:56Z,javac 27,100000,0395644246
java,../../data/contacts_200k.csv,200000,random,linear,1,0.541199,2026-09-11T16:04:56Z,javac 27,31130,0857157610
java,../../data/contacts_200k.csv,200000,random,linear,2,0.459885,2026-09-11T16:04:56Z,javac 27,31130,0857157610
java,../../data/contacts_200k.csv,200000,random,linear,3,0.282753,2026-09-11T16:04:56Z,javac 27,31130,0857157610
java,../../data/contacts_200k.csv,200000,random,linear,4,0.299269,2026-09-11T16:04:56Z,javac 27,31130,0857157610
java,../../data/contacts_200k.csv,200000,random,linear,5,0.242117,2026-09-11T16:04:56Z,javac 27,31130,0857157610
java,../../data/contacts_200k.csv,200000,random,hash,1,0.002249,2026-09-11T16:04:56Z,javac 27,31130,0857157610
java,../../data/contacts_200k.csv,200000,random,hash,2,4.78E-4,2026-09-11T16:04:56Z,javac 27,31130,0857157610
java,../../data/contacts_200k.csv,200000,random,hash,3,5.3E-4,2026-09-11T16:04:56Z,javac 27,31130,0857157610
java,../../data/contacts_200k.csv,200000,random,hash,4,4.2E-4,2026-09-11T16:04:56Z,javac 27,31130,0857157610
java,../../data/contacts_200k.csv,200000,random,hash,5,5.32E-4,2026-09-11T16:04:56Z,javac 27,31130,0857157610
java,../../data/contacts_200k.csv,200000,random,binary,1,0.008106,2026-09-11T16:04:56Z,javac 27,31130,0857157610
java,../../data/contacts_200k.csv,200000,random,binary,2,0.003016,2026-09-11T16:04:56Z,javac 27,31130,0857157610
java,../../data/contacts_200k.csv,200000,random,binary,3,0.002712,2026-09-11T16:04:56Z,javac 27,31130,0857157610
java,../../data/contacts_200k.csv,200000,random,binary,4,0.002842,2026-09-11T16:04:56Z,javac 27,31130,0857157610
java,../../data/contacts_200k.csv,200000,random,binary,5,0.002708,2026-09-11T16:04:56Z,javac 27,31130,0857157610
java,../../data/contacts_200k.csv,200000,last,linear,1,7.983299,2026-09-11T16:04:56Z,javac 27,199999,0796338254
java,../../data/contacts_200k.csv,200000,last,linear,2,5.040638,2026-09-11T16:04:56Z,javac 27,199999,0796338254
java,../../data/contacts_200k.csv,200000,last,linear,3,9.940686,2026-09-11T16:04:56Z,javac 27,199999,0796338254
java,../../data/contacts_200k.csv,200000,last,linear,4,5.495702,2026-09-11T16:04:56Z,javac 27,199999,0796338254
java,../../data/contacts_200k.csv,200000,last,linear,5,5.578974,2026-09-11T16:04:56Z,javac 27,199999,0796338254
java,../../data/contacts_200k.csv,200000,last,hash,1,0.004165,2026-09-11T16:04:56Z,javac 27,199999,0796338254
java,../../data/contacts_200k.csv,200000,last,hash,2,8.05E-4,2026-09-11T16:04:56Z,javac 27,199999,0796338254
java,../../data/contacts_200k.csv,200000,last,hash,3,7.69E-4,2026-09-11T16:04:56Z,javac 27,199999,0796338254
java,../../data/contacts_200k.csv,200000,last,hash,4,7.12E-4,2026-09-11T16:04:56Z,javac 27,199999,0796338254
java,../../data/contacts_200k.csv,200000,last,hash,5,6.27E-4,2026-09-11T16:04:56Z,javac 27,199999,0796338254
java,../../data/contacts_200k.csv,200000,last,binary,1,0.011919,2026-09-11T16:04:56Z,javac 27,199999,0796338254
java,../../data/contacts_200k.csv,200000,last,binary,2,0.004266,2026-09-11T16:04:56Z,javac 27,199999,0796338254
java,../../data/contacts_200k.csv,200000,last,binary,3,0.00466,2026-09-11T16:04:56Z,javac 27,199999,0796338254
java,../../data/contacts_200k.csv,200000,last,binary,4,0.004865,2026-09-11T16:04:56Z,javac 27,199999,0796338254
java,../../data/contacts_200k.csv,200000,last,binary,5,0.004274,2026-09-11T16:04:56Z,javac 27,199999,0796338254
java,../../data/contacts_200k.csv,200000,miss,linear,1,8.648069,2026-09-11T16:04:56Z,javac 27,-1,0000000000
java,../../data/contacts_200k.csv,200000,miss,linear,2,5.840032,2026-09-11T16:04:56Z,javac 27,-1,0000000000
java,../../data/contacts_200k.csv,200000,miss,linear,3,13.514492,2026-09-11T16:04:56Z,javac 27,-1,0000000000
java,../../data/contacts_200k.csv,200000,miss,linear,4,11.477471,2026-09-11T16:04:56Z,javac 27,-1,0000000000
java,../../data/contacts_200k.csv,200000,miss,linear,5,8.070686,2026-09-11T16:04:56Z,javac 27,-1,0000000000
java,../../data/contacts_200k.csv,200000,miss,hash,1,0.005708,2026-09-11T16:04:56Z,javac 27,-1,0000000000
java,../../data/contacts_200k.csv,200000,miss,hash,2,9.48E-4,2026-09-11T16:04:56Z,javac 27,-1,0000000000
java,../../data/contacts_200k.csv,200000,miss,hash,3,0.001009,2026-09-11T16:04:56Z,javac 27,-1,0000000000
java,../../data/contacts_200k.csv,200000,miss,hash,4,7.4E-4,2026-09-11T16:04:56Z,javac 27,-1,0000000000
java,../../data/contacts_200k.csv,200000,miss,hash,5,8.16E-4,2026-09-11T16:04:56Z,javac 27,-1,0000000000
java,../../data/contacts_200k.csv,200000,miss,binary,1,0.011307,2026-09-11T16:04:56Z,javac 27,-1,0000000000
java,../../data/contacts_200k.csv,200000,miss,binary,2,0.005034,2026-09-11T16:04:56Z,javac 27,-1,0000000000
java,../../data/contacts_200k.csv,200000,miss,binary,3,0.004866,2026-09-11T16:04:56Z,javac 27,-1,0000000000
java,../../data/contacts_200k.csv,200000,miss,binary,4,0.004425,2026-09-11T16:04:56Z,javac 27,-1,0000000000
java,../../data/contacts_200k.csv,200000,miss,binary,5,0.004811,2026-09-11T16:04:56Z,javac 27,-1,0000000000
cpp,data/contacts_500k.csv,500000,first,linear,1,0.00027599999999999999,2026-09-11T16:04:57Z,"g++ 16.2.1 20260810",0,0901867825
cpp,data/contacts_500k.csv,500000,first,linear,2,4.6999999999999997e-05,2026-09-11T16:04:57Z,"g++ 16.2.1 20260810",0,0901867825
cpp,data/contacts_500k.csv,500000,first,linear,3,5.8e-05,2026-09-11T16:04:57Z,"g++ 16.2.1 20260810",0,0901867825
cpp,data/contacts_500k.csv,500000,first,linear,4,2.9e-05,2026-09-11T16:04:57Z,"g++ 16.2.1 20260810",0,0901867825
cpp,data/contacts_500k.csv,500000,first,linear,5,2.9e-05,2026-09-11T16:04:57Z,"g++ 16.2.1 20260810",0,0901867825
cpp,data/contacts_500k.csv,500000,first,hash,1,0.00066299999999999996,2026-09-11T16:04:57Z,"g++ 16.2.1 20260810",0,0901867825
cpp,data/contacts_500k.csv,500000,first,hash,2,7.2999999999999999e-05,2026-09-11T16:04:57Z,"g++ 16.2.1 20260810",0,0901867825
cpp,data/contacts_500k.csv,500000,first,hash,3,5.8e-05,2026-09-11T16:04:57Z,"g++ 16.2.1 20260810",0,0901867825
cpp,data/contacts_500k.csv,500000,first,hash,4,5.8e-05,2026-09-11T16:04:57Z,"g++ 16.2.1 20260810",0,0901867825
cpp,data/contacts_500k.csv,500000,first,hash,5,5.8e-05,2026-09-11T16:04:57Z,"g++ 16.2.1 20260810",0,0901867825
cpp,data/contacts_500k.csv,500000,first,binary,1,0.0018370000000000001,2026-09-11T16:04:57Z,"g++ 16.2.1 20260810",0,0901867825
cpp,data/contacts_500k.csv,500000,first,binary,2,0.00036299999999999999,2026-09-11T16:04:57Z,"g++ 16.2.1 20260810",0,0901867825
cpp,data/contacts_500k.csv,500000,first,binary,3,0.00023499999999999999,2026-09-11T16:04:57Z,"g++ 16.2.1 20260810",0,0901867825
cpp,data/contacts_500k.csv,500000,first,binary,4,0.00020100000000000001,2026-09-11T16:04:57Z,"g++ 16.2.1 20260810",0,0901867825
cpp,data/contacts_500k.csv,500000,first,binary,5,0.00019699999999999999,2026-09-11T16:04:57Z,"g++ 16.2.1 20260810",0,0901867825
cpp,data/contacts_500k.csv,500000,middle,linear,1,1.4985649999999999,2026-09-11T16:04:57Z,"g++ 16.2.1 20260810",250000,0839829574
cpp,data/contacts_500k.csv,500000,middle,linear,2,1.441983,2026-09-11T16:04:57Z,"g++ 16.2.1 20260810",250000,0839829574
cpp,data/contacts_500k.csv,500000,middle,linear,3,1.242877,2026-09-11T16:04:57Z,"g++ 16.2.1 20260810",250000,0839829574
cpp,data/contacts_500k.csv,500000,middle,linear,4,1.108552,2026-09-11T16:04:57Z,"g++ 16.2.1 20260810",250000,0839829574
cpp,data/contacts_500k.csv,500000,middle,linear,5,1.1477329999999999,2026-09-11T16:04:57Z,"g++ 16.2.1 20260810",250000,0839829574
cpp,data/contacts_500k.csv,500000,middle,hash,1,0.001258,2026-09-11T16:04:57Z,"g++ 16.2.1 20260810",250000,0839829574
cpp,data/contacts_500k.csv,500000,middle,hash,2,8.0000000000000007e-05,2026-09-11T16:04:57Z,"g++ 16.2.1 20260810",250000,0839829574
cpp,data/contacts_500k.csv,500000,middle,hash,3,5.8e-05,2026-09-11T16:04:57Z,"g++ 16.2.1 20260810",250000,0839829574
cpp,data/contacts_500k.csv,500000,middle,hash,4,5.7000000000000003e-05,2026-09-11T16:04:57Z,"g++ 16.2.1 20260810",250000,0839829574
cpp,data/contacts_500k.csv,500000,middle,hash,5,5.8999999999999998e-05,2026-09-11T16:04:57Z,"g++ 16.2.1 20260810",250000,0839829574
cpp,data/contacts_500k.csv,500000,middle,binary,1,0.0021840000000000002,2026-09-11T16:04:57Z,"g++ 16.2.1 20260810",250000,0839829574
cpp,data/contacts_500k.csv,500000,middle,binary,2,0.000339,2026-09-11T16:04:57Z,"g++ 16.2.1 20260810",250000,0839829574
cpp,data/contacts_500k.csv,500000,middle,binary,3,0.000202,2026-09-11T16:04:57Z,"g++ 16.2.1 20260810",250000,0839829574
cpp,data/contacts_500k.csv,500000,middle,binary,4,0.000174,2026-09-11T16:04:57Z,"g++ 16.2.1 20260810",250000,0839829574
cpp,data/contacts_500k.csv,500000,middle,binary,5,0.00016799999999999999,2026-09-11T16:04:57Z,"g++ 16.2.1 20260810",250000,0839829574
cpp,data/contacts_500k.csv,500000,random,linear,1,0.83676399999999995,2026-09-11T16:04:57Z,"g++ 16.2.1 20260810",187270,0897902605
cpp,data/contacts_500k.csv,500000,random,linear,2,0.87665800000000005,2026-09-11T16:04:57Z,"g++ 16.2.1 20260810",187270,0897902605
cpp,data/contacts_500k.csv,500000,random,linear,3,0.80157400000000001,2026-09-11T16:04:57Z,"g++ 16.2.1 20260810",187270,0897902605
cpp,data/contacts_500k.csv,500000,random,linear,4,0.850854,2026-09-11T16:04:57Z,"g++ 16.2.1 20260810",187270,0897902605
cpp,data/contacts_500k.csv,500000,random,linear,5,0.94029499999999999,2026-09-11T16:04:57Z,"g++ 16.2.1 20260810",187270,0897902605
cpp,data/contacts_500k.csv,500000,random,hash,1,0.00091299999999999997,2026-09-11T16:04:57Z,"g++ 16.2.1 20260810",187270,0897902605
cpp,data/contacts_500k.csv,500000,random,hash,2,6.7999999999999999e-05,2026-09-11T16:04:57Z,"g++ 16.2.1 20260810",187270,0897902605
cpp,data/contacts_500k.csv,500000,random,hash,3,5.3999999999999998e-05,2026-09-11T16:04:57Z,"g++ 16.2.1 20260810",187270,0897902605
cpp,data/contacts_500k.csv,500000,random,hash,4,5.5000000000000002e-05,2026-09-11T16:04:57Z,"g++ 16.2.1 20260810",187270,0897902605
cpp,data/contacts_500k.csv,500000,random,hash,5,5.3999999999999998e-05,2026-09-11T16:04:57Z,"g++ 16.2.1 20260810",187270,0897902605
cpp,data/contacts_500k.csv,500000,random,binary,1,0.001462,2026-09-11T16:04:57Z,"g++ 16.2.1 20260810",187270,0897902605
cpp,data/contacts_500k.csv,500000,random,binary,2,0.00024800000000000001,2026-09-11T16:04:57Z,"g++ 16.2.1 20260810",187270,0897902605
cpp,data/contacts_500k.csv,500000,random,binary,3,0.00016699999999999999,2026-09-11T16:04:57Z,"g++ 16.2.1 20260810",187270,0897902605
cpp,data/contacts_500k.csv,500000,random,binary,4,0.000165,2026-09-11T16:04:57Z,"g++ 16.2.1 20260810",187270,0897902605
cpp,data/contacts_500k.csv,500000,random,binary,5,0.000175,2026-09-11T16:04:57Z,"g++ 16.2.1 20260810",187270,0897902605
cpp,data/contacts_500k.csv,500000,last,linear,1,5.9965590000000004,2026-09-11T16:04:57Z,"g++ 16.2.1 20260810",499999,0946741202
cpp,data/contacts_500k.csv,500000,last,linear,2,2.4535070000000001,2026-09-11T16:04:57Z,"g++ 16.2.1 20260810",499999,0946741202
cpp,data/contacts_500k.csv,500000,last,linear,3,2.3053499999999998,2026-09-11T16:04:57Z,"g++ 16.2.1 20260810",499999,0946741202
cpp,data/contacts_500k.csv,500000,last,linear,4,2.4708039999999998,2026-09-11T16:04:57Z,"g++ 16.2.1 20260810",499999,0946741202
cpp,data/contacts_500k.csv,500000,last,linear,5,2.2582960000000001,2026-09-11T16:04:57Z,"g++ 16.2.1 20260810",499999,0946741202
cpp,data/contacts_500k.csv,500000,last,hash,1,0.000892,2026-09-11T16:04:57Z,"g++ 16.2.1 20260810",499999,0946741202
cpp,data/contacts_500k.csv,500000,last,hash,2,4.6999999999999997e-05,2026-09-11T16:04:57Z,"g++ 16.2.1 20260810",499999,0946741202
cpp,data/contacts_500k.csv,500000,last,hash,3,4.8000000000000001e-05,2026-09-11T16:04:57Z,"g++ 16.2.1 20260810",499999,0946741202
cpp,data/contacts_500k.csv,500000,last,hash,4,4.6999999999999997e-05,2026-09-11T16:04:57Z,"g++ 16.2.1 20260810",499999,0946741202
cpp,data/contacts_500k.csv,500000,last,hash,5,5.0000000000000002e-05,2026-09-11T16:04:57Z,"g++ 16.2.1 20260810",499999,0946741202
cpp,data/contacts_500k.csv,500000,last,binary,1,0.0016429999999999999,2026-09-11T16:04:57Z,"g++ 16.2.1 20260810",499999,0946741202
cpp,data/contacts_500k.csv,500000,last,binary,2,0.00029,2026-09-11T16:04:57Z,"g++ 16.2.1 20260810",499999,0946741202
cpp,data/contacts_500k.csv,500000,last,binary,3,0.00020699999999999999,2026-09-11T16:04:57Z,"g++ 16.2.1 20260810",499999,0946741202
cpp,data/contacts_500k.csv,500000,last,binary,4,0.000175,2026-09-11T16:04:57Z,"g++ 16.2.1 20260810",499999,0946741202
cpp,data/contacts_500k.csv,500000,last,binary,5,0.00018000000000000001,2026-09-11T16:04:57Z,"g++ 16.2.1 20260810",499999,0946741202
cpp,data/contacts_500k.csv,500000,miss,linear,1,4.4712560000000003,2026-09-11T16:04:57Z,"g++ 16.2.1 20260810",-1,0000000000
cpp,data/contacts_500k.csv,500000,miss,linear,2,3.2883330000000002,2026-09-11T16:04:57Z,"g++ 16.2.1 20260810",-1,0000000000
cpp,data/contacts_500k.csv,500000,miss,linear,3,2.3397109999999999,2026-09-11T16:04:57Z,"g++ 16.2.1 20260810",-1,0000000000
cpp,data/contacts_500k.csv,500000,miss,linear,4,2.298022,2026-09-11T16:04:57Z,"g++ 16.2.1 20260810",-1,0000000000
cpp,data/contacts_500k.csv,500000,miss,linear,5,2.3348819999999999,2026-09-11T16:04:57Z,"g++ 16.2.1 20260810",-1,0000000000
cpp,data/contacts_500k.csv,500000,miss,hash,1,0.001119,2026-09-11T16:04:57Z,"g++ 16.2.1 20260810",-1,0000000000
cpp,data/contacts_500k.csv,500000,miss,hash,2,7.7999999999999999e-05,2026-09-11T16:04:57Z,"g++ 16.2.1 20260810",-1,0000000000
cpp,data/contacts_500k.csv,500000,miss,hash,3,5.7000000000000003e-05,2026-09-11T16:04:57Z,"g++ 16.2.1 20260810",-1,0000000000
cpp,data/contacts_500k.csv,500000,miss,hash,4,5.5999999999999999e-05,2026-09-11T16:04:57Z,"g++ 16.2.1 20260810",-1,0000000000
cpp,data/contacts_500k.csv,500000,miss,hash,5,5.7000000000000003e-05,2026-09-11T16:04:57Z,"g++ 16.2.1 20260810",-1,0000000000
cpp,data/contacts_500k.csv,500000,miss,binary,1,0.001065,2026-09-11T16:04:57Z,"g++ 16.2.1 20260810",-1,0000000000
cpp,data/contacts_500k.csv,500000,miss,binary,2,0.00018799999999999999,2026-09-11T16:04:57Z,"g++ 16.2.1 20260810",-1,0000000000
cpp,data/contacts_500k.csv,500000,miss,binary,3,0.00014899999999999999,2026-09-11T16:04:57Z,"g++ 16.2.1 20260810",-1,0000000000
cpp,data/contacts_500k.csv,500000,miss,binary,4,0.000155,2026-09-11T16:04:57Z,"g++ 16.2.1 20260810",-1,0000000000
cpp,data/contacts_500k.csv,500000,miss,binary,5,0.000155,2026-09-11T16:04:57Z,"g++ 16.2.1 20260810",-1,0000000000
python,data/contacts_500k.csv,500000,first,linear,1,0.003969002136727795,2026-09-11T16:05:05Z,python3 3.14.7,0,0901867825
python,data/contacts_500k.csv,500000,first,linear,2,0.0032819989428389817,2026-09-11T16:05:05Z,python3 3.14.7,0,0901867825
python,data/contacts_500k.csv,500000,first,linear,3,0.0011509982869029045,2026-09-11T16:05:05Z,python3 3.14.7,0,0901867825
python,data/contacts_500k.csv,500000,first,linear,4,0.00047800131142139435,2026-09-11T16:05:05Z,python3 3.14.7,0,0901867825
python,data/contacts_500k.csv,500000,first,linear,5,0.0005699985194951296,2026-09-11T16:05:05Z,python3 3.14.7,0,0901867825
python,data/contacts_500k.csv,500000,first,hash,1,0.009817998943617567,2026-09-11T16:05:05Z,python3 3.14.7,0,0901867825
python,data/contacts_500k.csv,500000,first,hash,2,0.004141998942941427,2026-09-11T16:05:05Z,python3 3.14.7,0,0901867825
python,data/contacts_500k.csv,500000,first,hash,3,0.0030660012271255255,2026-09-11T16:05:05Z,python3 3.14.7,0,0901867825
python,data/contacts_500k.csv,500000,first,hash,4,0.0026269990485161543,2026-09-11T16:05:05Z,python3 3.14.7,0,0901867825
python,data/contacts_500k.csv,500000,first,hash,5,0.002706998202484101,2026-09-11T16:05:05Z,python3 3.14.7,0,0901867825
python,data/contacts_500k.csv,500000,first,binary,1,0.01944100222317502,2026-09-11T16:05:05Z,python3 3.14.7,0,0901867825
python,data/contacts_500k.csv,500000,first,binary,2,0.007962000381667167,2026-09-11T16:05:05Z,python3 3.14.7,0,0901867825
python,data/contacts_500k.csv,500000,first,binary,3,0.006394002411980182,2026-09-11T16:05:05Z,python3 3.14.7,0,0901867825
python,data/contacts_500k.csv,500000,first,binary,4,0.01126600182033144,2026-09-11T16:05:05Z,python3 3.14.7,0,0901867825
python,data/contacts_500k.csv,500000,first,binary,5,0.005376001354306936,2026-09-11T16:05:05Z,python3 3.14.7,0,0901867825
python,data/contacts_500k.csv,500000,middle,linear,1,15.13982599863084,2026-09-11T16:05:05Z,python3 3.14.7,250000,0839829574
python,data/contacts_500k.csv,500000,middle,linear,2,16.579054998146603,2026-09-11T16:05:05Z,python3 3.14.7,250000,0839829574
python,data/contacts_500k.csv,500000,middle,linear,3,15.136720998270903,2026-09-11T16:05:05Z,python3 3.14.7,250000,0839829574
python,data/contacts_500k.csv,500000,middle,linear,4,16.17851400078507,2026-09-11T16:05:05Z,python3 3.14.7,250000,0839829574
python,data/contacts_500k.csv,500000,middle,linear,5,16.509846002009,2026-09-11T16:05:05Z,python3 3.14.7,250000,0839829574
python,data/contacts_500k.csv,500000,middle,hash,1,0.011612002708716318,2026-09-11T16:05:05Z,python3 3.14.7,250000,0839829574
python,data/contacts_500k.csv,500000,middle,hash,2,0.0022950007405597717,2026-09-11T16:05:05Z,python3 3.14.7,250000,0839829574
python,data/contacts_500k.csv,500000,middle,hash,3,0.001776999852154404,2026-09-11T16:05:05Z,python3 3.14.7,250000,0839829574
python,data/contacts_500k.csv,500000,middle,hash,4,0.001781998435035348,2026-09-11T16:05:05Z,python3 3.14.7,250000,0839829574
python,data/contacts_500k.csv,500000,middle,hash,5,0.0016929989214986563,2026-09-11T16:05:05Z,python3 3.14.7,250000,0839829574
python,data/contacts_500k.csv,500000,middle,binary,1,0.011586998880375177,2026-09-11T16:05:05Z,python3 3.14.7,250000,0839829574
python,data/contacts_500k.csv,500000,middle,binary,2,0.004468998668016866,2026-09-11T16:05:05Z,python3 3.14.7,250000,0839829574
python,data/contacts_500k.csv,500000,middle,binary,3,0.003916000423487276,2026-09-11T16:05:05Z,python3 3.14.7,250000,0839829574
python,data/contacts_500k.csv,500000,middle,binary,4,0.003553999704308808,2026-09-11T16:05:05Z,python3 3.14.7,250000,0839829574
python,data/contacts_500k.csv,500000,middle,binary,5,0.003564000508049503,2026-09-11T16:05:05Z,python3 3.14.7,250000,0839829574
python,data/contacts_500k.csv,500000,random,linear,1,19.735460002266336,2026-09-11T16:05:05Z,python3 3.14.7,335243,0329698148
python,data/contacts_500k.csv,500000,random,linear,2,20.634720000089146,2026-09-11T16:05:05Z,python3 3.14.7,335243,0329698148
python,data/contacts_500k.csv,500000,random,linear,3,22.513781001180178,2026-09-11T16:05:05Z,python3 3.14.7,335243,0329698148
python,data/contacts_500k.csv,500000,random,linear,4,20.139161999395583,2026-09-11T16:05:05Z,python3 3.14.7,335243,0329698148
python,data/contacts_500k.csv,500000,random,linear,5,21.020322001277236,2026-09-11T16:05:05Z,python3 3.14.7,335243,0329698148
python,data/contacts_500k.csv,500000,random,hash,1,0.00949800232774578,2026-09-11T16:05:05Z,python3 3.14.7,335243,0329698148
python,data/contacts_500k.csv,500000,random,hash,2,0.0022550011635757983,2026-09-11T16:05:05Z,python3 3.14.7,335243,0329698148
python,data/contacts_500k.csv,500000,random,hash,3,0.001710002834443003,2026-09-11T16:05:05Z,python3 3.14.7,335243,0329698148
python,data/contacts_500k.csv,500000,random,hash,4,0.0016810008673928678,2026-09-11T16:05:05Z,python3 3.14.7,335243,0329698148
python,data/contacts_500k.csv,500000,random,hash,5,0.0016140002117026597,2026-09-11T16:05:05Z,python3 3.14.7,335243,0329698148
python,data/contacts_500k.csv,500000,random,binary,1,0.012542001059046015,2026-09-11T16:05:05Z,python3 3.14.7,335243,0329698148
python,data/contacts_500k.csv,500000,random,binary,2,0.004249999619787559,2026-09-11T16:05:05Z,python3 3.14.7,335243,0329698148
python,data/contacts_500k.csv,500000,random,binary,3,0.003922003088518977,2026-09-11T16:05:05Z,python3 3.14.7,335243,0329698148
python,data/contacts_500k.csv,500000,random,binary,4,0.0038620019040536135,2026-09-11T16:05:05Z,python3 3.14.7,335243,0329698148
python,data/contacts_500k.csv,500000,random,binary,5,0.004689998604590073,2026-09-11T16:05:05Z,python3 3.14.7,335243,0329698148
python,data/contacts_500k.csv,500000,last,linear,1,31.382781999127474,2026-09-11T16:05:05Z,python3 3.14.7,499999,0946741202
python,data/contacts_500k.csv,500000,last,linear,2,32.272114000079455,2026-09-11T16:05:05Z,python3 3.14.7,499999,0946741202
python,data/contacts_500k.csv,500000,last,linear,3,31.33255300053861,2026-09-11T16:05:05Z,python3 3.14.7,499999,0946741202
python,data/contacts_500k.csv,500000,last,linear,4,32.879155998671195,2026-09-11T16:05:05Z,python3 3.14.7,499999,0946741202
python,data/contacts_500k.csv,500000,last,linear,5,30.539187999238493,2026-09-11T16:05:05Z,python3 3.14.7,499999,0946741202
python,data/contacts_500k.csv,500000,last,hash,1,0.014098000974627212,2026-09-11T16:05:05Z,python3 3.14.7,499999,0946741202
python,data/contacts_500k.csv,500000,last,hash,2,0.0023840002540964633,2026-09-11T16:05:05Z,python3 3.14.7,499999,0946741202
python,data/contacts_500k.csv,500000,last,hash,3,0.0018979990272782743,2026-09-11T16:05:05Z,python3 3.14.7,499999,0946741202
python,data/contacts_500k.csv,500000,last,hash,4,0.0018239989003632218,2026-09-11T16:05:05Z,python3 3.14.7,499999,0946741202
python,data/contacts_500k.csv,500000,last,hash,5,0.0017559978005010635,2026-09-11T16:05:05Z,python3 3.14.7,499999,0946741202
python,data/contacts_500k.csv,500000,last,binary,1,0.01659700137679465,2026-09-11T16:05:05Z,python3 3.14.7,499999,0946741202
python,data/contacts_500k.csv,500000,last,binary,2,0.005073001375421882,2026-09-11T16:05:05Z,python3 3.14.7,499999,0946741202
python,data/contacts_500k.csv,500000,last,binary,3,0.004063000233145431,2026-09-11T16:05:05Z,python3 3.14.7,499999,0946741202
python,data/contacts_500k.csv,500000,last,binary,4,0.0040049999370239675,2026-09-11T16:05:05Z,python3 3.14.7,499999,0946741202
python,data/contacts_500k.csv,500000,last,binary,5,0.004108002030989155,2026-09-11T16:05:05Z,python3 3.14.7,499999,0946741202
python,data/contacts_500k.csv,500000,miss,linear,1,28.38190199690871,2026-09-11T16:05:05Z,python3 3.14.7,-1,0000000000
python,data/contacts_500k.csv,500000,miss,linear,2,31.197744003293337,2026-09-11T16:05:05Z,python3 3.14.7,-1,0000000000
python,data/contacts_500k.csv,500000,miss,linear,3,31.08183100266615,2026-09-11T16:05:05Z,python3 3.14.7,-1,0000000000
python,data/contacts_500k.csv,500000,miss,linear,4,30.284903001302155,2026-09-11T16:05:05Z,python3 3.14.7,-1,0000000000
python,data/contacts_500k.csv,500000,miss,linear,5,31.224695998389507,2026-09-11T16:05:05Z,python3 3.14.7,-1,0000000000
python,data/contacts_500k.csv,500000,miss,hash,1,0.008815997716737911,2026-09-11T16:05:05Z,python3 3.14.7,-1,0000000000
python,data/contacts_500k.csv,500000,miss,hash,2,0.0024029977794270962,2026-09-11T16:05:05Z,python3 3.14.7,-1,0000000000
python,data/contacts_500k.csv,500000,miss,hash,3,0.0016780031728558242,2026-09-11T16:05:05Z,python3 3.14.7,-1,0000000000
python,data/contacts_500k.csv,500000,miss,hash,4,0.0015360019460786134,2026-09-11T16:05:05Z,python3 3.14.7,-1,0000000000
python,data/contacts_500k.csv,500000,miss,hash,5,0.0015189980331342667,2026-09-11T16:05:05Z,python3 3.14.7,-1,0000000000
python,data/contacts_500k.csv,500000,miss,binary,1,0.011471001926111057,2026-09-11T16:05:05Z,python3 3.14.7,-1,0000000000
python,data/contacts_500k.csv,500000,miss,binary,2,0.0024270011635962874,2026-09-11T16:05:05Z,python3 3.14.7,-1,0000000000
python,data/contacts_500k.csv,500000,miss,binary,3,0.002149001375073567,2026-09-11T16:05:05Z,python3 3.14.7,-1,0000000000
python,data/contacts_500k.csv,500000,miss,binary,4,0.0021619998733513057,2026-09-11T16:05:05Z,python3 3.14.7,-1,0000000000
python,data/contacts_500k.csv,500000,miss,binary,5,0.0021230007405392826,2026-09-11T16:05:05Z,python3 3.14.7,-1,0000000000
go,../../data/contacts_500k.csv,500000,first,linear,1,0.000223,2026-09-11T16:05:06Z,go go1.27.1,0,0901867825
go,../../data/contacts_500k.csv,500000,first,linear,2,3.1e-05,2026-09-11T16:05:06Z,go go1.27.1,0,0901867825
go,../../data/contacts_500k.csv,500000,first,linear,3,3.1e-05,2026-09-11T16:05:06Z,go go1.27.1,0,0901867825
go,../../data/contacts_500k.csv,500000,first,linear,4,3e-05,2026-09-11T16:05:06Z,go go1.27.1,0,0901867825
go,../../data/contacts_500k.csv,500000,first,linear,5,3.1e-05,2026-09-11T16:05:06Z,go go1.27.1,0,0901867825
go,../../data/contacts_500k.csv,500000,first,hash,1,0.000649,2026-09-11T16:05:06Z,go go1.27.1,0,0901867825
go,../../data/contacts_500k.csv,500000,first,hash,2,7.6e-05,2026-09-11T16:05:06Z,go go1.27.1,0,0901867825
go,../../data/contacts_500k.csv,500000,first,hash,3,4.7e-05,2026-09-11T16:05:06Z,go go1.27.1,0,0901867825
go,../../data/contacts_500k.csv,500000,first,hash,4,7.3e-05,2026-09-11T16:05:06Z,go go1.27.1,0,0901867825
go,../../data/contacts_500k.csv,500000,first,hash,5,4.8e-05,2026-09-11T16:05:06Z,go go1.27.1,0,0901867825
go,../../data/contacts_500k.csv,500000,first,binary,1,0.003265,2026-09-11T16:05:06Z,go go1.27.1,0,0901867825
go,../../data/contacts_500k.csv,500000,first,binary,2,0.00025,2026-09-11T16:05:06Z,go go1.27.1,0,0901867825
go,../../data/contacts_500k.csv,500000,first,binary,3,0.00021,2026-09-11T16:05:06Z,go go1.27.1,0,0901867825
go,../../data/contacts_500k.csv,500000,first,binary,4,0.000186,2026-09-11T16:05:06Z,go go1.27.1,0,0901867825
go,../../data/contacts_500k.csv,500000,first,binary,5,0.000187,2026-09-11T16:05:06Z,go go1.27.1,0,0901867825
go,../../data/contacts_500k.csv,500000,middle,linear,1,1.018038,2026-09-11T16:05:06Z,go go1.27.1,250000,0839829574
go,../../data/contacts_500k.csv,500000,middle,linear,2,0.98263,2026-09-11T16:05:06Z,go go1.27.1,250000,0839829574
go,../../data/contacts_500k.csv,500000,middle,linear,3,1.183531,2026-09-11T16:05:06Z,go go1.27.1,250000,0839829574
go,../../data/contacts_500k.csv,500000,middle,linear,4,2.044506,2026-09-11T16:05:06Z,go go1.27.1,250000,0839829574
go,../../data/contacts_500k.csv,500000,middle,linear,5,2.677381,2026-09-11T16:05:06Z,go go1.27.1,250000,0839829574
go,../../data/contacts_500k.csv,500000,middle,hash,1,0.001692,2026-09-11T16:05:06Z,go go1.27.1,250000,0839829574
go,../../data/contacts_500k.csv,500000,middle,hash,2,9.6e-05,2026-09-11T16:05:06Z,go go1.27.1,250000,0839829574
go,../../data/contacts_500k.csv,500000,middle,hash,3,9.1e-05,2026-09-11T16:05:06Z,go go1.27.1,250000,0839829574
go,../../data/contacts_500k.csv,500000,middle,hash,4,5.5e-05,2026-09-11T16:05:06Z,go go1.27.1,250000,0839829574
go,../../data/contacts_500k.csv,500000,middle,hash,5,5.7e-05,2026-09-11T16:05:06Z,go go1.27.1,250000,0839829574
go,../../data/contacts_500k.csv,500000,middle,binary,1,0.005079,2026-09-11T16:05:06Z,go go1.27.1,250000,0839829574
go,../../data/contacts_500k.csv,500000,middle,binary,2,0.000345,2026-09-11T16:05:06Z,go go1.27.1,250000,0839829574
go,../../data/contacts_500k.csv,500000,middle,binary,3,0.00019,2026-09-11T16:05:06Z,go go1.27.1,250000,0839829574
go,../../data/contacts_500k.csv,500000,middle,binary,4,0.000208,2026-09-11T16:05:06Z,go go1.27.1,250000,0839829574
go,../../data/contacts_500k.csv,500000,middle,binary,5,0.00019,2026-09-11T16:05:06Z,go go1.27.1,250000,0839829574
go,../../data/contacts_500k.csv,500000,random,linear,1,0.580021,2026-09-11T16:05:06Z,go go1.27.1,72305,0980889624
go,../../data/contacts_500k.csv,500000,random,linear,2,0.500223,2026-09-11T16:05:06Z,go go1.27.1,72305,0980889624
go,../../data/contacts_500k.csv,500000,random,linear,3,0.357146,2026-09-11T16:05:06Z,go go1.27.1,72305,0980889624
go,../../data/contacts_500k.csv,500000,random,linear,4,0.28837,2026-09-11T16:05:06Z,go go1.27.1,72305,0980889624
go,../../data/contacts_500k.csv,500000,random,linear,5,0.233323,2026-09-11T16:05:06Z,go go1.27.1,72305,0980889624
go,../../data/contacts_500k.csv,500000,random,hash,1,0.000902,2026-09-11T16:05:06Z,go go1.27.1,72305,0980889624
go,../../data/contacts_500k.csv,500000,random,hash,2,6.3e-05,2026-09-11T16:05:06Z,go go1.27.1,72305,0980889624
go,../../data/contacts_500k.csv,500000,random,hash,3,6e-05,2026-09-11T16:05:06Z,go go1.27.1,72305,0980889624
go,../../data/contacts_500k.csv,500000,random,hash,4,5.2e-05,2026-09-11T16:05:06Z,go go1.27.1,72305,0980889624
go,../../data/contacts_500k.csv,500000,random,hash,5,4.7e-05,2026-09-11T16:05:06Z,go go1.27.1,72305,0980889624
go,../../data/contacts_500k.csv,500000,random,binary,1,0.004439,2026-09-11T16:05:06Z,go go1.27.1,72305,0980889624
go,../../data/contacts_500k.csv,500000,random,binary,2,0.000284,2026-09-11T16:05:06Z,go go1.27.1,72305,0980889624
go,../../data/contacts_500k.csv,500000,random,binary,3,0.000224,2026-09-11T16:05:06Z,go go1.27.1,72305,0980889624
go,../../data/contacts_500k.csv,500000,random,binary,4,0.000193,2026-09-11T16:05:06Z,go go1.27.1,72305,0980889624
go,../../data/contacts_500k.csv,500000,random,binary,5,0.000205,2026-09-11T16:05:06Z,go go1.27.1,72305,0980889624
go,../../data/contacts_500k.csv,500000,last,linear,1,1.913802,2026-09-11T16:05:06Z,go go1.27.1,499999,0946741202
go,../../data/contacts_500k.csv,500000,last,linear,2,1.910806,2026-09-11T16:05:06Z,go go1.27.1,499999,0946741202
go,../../data/contacts_500k.csv,500000,last,linear,3,1.889453,2026-09-11T16:05:06Z,go go1.27.1,499999,0946741202
go,../../data/contacts_500k.csv,500000,last,linear,4,1.914582,2026-09-11T16:05:06Z,go go1.27.1,499999,0946741202
go,../../data/contacts_500k.csv,500000,last,linear,5,2.117816,2026-09-11T16:05:06Z,go go1.27.1,499999,0946741202
go,../../data/contacts_500k.csv,500000,last,hash,1,0.000622,2026-09-11T16:05:06Z,go go1.27.1,499999,0946741202
go,../../data/contacts_500k.csv,500000,last,hash,2,7.6e-05,2026-09-11T16:05:06Z,go go1.27.1,499999,0946741202
go,../../data/contacts_500k.csv,500000,last,hash,3,4.6e-05,2026-09-11T16:05:06Z,go go1.27.1,499999,0946741202
go,../../data/contacts_500k.csv,500000,last,hash,4,5e-05,2026-09-11T16:05:06Z,go go1.27.1,499999,0946741202
go,../../data/contacts_500k.csv,500000,last,hash,5,4.7e-05,2026-09-11T16:05:06Z,go go1.27.1,499999,0946741202
go,../../data/contacts_500k.csv,500000,last,binary,1,0.003321,2026-09-11T16:05:06Z,go go1.27.1,499999,0946741202
go,../../data/contacts_500k.csv,500000,last,binary,2,0.000287,2026-09-11T16:05:06Z,go go1.27.1,499999,0946741202
go,../../data/contacts_500k.csv,500000,last,binary,3,0.000192,2026-09-11T16:05:06Z,go go1.27.1,499999,0946741202
go,../../data/contacts_500k.csv,500000,last,binary,4,0.000195,2026-09-11T16:05:06Z,go go1.27.1,499999,0946741202
go,../../data/contacts_500k.csv,500000,last,binary,5,0.000218,2026-09-11T16:05:06Z,go go1.27.1,499999,0946741202
go,../../data/contacts_500k.csv,500000,miss,linear,1,4.893234,2026-09-11T16:05:06Z,go go1.27.1,-1,0000000000
go,../../data/contacts_500k.csv,500000,miss,linear,2,2.460208,2026-09-11T16:05:06Z,go go1.27.1,-1,0000000000
go,../../data/contacts_500k.csv,500000,miss,linear,3,2.031187,2026-09-11T16:05:06Z,go go1.27.1,-1,0000000000
go,../../data/contacts_500k.csv,500000,miss,linear,4,1.920846,2026-09-11T16:05:06Z,go go1.27.1,-1,0000000000
go,../../data/contacts_500k.csv,500000,miss,linear,5,1.952512,2026-09-11T16:05:06Z,go go1.27.1,-1,0000000000
go,../../data/contacts_500k.csv,500000,miss,hash,1,0.001499,2026-09-11T16:05:06Z,go go1.27.1,-1,0000000000
go,../../data/contacts_500k.csv,500000,miss,hash,2,7.3e-05,2026-09-11T16:05:06Z,go go1.27.1,-1,0000000000
go,../../data/contacts_500k.csv,500000,miss,hash,3,5.3e-05,2026-09-11T16:05:06Z,go go1.27.1,-1,0000000000
go,../../data/contacts_500k.csv,500000,miss,hash,4,8.1e-05,2026-09-11T16:05:06Z,go go1.27.1,-1,0000000000
go,../../data/contacts_500k.csv,500000,miss,hash,5,5.1e-05,2026-09-11T16:05:06Z,go go1.27.1,-1,0000000000
go,../../data/contacts_500k.csv,500000,miss,binary,1,0.002551,2026-09-11T16:05:06Z,go go1.27.1,-1,0000000000
go,../../data/contacts_500k.csv,500000,miss,binary,2,0.000232,2026-09-11T16:05:06Z,go go1.27.1,-1,0000000000
go,../../data/contacts_500k.csv,500000,miss,binary,3,0.000211,2026-09-11T16:05:06Z,go go1.27.1,-1,0000000000
go,../../data/contacts_500k.csv,500000,miss,binary,4,0.00018,2026-09-11T16:05:06Z,go go1.27.1,-1,0000000000
go,../../data/contacts_500k.csv,500000,miss,binary,5,0.000634,2026-09-11T16:05:06Z,go go1.27.1,-1,0000000000
js,../../data/contacts_500k.csv,500000,first,linear,1,0.03273600000011356,2026-09-11T16:05:09Z,node v26.7.0,0,0901867825
js,../../data/contacts_500k.csv,500000,first,linear,2,0.0011479999998300627,2026-09-11T16:05:09Z,node v26.7.0,0,0901867825
js,../../data/contacts_500k.csv,500000,first,linear,3,0.0005179999998290441,2026-09-11T16:05:09Z,node v26.7.0,0,0901867825
js,../../data/contacts_500k.csv,500000,first,linear,4,0.000503999999637017,2026-09-11T16:05:09Z,node v26.7.0,0,0901867825
js,../../data/contacts_500k.csv,500000,first,linear,5,0.002102000000377302,2026-09-11T16:05:09Z,node v26.7.0,0,0901867825
js,../../data/contacts_500k.csv,500000,first,hash,1,0.06230099999993399,2026-09-11T16:05:09Z,node v26.7.0,0,0901867825
js,../../data/contacts_500k.csv,500000,first,hash,2,0.004155000000082509,2026-09-11T16:05:09Z,node v26.7.0,0,0901867825
js,../../data/contacts_500k.csv,500000,first,hash,3,0.0015290000001186854,2026-09-11T16:05:09Z,node v26.7.0,0,0901867825
js,../../data/contacts_500k.csv,500000,first,hash,4,0.0013380000000324799,2026-09-11T16:05:09Z,node v26.7.0,0,0901867825
js,../../data/contacts_500k.csv,500000,first,hash,5,0.0018169999998463027,2026-09-11T16:05:09Z,node v26.7.0,0,0901867825
js,../../data/contacts_500k.csv,500000,first,binary,1,0.06865500000003522,2026-09-11T16:05:09Z,node v26.7.0,0,0901867825
js,../../data/contacts_500k.csv,500000,first,binary,2,0.005204999999932625,2026-09-11T16:05:09Z,node v26.7.0,0,0901867825
js,../../data/contacts_500k.csv,500000,first,binary,3,0.0033429999998588755,2026-09-11T16:05:09Z,node v26.7.0,0,0901867825
js,../../data/contacts_500k.csv,500000,first,binary,4,0.0030619999997725245,2026-09-11T16:05:09Z,node v26.7.0,0,0901867825
js,../../data/contacts_500k.csv,500000,first,binary,5,0.002962000000025,2026-09-11T16:05:09Z,node v26.7.0,0,0901867825
js,../../data/contacts_500k.csv,500000,middle,linear,1,3.423761999999897,2026-09-11T16:05:09Z,node v26.7.0,250000,0839829574
js,../../data/contacts_500k.csv,500000,middle,linear,2,3.1863280000002305,2026-09-11T16:05:09Z,node v26.7.0,250000,0839829574
js,../../data/contacts_500k.csv,500000,middle,linear,3,3.2381780000000617,2026-09-11T16:05:09Z,node v26.7.0,250000,0839829574
js,../../data/contacts_500k.csv,500000,middle,linear,4,5.307116999999835,2026-09-11T16:05:09Z,node v26.7.0,250000,0839829574
js,../../data/contacts_500k.csv,500000,middle,linear,5,2.9626729999999952,2026-09-11T16:05:09Z,node v26.7.0,250000,0839829574
js,../../data/contacts_500k.csv,500000,middle,hash,1,0.009942000000137341,2026-09-11T16:05:09Z,node v26.7.0,250000,0839829574
js,../../data/contacts_500k.csv,500000,middle,hash,2,0.0013750000002801244,2026-09-11T16:05:09Z,node v26.7.0,250000,0839829574
js,../../data/contacts_500k.csv,500000,middle,hash,3,0.0013199999998505518,2026-09-11T16:05:09Z,node v26.7.0,250000,0839829574
js,../../data/contacts_500k.csv,500000,middle,hash,4,0.004548999999769876,2026-09-11T16:05:09Z,node v26.7.0,250000,0839829574
js,../../data/contacts_500k.csv,500000,middle,hash,5,0.005989000000226952,2026-09-11T16:05:09Z,node v26.7.0,250000,0839829574
js,../../data/contacts_500k.csv,500000,middle,binary,1,0.012705000000096334,2026-09-11T16:05:09Z,node v26.7.0,250000,0839829574
js,../../data/contacts_500k.csv,500000,middle,binary,2,0.0025239999999939755,2026-09-11T16:05:09Z,node v26.7.0,250000,0839829574
js,../../data/contacts_500k.csv,500000,middle,binary,3,0.0022719999997207196,2026-09-11T16:05:09Z,node v26.7.0,250000,0839829574
js,../../data/contacts_500k.csv,500000,middle,binary,4,0.0026890000003731984,2026-09-11T16:05:09Z,node v26.7.0,250000,0839829574
js,../../data/contacts_500k.csv,500000,middle,binary,5,0.0029460000000653963,2026-09-11T16:05:09Z,node v26.7.0,250000,0839829574
js,../../data/contacts_500k.csv,500000,random,linear,1,3.348300999999992,2026-09-11T16:05:09Z,node v26.7.0,300551,0370456035
js,../../data/contacts_500k.csv,500000,random,linear,2,3.183293000000049,2026-09-11T16:05:09Z,node v26.7.0,300551,0370456035
js,../../data/contacts_500k.csv,500000,random,linear,3,6.282817999999679,2026-09-11T16:05:09Z,node v26.7.0,300551,0370456035
js,../../data/contacts_500k.csv,500000,random,linear,4,3.9351809999998295,2026-09-11T16:05:09Z,node v26.7.0,300551,0370456035
js,../../data/contacts_500k.csv,500000,random,linear,5,3.493746000000101,2026-09-11T16:05:09Z,node v26.7.0,300551,0370456035
js,../../data/contacts_500k.csv,500000,random,hash,1,0.00820400000020527,2026-09-11T16:05:09Z,node v26.7.0,300551,0370456035
js,../../data/contacts_500k.csv,500000,random,hash,2,0.0011760000002141169,2026-09-11T16:05:09Z,node v26.7.0,300551,0370456035
js,../../data/contacts_500k.csv,500000,random,hash,3,0.0011359999998603598,2026-09-11T16:05:09Z,node v26.7.0,300551,0370456035
js,../../data/contacts_500k.csv,500000,random,hash,4,0.0011469999999462743,2026-09-11T16:05:09Z,node v26.7.0,300551,0370456035
js,../../data/contacts_500k.csv,500000,random,hash,5,0.0010959999999613501,2026-09-11T16:05:09Z,node v26.7.0,300551,0370456035
js,../../data/contacts_500k.csv,500000,random,binary,1,0.011167999999997846,2026-09-11T16:05:09Z,node v26.7.0,300551,0370456035
js,../../data/contacts_500k.csv,500000,random,binary,2,0.0024160000002666493,2026-09-11T16:05:09Z,node v26.7.0,300551,0370456035
js,../../data/contacts_500k.csv,500000,random,binary,3,0.0022770000000491564,2026-09-11T16:05:09Z,node v26.7.0,300551,0370456035
js,../../data/contacts_500k.csv,500000,random,binary,4,0.0022859999999127467,2026-09-11T16:05:09Z,node v26.7.0,300551,0370456035
js,../../data/contacts_500k.csv,500000,random,binary,5,0.0021619999997710693,2026-09-11T16:05:09Z,node v26.7.0,300551,0370456035
js,../../data/contacts_500k.csv,500000,last,linear,1,7.163516000000072,2026-09-11T16:05:09Z,node v26.7.0,499999,0946741202
js,../../data/contacts_500k.csv,500000,last,linear,2,6.429718000000321,2026-09-11T16:05:09Z,node v26.7.0,499999,0946741202
js,../../data/contacts_500k.csv,500000,last,linear,3,5.847125000000233,2026-09-11T16:05:09Z,node v26.7.0,499999,0946741202
js,../../data/contacts_500k.csv,500000,last,linear,4,8.194977999999992,2026-09-11T16:05:09Z,node v26.7.0,499999,0946741202
js,../../data/contacts_500k.csv,500000,last,linear,5,5.7722459999999955,2026-09-11T16:05:09Z,node v26.7.0,499999,0946741202
js,../../data/contacts_500k.csv,500000,last,hash,1,0.008418999999776133,2026-09-11T16:05:09Z,node v26.7.0,499999,0946741202
js,../../data/contacts_500k.csv,500000,last,hash,2,0.0012380000002849556,2026-09-11T16:05:09Z,node v26.7.0,499999,0946741202
js,../../data/contacts_500k.csv,500000,last,hash,3,0.0011180000001331791,2026-09-11T16:05:09Z,node v26.7.0,499999,0946741202
js,../../data/contacts_500k.csv,500000,last,hash,4,0.0011309999999866704,2026-09-11T16:05:09Z,node v26.7.0,499999,0946741202
js,../../data/contacts_500k.csv,500000,last,hash,5,0.0011190000000169675,2026-09-11T16:05:09Z,node v26.7.0,499999,0946741202
js,../../data/contacts_500k.csv,500000,last,binary,1,0.011406000000079075,2026-09-11T16:05:09Z,node v26.7.0,499999,0946741202
js,../../data/contacts_500k.csv,500000,last,binary,2,0.002389000000221131,2026-09-11T16:05:09Z,node v26.7.0,499999,0946741202
js,../../data/contacts_500k.csv,500000,last,binary,3,0.0023720000003777386,2026-09-11T16:05:09Z,node v26.7.0,499999,0946741202
js,../../data/contacts_500k.csv,500000,last,binary,4,0.002300999999988562,2026-09-11T16:05:09Z,node v26.7.0,499999,0946741202
js,../../data/contacts_500k.csv,500000,last,binary,5,0.0022490000001198496,2026-09-11T16:05:09Z,node v26.7.0,499999,0946741202
js,../../data/contacts_500k.csv,500000,miss,linear,1,8.585219999999936,2026-09-11T16:05:09Z,node v26.7.0,-1,0000000000
js,../../data/contacts_500k.csv,500000,miss,linear,2,5.911633000000165,2026-09-11T16:05:09Z,node v26.7.0,-1,0000000000
js,../../data/contacts_500k.csv,500000,miss,linear,3,5.783072000000175,2026-09-11T16:05:09Z,node v26.7.0,-1,0000000000
js,../../data/contacts_500k.csv,500000,miss,linear,4,8.188184000000092,2026-09-11T16:05:09Z,node v26.7.0,-1,0000000000
js,../../data/contacts_500k.csv,500000,miss,linear,5,5.671522000000095,2026-09-11T16:05:09Z,node v26.7.0,-1,0000000000
js,../../data/contacts_500k.csv,500000,miss,hash,1,0.008703999999852385,2026-09-11T16:05:09Z,node v26.7.0,-1,0000000000
js,../../data/contacts_500k.csv,500000,miss,hash,2,0.0011410000001887965,2026-09-11T16:05:09Z,node v26.7.0,-1,0000000000
js,../../data/contacts_500k.csv,500000,miss,hash,3,0.0010019999999713036,2026-09-11T16:05:09Z,node v26.7.0,-1,0000000000
js,../../data/contacts_500k.csv,500000,miss,hash,4,0.0010240000001431326,2026-09-11T16:05:09Z,node v26.7.0,-1,0000000000
js,../../data/contacts_500k.csv,500000,miss,hash,5,0.0009580000000823929,2026-09-11T16:05:09Z,node v26.7.0,-1,0000000000
js,../../data/contacts_500k.csv,500000,miss,binary,1,0.011284000000159722,2026-09-11T16:05:09Z,node v26.7.0,-1,0000000000
js,../../data/contacts_500k.csv,500000,miss,binary,2,0.0013600000002043089,2026-09-11T16:05:09Z,node v26.7.0,-1,0000000000
js,../../data/contacts_500k.csv,500000,miss,binary,3,0.0013210000001890876,2026-09-11T16:05:09Z,node v26.7.0,-1,0000000000
js,../../data/contacts_500k.csv,500000,miss,binary,4,0.0013210000001890876,2026-09-11T16:05:09Z,node v26.7.0,-1,0000000000
js,../../data/contacts_500k.csv,500000,miss,binary,5,0.0012679999999818392,2026-09-11T16:05:09Z,node v26.7.0,-1,0000000000
java,../../data/contacts_500k.csv,500000,first,linear,1,0.010639,2026-09-11T16:05:12Z,javac 27,0,0901867825
java,../../data/contacts_500k.csv,500000,first,linear,2,0.002762,2026-09-11T16:05:12Z,javac 27,0,0901867825
java,../../data/contacts_500k.csv,500000,first,linear,3,0.001121,2026-09-11T16:05:12Z,javac 27,0,0901867825
java,../../data/contacts_500k.csv,500000,first,linear,4,9.05E-4,2026-09-11T16:05:12Z,javac 27,0,0901867825
java,../../data/contacts_500k.csv,500000,first,linear,5,8.52E-4,2026-09-11T16:05:12Z,javac 27,0,0901867825
java,../../data/contacts_500k.csv,500000,first,hash,1,0.03549,2026-09-11T16:05:12Z,javac 27,0,0901867825
java,../../data/contacts_500k.csv,500000,first,hash,2,0.013677,2026-09-11T16:05:12Z,javac 27,0,0901867825
java,../../data/contacts_500k.csv,500000,first,hash,3,0.009188,2026-09-11T16:05:12Z,javac 27,0,0901867825
java,../../data/contacts_500k.csv,500000,first,hash,4,0.003134,2026-09-11T16:05:12Z,javac 27,0,0901867825
java,../../data/contacts_500k.csv,500000,first,hash,5,6.96E-4,2026-09-11T16:05:12Z,javac 27,0,0901867825
java,../../data/contacts_500k.csv,500000,first,binary,1,0.021442,2026-09-11T16:05:12Z,javac 27,0,0901867825
java,../../data/contacts_500k.csv,500000,first,binary,2,0.004718,2026-09-11T16:05:12Z,javac 27,0,0901867825
java,../../data/contacts_500k.csv,500000,first,binary,3,0.004354,2026-09-11T16:05:12Z,javac 27,0,0901867825
java,../../data/contacts_500k.csv,500000,first,binary,4,0.004007,2026-09-11T16:05:12Z,javac 27,0,0901867825
java,../../data/contacts_500k.csv,500000,first,binary,5,0.004171,2026-09-11T16:05:12Z,javac 27,0,0901867825
java,../../data/contacts_500k.csv,500000,middle,linear,1,27.219523,2026-09-11T16:05:12Z,javac 27,250000,0839829574
java,../../data/contacts_500k.csv,500000,middle,linear,2,14.143086,2026-09-11T16:05:12Z,javac 27,250000,0839829574
java,../../data/contacts_500k.csv,500000,middle,linear,3,7.103966,2026-09-11T16:05:12Z,javac 27,250000,0839829574
java,../../data/contacts_500k.csv,500000,middle,linear,4,9.89892,2026-09-11T16:05:12Z,javac 27,250000,0839829574
java,../../data/contacts_500k.csv,500000,middle,linear,5,7.120831,2026-09-11T16:05:12Z,javac 27,250000,0839829574
java,../../data/contacts_500k.csv,500000,middle,hash,1,0.005882,2026-09-11T16:05:12Z,javac 27,250000,0839829574
java,../../data/contacts_500k.csv,500000,middle,hash,2,0.001759,2026-09-11T16:05:12Z,javac 27,250000,0839829574
java,../../data/contacts_500k.csv,500000,middle,hash,3,0.001592,2026-09-11T16:05:12Z,javac 27,250000,0839829574
java,../../data/contacts_500k.csv,500000,middle,hash,4,0.001675,2026-09-11T16:05:12Z,javac 27,250000,0839829574
java,../../data/contacts_500k.csv,500000,middle,hash,5,0.001276,2026-09-11T16:05:12Z,javac 27,250000,0839829574
java,../../data/contacts_500k.csv,500000,middle,binary,1,0.014464,2026-09-11T16:05:12Z,javac 27,250000,0839829574
java,../../data/contacts_500k.csv,500000,middle,binary,2,0.005217,2026-09-11T16:05:12Z,javac 27,250000,0839829574
java,../../data/contacts_500k.csv,500000,middle,binary,3,0.004612,2026-09-11T16:05:12Z,javac 27,250000,0839829574
java,../../data/contacts_500k.csv,500000,middle,binary,4,0.004246,2026-09-11T16:05:12Z,javac 27,250000,0839829574
java,../../data/contacts_500k.csv,500000,middle,binary,5,0.005731,2026-09-11T16:05:12Z,javac 27,250000,0839829574
java,../../data/contacts_500k.csv,500000,random,linear,1,14.485207,2026-09-11T16:05:12Z,javac 27,431130,0846758799
java,../../data/contacts_500k.csv,500000,random,linear,2,14.296933,2026-09-11T16:05:12Z,javac 27,431130,0846758799
java,../../data/contacts_500k.csv,500000,random,linear,3,15.573007,2026-09-11T16:05:12Z,javac 27,431130,0846758799
java,../../data/contacts_500k.csv,500000,random,linear,4,14.802596,2026-09-11T16:05:12Z,javac 27,431130,0846758799
java,../../data/contacts_500k.csv,500000,random,linear,5,14.181713,2026-09-11T16:05:12Z,javac 27,431130,0846758799
java,../../data/contacts_500k.csv,500000,random,hash,1,0.006506,2026-09-11T16:05:12Z,javac 27,431130,0846758799
java,../../data/contacts_500k.csv,500000,random,hash,2,0.001666,2026-09-11T16:05:12Z,javac 27,431130,0846758799
java,../../data/contacts_500k.csv,500000,random,hash,3,0.001572,2026-09-11T16:05:12Z,javac 27,431130,0846758799
java,../../data/contacts_500k.csv,500000,random,hash,4,0.001164,2026-09-11T16:05:12Z,javac 27,431130,0846758799
java,../../data/contacts_500k.csv,500000,random,hash,5,0.001079,2026-09-11T16:05:12Z,javac 27,431130,0846758799
java,../../data/contacts_500k.csv,500000,random,binary,1,0.017595,2026-09-11T16:05:12Z,javac 27,431130,0846758799
java,../../data/contacts_500k.csv,500000,random,binary,2,0.00621,2026-09-11T16:05:12Z,javac 27,431130,0846758799
java,../../data/contacts_500k.csv,500000,random,binary,3,0.003758,2026-09-11T16:05:12Z,javac 27,431130,0846758799
java,../../data/contacts_500k.csv,500000,random,binary,4,0.004228,2026-09-11T16:05:12Z,javac 27,431130,0846758799
java,../../data/contacts_500k.csv,500000,random,binary,5,0.003851,2026-09-11T16:05:12Z,javac 27,431130,0846758799
java,../../data/contacts_500k.csv,500000,last,linear,1,16.352894,2026-09-11T16:05:12Z,javac 27,499999,0946741202
java,../../data/contacts_500k.csv,500000,last,linear,2,16.673257,2026-09-11T16:05:12Z,javac 27,499999,0946741202
java,../../data/contacts_500k.csv,500000,last,linear,3,16.675812,2026-09-11T16:05:12Z,javac 27,499999,0946741202
java,../../data/contacts_500k.csv,500000,last,linear,4,16.942853,2026-09-11T16:05:12Z,javac 27,499999,0946741202
java,../../data/contacts_500k.csv,500000,last,linear,5,17.831699,2026-09-11T16:05:12Z,javac 27,499999,0946741202
java,../../data/contacts_500k.csv,500000,last,hash,1,0.004374,2026-09-11T16:05:12Z,javac 27,499999,0946741202
java,../../data/contacts_500k.csv,500000,last,hash,2,0.001492,2026-09-11T16:05:12Z,javac 27,499999,0946741202
java,../../data/contacts_500k.csv,500000,last,hash,3,9.01E-4,2026-09-11T16:05:12Z,javac 27,499999,0946741202
java,../../data/contacts_500k.csv,500000,last,hash,4,8.9E-4,2026-09-11T16:05:12Z,javac 27,499999,0946741202
java,../../data/contacts_500k.csv,500000,last,hash,5,8.21E-4,2026-09-11T16:05:12Z,javac 27,499999,0946741202
java,../../data/contacts_500k.csv,500000,last,binary,1,0.012845,2026-09-11T16:05:12Z,javac 27,499999,0946741202
java,../../data/contacts_500k.csv,500000,last,binary,2,0.004754,2026-09-11T16:05:12Z,javac 27,499999,0946741202
java,../../data/contacts_500k.csv,500000,last,binary,3,0.00422,2026-09-11T16:05:12Z,javac 27,499999,0946741202
java,../../data/contacts_500k.csv,500000,last,binary,4,0.003964,2026-09-11T16:05:12Z,javac 27,499999,0946741202
java,../../data/contacts_500k.csv,500000,last,binary,5,0.003916,2026-09-11T16:05:12Z,javac 27,499999,0946741202
java,../../data/contacts_500k.csv,500000,miss,linear,1,17.104888,2026-09-11T16:05:12Z,javac 27,-1,0000000000
java,../../data/contacts_500k.csv,500000,miss,linear,2,18.247129,2026-09-11T16:05:12Z,javac 27,-1,0000000000
java,../../data/contacts_500k.csv,500000,miss,linear,3,22.077535,2026-09-11T16:05:12Z,javac 27,-1,0000000000
java,../../data/contacts_500k.csv,500000,miss,linear,4,17.967407,2026-09-11T16:05:12Z,javac 27,-1,0000000000
java,../../data/contacts_500k.csv,500000,miss,linear,5,17.180845,2026-09-11T16:05:12Z,javac 27,-1,0000000000
java,../../data/contacts_500k.csv,500000,miss,hash,1,0.021277,2026-09-11T16:05:12Z,javac 27,-1,0000000000
java,../../data/contacts_500k.csv,500000,miss,hash,2,0.001632,2026-09-11T16:05:12Z,javac 27,-1,0000000000
java,../../data/contacts_500k.csv,500000,miss,hash,3,0.001272,2026-09-11T16:05:12Z,javac 27,-1,0000000000
java,../../data/contacts_500k.csv,500000,miss,hash,4,0.00141,2026-09-11T16:05:12Z,javac 27,-1,0000000000
java,../../data/contacts_500k.csv,500000,miss,hash,5,0.001203,2026-09-11T16:05:12Z,javac 27,-1,0000000000
java,../../data/contacts_500k.csv,500000,miss,binary,1,0.01608,2026-09-11T16:05:12Z,javac 27,-1,0000000000
java,../../data/contacts_500k.csv,500000,miss,binary,2,0.00505,2026-09-11T16:05:12Z,javac 27,-1,0000000000
java,../../data/contacts_500k.csv,500000,miss,binary,3,0.003607,2026-09-11T16:05:12Z,javac 27,-1,0000000000
java,../../data/contacts_500k.csv,500000,miss,binary,4,0.003503,2026-09-11T16:05:12Z,javac 27,-1,0000000000
java,../../data/contacts_500k.csv,500000,miss,binary,5,0.003711,2026-09-11T16:05:12Z,javac 27,-1,0000000000
cpp,data/contacts_1m.csv,1000000,first,linear,1,0.00022000000000000001,2026-09-11T16:05:13Z,"g++ 16.2.1 20260810",0,0901867825
cpp,data/contacts_1m.csv,1000000,first,linear,2,4.1999999999999998e-05,2026-09-11T16:05:13Z,"g++ 16.2.1 20260810",0,0901867825
cpp,data/contacts_1m.csv,1000000,first,linear,3,2.8e-05,2026-09-11T16:05:13Z,"g++ 16.2.1 20260810",0,0901867825
cpp,data/contacts_1m.csv,1000000,first,linear,4,2.8e-05,2026-09-11T16:05:13Z,"g++ 16.2.1 20260810",0,0901867825
cpp,data/contacts_1m.csv,1000000,first,linear,5,3.0000000000000001e-05,2026-09-11T16:05:13Z,"g++ 16.2.1 20260810",0,0901867825
cpp,data/contacts_1m.csv,1000000,first,hash,1,0.00093099999999999997,2026-09-11T16:05:13Z,"g++ 16.2.1 20260810",0,0901867825
cpp,data/contacts_1m.csv,1000000,first,hash,2,6.3999999999999997e-05,2026-09-11T16:05:13Z,"g++ 16.2.1 20260810",0,0901867825
cpp,data/contacts_1m.csv,1000000,first,hash,3,5.3000000000000001e-05,2026-09-11T16:05:13Z,"g++ 16.2.1 20260810",0,0901867825
cpp,data/contacts_1m.csv,1000000,first,hash,4,5.3999999999999998e-05,2026-09-11T16:05:13Z,"g++ 16.2.1 20260810",0,0901867825
cpp,data/contacts_1m.csv,1000000,first,hash,5,5.3999999999999998e-05,2026-09-11T16:05:13Z,"g++ 16.2.1 20260810",0,0901867825
cpp,data/contacts_1m.csv,1000000,first,binary,1,0.0022690000000000002,2026-09-11T16:05:13Z,"g++ 16.2.1 20260810",0,0901867825
cpp,data/contacts_1m.csv,1000000,first,binary,2,0.000261,2026-09-11T16:05:13Z,"g++ 16.2.1 20260810",0,0901867825
cpp,data/contacts_1m.csv,1000000,first,binary,3,0.00012,2026-09-11T16:05:13Z,"g++ 16.2.1 20260810",0,0901867825
cpp,data/contacts_1m.csv,1000000,first,binary,4,0.00011900000000000001,2026-09-11T16:05:13Z,"g++ 16.2.1 20260810",0,0901867825
cpp,data/contacts_1m.csv,1000000,first,binary,5,0.000121,2026-09-11T16:05:13Z,"g++ 16.2.1 20260810",0,0901867825
cpp,data/contacts_1m.csv,1000000,middle,linear,1,5.7896840000000003,2026-09-11T16:05:13Z,"g++ 16.2.1 20260810",500000,0859045293
cpp,data/contacts_1m.csv,1000000,middle,linear,2,2.5711360000000001,2026-09-11T16:05:13Z,"g++ 16.2.1 20260810",500000,0859045293
cpp,data/contacts_1m.csv,1000000,middle,linear,3,2.4685039999999998,2026-09-11T16:05:13Z,"g++ 16.2.1 20260810",500000,0859045293
cpp,data/contacts_1m.csv,1000000,middle,linear,4,2.4148100000000001,2026-09-11T16:05:13Z,"g++ 16.2.1 20260810",500000,0859045293
cpp,data/contacts_1m.csv,1000000,middle,linear,5,2.6769099999999999,2026-09-11T16:05:13Z,"g++ 16.2.1 20260810",500000,0859045293
cpp,data/contacts_1m.csv,1000000,middle,hash,1,0.001108,2026-09-11T16:05:13Z,"g++ 16.2.1 20260810",500000,0859045293
cpp,data/contacts_1m.csv,1000000,middle,hash,2,4.8999999999999998e-05,2026-09-11T16:05:13Z,"g++ 16.2.1 20260810",500000,0859045293
cpp,data/contacts_1m.csv,1000000,middle,hash,3,4.8999999999999998e-05,2026-09-11T16:05:13Z,"g++ 16.2.1 20260810",500000,0859045293
cpp,data/contacts_1m.csv,1000000,middle,hash,4,5.0000000000000002e-05,2026-09-11T16:05:13Z,"g++ 16.2.1 20260810",500000,0859045293
cpp,data/contacts_1m.csv,1000000,middle,hash,5,4.8999999999999998e-05,2026-09-11T16:05:13Z,"g++ 16.2.1 20260810",500000,0859045293
cpp,data/contacts_1m.csv,1000000,middle,binary,1,0.0031979999999999999,2026-09-11T16:05:13Z,"g++ 16.2.1 20260810",500000,0859045293
cpp,data/contacts_1m.csv,1000000,middle,binary,2,0.00031599999999999998,2026-09-11T16:05:13Z,"g++ 16.2.1 20260810",500000,0859045293
cpp,data/contacts_1m.csv,1000000,middle,binary,3,0.00024899999999999998,2026-09-11T16:05:13Z,"g++ 16.2.1 20260810",500000,0859045293
cpp,data/contacts_1m.csv,1000000,middle,binary,4,0.000185,2026-09-11T16:05:13Z,"g++ 16.2.1 20260810",500000,0859045293
cpp,data/contacts_1m.csv,1000000,middle,binary,5,0.00019000000000000001,2026-09-11T16:05:13Z,"g++ 16.2.1 20260810",500000,0859045293
cpp,data/contacts_1m.csv,1000000,random,linear,1,3.908417,2026-09-11T16:05:13Z,"g++ 16.2.1 20260810",374540,0783125123
cpp,data/contacts_1m.csv,1000000,random,linear,2,3.6001690000000002,2026-09-11T16:05:13Z,"g++ 16.2.1 20260810",374540,0783125123
cpp,data/contacts_1m.csv,1000000,random,linear,3,2.093826,2026-09-11T16:05:13Z,"g++ 16.2.1 20260810",374540,0783125123
cpp,data/contacts_1m.csv,1000000,random,linear,4,2.4155660000000001,2026-09-11T16:05:13Z,"g++ 16.2.1 20260810",374540,0783125123
cpp,data/contacts_1m.csv,1000000,random,linear,5,3.038068,2026-09-11T16:05:13Z,"g++ 16.2.1 20260810",374540,0783125123
cpp,data/contacts_1m.csv,1000000,random,hash,1,0.0010870000000000001,2026-09-11T16:05:13Z,"g++ 16.2.1 20260810",374540,0783125123
cpp,data/contacts_1m.csv,1000000,random,hash,2,5.5999999999999999e-05,2026-09-11T16:05:13Z,"g++ 16.2.1 20260810",374540,0783125123
cpp,data/contacts_1m.csv,1000000,random,hash,3,5.5999999999999999e-05,2026-09-11T16:05:13Z,"g++ 16.2.1 20260810",374540,0783125123
cpp,data/contacts_1m.csv,1000000,random,hash,4,5.3999999999999998e-05,2026-09-11T16:05:13Z,"g++ 16.2.1 20260810",374540,0783125123
cpp,data/contacts_1m.csv,1000000,random,hash,5,5.3999999999999998e-05,2026-09-11T16:05:13Z,"g++ 16.2.1 20260810",374540,0783125123
cpp,data/contacts_1m.csv,1000000,random,binary,1,0.0027169999999999998,2026-09-11T16:05:13Z,"g++ 16.2.1 20260810",374540,0783125123
cpp,data/contacts_1m.csv,1000000,random,binary,2,0.00036999999999999999,2026-09-11T16:05:13Z,"g++ 16.2.1 20260810",374540,0783125123
cpp,data/contacts_1m.csv,1000000,random,binary,3,0.00025999999999999998,2026-09-11T16:05:13Z,"g++ 16.2.1 20260810",374540,0783125123
cpp,data/contacts_1m.csv,1000000,random,binary,4,0.00024399999999999999,2026-09-11T16:05:13Z,"g++ 16.2.1 20260810",374540,0783125123
cpp,data/contacts_1m.csv,1000000,random,binary,5,0.00022699999999999999,2026-09-11T16:05:13Z,"g++ 16.2.1 20260810",374540,0783125123
cpp,data/contacts_1m.csv,1000000,last,linear,1,9.8234169999999992,2026-09-11T16:05:13Z,"g++ 16.2.1 20260810",999999,0360616554
cpp,data/contacts_1m.csv,1000000,last,linear,2,5.3336430000000004,2026-09-11T16:05:13Z,"g++ 16.2.1 20260810",999999,0360616554
cpp,data/contacts_1m.csv,1000000,last,linear,3,8.5436359999999993,2026-09-11T16:05:13Z,"g++ 16.2.1 20260810",999999,0360616554
cpp,data/contacts_1m.csv,1000000,last,linear,4,5.3013300000000001,2026-09-11T16:05:13Z,"g++ 16.2.1 20260810",999999,0360616554
cpp,data/contacts_1m.csv,1000000,last,linear,5,4.7972320000000002,2026-09-11T16:05:13Z,"g++ 16.2.1 20260810",999999,0360616554
cpp,data/contacts_1m.csv,1000000,last,hash,1,0.00070699999999999995,2026-09-11T16:05:13Z,"g++ 16.2.1 20260810",999999,0360616554
cpp,data/contacts_1m.csv,1000000,last,hash,2,5.1999999999999997e-05,2026-09-11T16:05:13Z,"g++ 16.2.1 20260810",999999,0360616554
cpp,data/contacts_1m.csv,1000000,last,hash,3,6.0000000000000002e-05,2026-09-11T16:05:13Z,"g++ 16.2.1 20260810",999999,0360616554
cpp,data/contacts_1m.csv,1000000,last,hash,4,4.8999999999999998e-05,2026-09-11T16:05:13Z,"g++ 16.2.1 20260810",999999,0360616554
cpp,data/contacts_1m.csv,1000000,last,hash,5,4.8999999999999998e-05,2026-09-11T16:05:13Z,"g++ 16.2.1 20260810",999999,0360616554
cpp,data/contacts_1m.csv,1000000,last,binary,1,0.0020019999999999999,2026-09-11T16:05:13Z,"g++ 16.2.1 20260810",999999,0360616554
cpp,data/contacts_1m.csv,1000000,last,binary,2,0.00027799999999999998,2026-09-11T16:05:13Z,"g++ 16.2.1 20260810",999999,0360616554
cpp,data/contacts_1m.csv,1000000,last,binary,3,0.00025300000000000002,2026-09-11T16:05:13Z,"g++ 16.2.1 20260810",999999,0360616554
cpp,data/contacts_1m.csv,1000000,last,binary,4,0.00016899999999999999,2026-09-11T16:05:13Z,"g++ 16.2.1 20260810",999999,0360616554
cpp,data/contacts_1m.csv,1000000,last,binary,5,0.00016899999999999999,2026-09-11T16:05:13Z,"g++ 16.2.1 20260810",999999,0360616554
cpp,data/contacts_1m.csv,1000000,miss,linear,1,8.7674950000000003,2026-09-11T16:05:13Z,"g++ 16.2.1 20260810",-1,0000000000
cpp,data/contacts_1m.csv,1000000,miss,linear,2,4.7477819999999999,2026-09-11T16:05:13Z,"g++ 16.2.1 20260810",-1,0000000000
cpp,data/contacts_1m.csv,1000000,miss,linear,3,5.1178819999999998,2026-09-11T16:05:13Z,"g++ 16.2.1 20260810",-1,0000000000
cpp,data/contacts_1m.csv,1000000,miss,linear,4,8.5699760000000005,2026-09-11T16:05:13Z,"g++ 16.2.1 20260810",-1,0000000000
cpp,data/contacts_1m.csv,1000000,miss,linear,5,5.503253,2026-09-11T16:05:13Z,"g++ 16.2.1 20260810",-1,0000000000
cpp,data/contacts_1m.csv,1000000,miss,hash,1,0.00062,2026-09-11T16:05:13Z,"g++ 16.2.1 20260810",-1,0000000000
cpp,data/contacts_1m.csv,1000000,miss,hash,2,4.1999999999999998e-05,2026-09-11T16:05:13Z,"g++ 16.2.1 20260810",-1,0000000000
cpp,data/contacts_1m.csv,1000000,miss,hash,3,4.1e-05,2026-09-11T16:05:13Z,"g++ 16.2.1 20260810",-1,0000000000
cpp,data/contacts_1m.csv,1000000,miss,hash,4,4.1e-05,2026-09-11T16:05:13Z,"g++ 16.2.1 20260810",-1,0000000000
cpp,data/contacts_1m.csv,1000000,miss,hash,5,4.1e-05,2026-09-11T16:05:13Z,"g++ 16.2.1 20260810",-1,0000000000
cpp,data/contacts_1m.csv,1000000,miss,binary,1,0.0017160000000000001,2026-09-11T16:05:13Z,"g++ 16.2.1 20260810",-1,0000000000
cpp,data/contacts_1m.csv,1000000,miss,binary,2,0.000214,2026-09-11T16:05:13Z,"g++ 16.2.1 20260810",-1,0000000000
cpp,data/contacts_1m.csv,1000000,miss,binary,3,0.000163,2026-09-11T16:05:13Z,"g++ 16.2.1 20260810",-1,0000000000
cpp,data/contacts_1m.csv,1000000,miss,binary,4,0.000164,2026-09-11T16:05:13Z,"g++ 16.2.1 20260810",-1,0000000000
cpp,data/contacts_1m.csv,1000000,miss,binary,5,0.00015699999999999999,2026-09-11T16:05:13Z,"g++ 16.2.1 20260810",-1,0000000000
python,data/contacts_1m.csv,1000000,first,linear,1,0.008253002306446433,2026-09-11T16:05:31Z,python3 3.14.7,0,0901867825
python,data/contacts_1m.csv,1000000,first,linear,2,0.0033270007406827062,2026-09-11T16:05:31Z,python3 3.14.7,0,0901867825
python,data/contacts_1m.csv,1000000,first,linear,3,0.0011360025382600725,2026-09-11T16:05:31Z,python3 3.14.7,0,0901867825
python,data/contacts_1m.csv,1000000,first,linear,4,0.0005450019671116024,2026-09-11T16:05:31Z,python3 3.14.7,0,0901867825
python,data/contacts_1m.csv,1000000,first,linear,5,0.0005149995558895171,2026-09-11T16:05:31Z,python3 3.14.7,0,0901867825
python,data/contacts_1m.csv,1000000,first,hash,1,0.010855001164600253,2026-09-11T16:05:31Z,python3 3.14.7,0,0901867825
python,data/contacts_1m.csv,1000000,first,hash,2,0.004464000085135922,2026-09-11T16:05:31Z,python3 3.14.7,0,0901867825
python,data/contacts_1m.csv,1000000,first,hash,3,0.003197998012183234,2026-09-11T16:05:31Z,python3 3.14.7,0,0901867825
python,data/contacts_1m.csv,1000000,first,hash,4,0.0027749993023462594,2026-09-11T16:05:31Z,python3 3.14.7,0,0901867825
python,data/contacts_1m.csv,1000000,first,hash,5,0.002848999429261312,2026-09-11T16:05:31Z,python3 3.14.7,0,0901867825
python,data/contacts_1m.csv,1000000,first,binary,1,0.01268800042453222,2026-09-11T16:05:31Z,python3 3.14.7,0,0901867825
python,data/contacts_1m.csv,1000000,first,binary,2,0.006376998499035835,2026-09-11T16:05:31Z,python3 3.14.7,0,0901867825
python,data/contacts_1m.csv,1000000,first,binary,3,0.005678000889020041,2026-09-11T16:05:31Z,python3 3.14.7,0,0901867825
python,data/contacts_1m.csv,1000000,first,binary,4,0.004774999979417771,2026-09-11T16:05:31Z,python3 3.14.7,0,0901867825
python,data/contacts_1m.csv,1000000,first,binary,5,0.004874000296695158,2026-09-11T16:05:31Z,python3 3.14.7,0,0901867825
python,data/contacts_1m.csv,1000000,middle,linear,1,32.95525599969551,2026-09-11T16:05:31Z,python3 3.14.7,500000,0859045293
python,data/contacts_1m.csv,1000000,middle,linear,2,32.62688099857769,2026-09-11T16:05:31Z,python3 3.14.7,500000,0859045293
python,data/contacts_1m.csv,1000000,middle,linear,3,33.1924189995334,2026-09-11T16:05:31Z,python3 3.14.7,500000,0859045293
python,data/contacts_1m.csv,1000000,middle,linear,4,31.864255000982666,2026-09-11T16:05:31Z,python3 3.14.7,500000,0859045293
python,data/contacts_1m.csv,1000000,middle,linear,5,33.305548000498675,2026-09-11T16:05:31Z,python3 3.14.7,500000,0859045293
python,data/contacts_1m.csv,1000000,middle,hash,1,0.013085002137813717,2026-09-11T16:05:31Z,python3 3.14.7,500000,0859045293
python,data/contacts_1m.csv,1000000,middle,hash,2,0.0027569985832087696,2026-09-11T16:05:31Z,python3 3.14.7,500000,0859045293
python,data/contacts_1m.csv,1000000,middle,hash,3,0.001967000571312383,2026-09-11T16:05:31Z,python3 3.14.7,500000,0859045293
python,data/contacts_1m.csv,1000000,middle,hash,4,0.0017639977158978581,2026-09-11T16:05:31Z,python3 3.14.7,500000,0859045293
python,data/contacts_1m.csv,1000000,middle,hash,5,0.0018590035324450582,2026-09-11T16:05:31Z,python3 3.14.7,500000,0859045293
python,data/contacts_1m.csv,1000000,middle,binary,1,0.016256002709269524,2026-09-11T16:05:31Z,python3 3.14.7,500000,0859045293
python,data/contacts_1m.csv,1000000,middle,binary,2,0.004892001015832648,2026-09-11T16:05:31Z,python3 3.14.7,500000,0859045293
python,data/contacts_1m.csv,1000000,middle,binary,3,0.004653997166315094,2026-09-11T16:05:31Z,python3 3.14.7,500000,0859045293
python,data/contacts_1m.csv,1000000,middle,binary,4,0.004563000402413309,2026-09-11T16:05:31Z,python3 3.14.7,500000,0859045293
python,data/contacts_1m.csv,1000000,middle,binary,5,0.004628000169759616,2026-09-11T16:05:31Z,python3 3.14.7,500000,0859045293
python,data/contacts_1m.csv,1000000,random,linear,1,41.00705200107768,2026-09-11T16:05:31Z,python3 3.14.7,670487,0930720060
python,data/contacts_1m.csv,1000000,random,linear,2,45.56880699965404,2026-09-11T16:05:31Z,python3 3.14.7,670487,0930720060
python,data/contacts_1m.csv,1000000,random,linear,3,44.40966299807769,2026-09-11T16:05:31Z,python3 3.14.7,670487,0930720060
python,data/contacts_1m.csv,1000000,random,linear,4,43.00390600110404,2026-09-11T16:05:31Z,python3 3.14.7,670487,0930720060
python,data/contacts_1m.csv,1000000,random,linear,5,44.90574000010383,2026-09-11T16:05:31Z,python3 3.14.7,670487,0930720060
python,data/contacts_1m.csv,1000000,random,hash,1,0.010255000233883038,2026-09-11T16:05:31Z,python3 3.14.7,670487,0930720060
python,data/contacts_1m.csv,1000000,random,hash,2,0.002687000232981518,2026-09-11T16:05:31Z,python3 3.14.7,670487,0930720060
python,data/contacts_1m.csv,1000000,random,hash,3,0.0017859965737443417,2026-09-11T16:05:31Z,python3 3.14.7,670487,0930720060
python,data/contacts_1m.csv,1000000,random,hash,4,0.0017120000848080963,2026-09-11T16:05:31Z,python3 3.14.7,670487,0930720060
python,data/contacts_1m.csv,1000000,random,hash,5,0.0017279999156016856,2026-09-11T16:05:31Z,python3 3.14.7,670487,0930720060
python,data/contacts_1m.csv,1000000,random,binary,1,0.012222000805195421,2026-09-11T16:05:31Z,python3 3.14.7,670487,0930720060
python,data/contacts_1m.csv,1000000,random,binary,2,0.004574001650325954,2026-09-11T16:05:31Z,python3 3.14.7,670487,0930720060
python,data/contacts_1m.csv,1000000,random,binary,3,0.004043999069835991,2026-09-11T16:05:31Z,python3 3.14.7,670487,0930720060
python,data/contacts_1m.csv,1000000,random,binary,4,0.004182002157904208,2026-09-11T16:05:31Z,python3 3.14.7,670487,0930720060
python,data/contacts_1m.csv,1000000,random,binary,5,0.004051998985232785,2026-09-11T16:05:31Z,python3 3.14.7,670487,0930720060
python,data/contacts_1m.csv,1000000,last,linear,1,65.47508999938145,2026-09-11T16:05:31Z,python3 3.14.7,999999,0360616554
python,data/contacts_1m.csv,1000000,last,linear,2,65.80484100049944,2026-09-11T16:05:31Z,python3 3.14.7,999999,0360616554
python,data/contacts_1m.csv,1000000,last,linear,3,65.20368299970869,2026-09-11T16:05:31Z,python3 3.14.7,999999,0360616554
python,data/contacts_1m.csv,1000000,last,linear,4,64.66047399953823,2026-09-11T16:05:31Z,python3 3.14.7,999999,0360616554
python,data/contacts_1m.csv,1000000,last,linear,5,68.72527800078387,2026-09-11T16:05:31Z,python3 3.14.7,999999,0360616554
python,data/contacts_1m.csv,1000000,last,hash,1,0.01692300065769814,2026-09-11T16:05:31Z,python3 3.14.7,999999,0360616554
python,data/contacts_1m.csv,1000000,last,hash,2,0.0025949993869289756,2026-09-11T16:05:31Z,python3 3.14.7,999999,0360616554
python,data/contacts_1m.csv,1000000,last,hash,3,0.001996002538362518,2026-09-11T16:05:31Z,python3 3.14.7,999999,0360616554
python,data/contacts_1m.csv,1000000,last,hash,4,0.0019330000213813037,2026-09-11T16:05:31Z,python3 3.14.7,999999,0360616554
python,data/contacts_1m.csv,1000000,last,hash,5,0.0019100007193628699,2026-09-11T16:05:31Z,python3 3.14.7,999999,0360616554
python,data/contacts_1m.csv,1000000,last,binary,1,0.016586000128882006,2026-09-11T16:05:31Z,python3 3.14.7,999999,0360616554
python,data/contacts_1m.csv,1000000,last,binary,2,0.0047819994506426156,2026-09-11T16:05:31Z,python3 3.14.7,999999,0360616554
python,data/contacts_1m.csv,1000000,last,binary,3,0.004377001459943131,2026-09-11T16:05:31Z,python3 3.14.7,999999,0360616554
python,data/contacts_1m.csv,1000000,last,binary,4,0.004339999577496201,2026-09-11T16:05:31Z,python3 3.14.7,999999,0360616554
python,data/contacts_1m.csv,1000000,last,binary,5,0.004301000444684178,2026-09-11T16:05:31Z,python3 3.14.7,999999,0360616554
python,data/contacts_1m.csv,1000000,miss,linear,1,66.8047649996879,2026-09-11T16:05:31Z,python3 3.14.7,-1,0000000000
python,data/contacts_1m.csv,1000000,miss,linear,2,65.68313099705847,2026-09-11T16:05:31Z,python3 3.14.7,-1,0000000000
python,data/contacts_1m.csv,1000000,miss,linear,3,65.33121900065453,2026-09-11T16:05:31Z,python3 3.14.7,-1,0000000000
python,data/contacts_1m.csv,1000000,miss,linear,4,64.99853300192626,2026-09-11T16:05:31Z,python3 3.14.7,-1,0000000000
python,data/contacts_1m.csv,1000000,miss,linear,5,62.152746999345254,2026-09-11T16:05:31Z,python3 3.14.7,-1,0000000000
python,data/contacts_1m.csv,1000000,miss,hash,1,0.009145001968136057,2026-09-11T16:05:31Z,python3 3.14.7,-1,0000000000
python,data/contacts_1m.csv,1000000,miss,hash,2,0.002292999852215871,2026-09-11T16:05:31Z,python3 3.14.7,-1,0000000000
python,data/contacts_1m.csv,1000000,miss,hash,3,0.001491000148234889,2026-09-11T16:05:31Z,python3 3.14.7,-1,0000000000
python,data/contacts_1m.csv,1000000,miss,hash,4,0.0014650031516794115,2026-09-11T16:05:31Z,python3 3.14.7,-1,0000000000
python,data/contacts_1m.csv,1000000,miss,hash,5,0.0014709985407534987,2026-09-11T16:05:31Z,python3 3.14.7,-1,0000000000
python,data/contacts_1m.csv,1000000,miss,binary,1,0.012009997590212151,2026-09-11T16:05:31Z,python3 3.14.7,-1,0000000000
python,data/contacts_1m.csv,1000000,miss,binary,2,0.002688000677153468,2026-09-11T16:05:31Z,python3 3.14.7,-1,0000000000
python,data/contacts_1m.csv,1000000,miss,binary,3,0.0022899985197000206,2026-09-11T16:05:31Z,python3 3.14.7,-1,0000000000
python,data/contacts_1m.csv,1000000,miss,binary,4,0.002173997927457094,2026-09-11T16:05:31Z,python3 3.14.7,-1,0000000000
python,data/contacts_1m.csv,1000000,miss,binary,5,0.002205997589044273,2026-09-11T16:05:31Z,python3 3.14.7,-1,0000000000
go,../../data/contacts_1m.csv,1000000,first,linear,1,0.000124,2026-09-11T16:05:35Z,go go1.27.1,0,0901867825
go,../../data/contacts_1m.csv,1000000,first,linear,2,5e-05,2026-09-11T16:05:35Z,go go1.27.1,0,0901867825
go,../../data/contacts_1m.csv,1000000,first,linear,3,5.2e-05,2026-09-11T16:05:35Z,go go1.27.1,0,0901867825
go,../../data/contacts_1m.csv,1000000,first,linear,4,2.9e-05,2026-09-11T16:05:35Z,go go1.27.1,0,0901867825
go,../../data/contacts_1m.csv,1000000,first,linear,5,2.6e-05,2026-09-11T16:05:35Z,go go1.27.1,0,0901867825
go,../../data/contacts_1m.csv,1000000,first,hash,1,0.000918,2026-09-11T16:05:35Z,go go1.27.1,0,0901867825
go,../../data/contacts_1m.csv,1000000,first,hash,2,8.2e-05,2026-09-11T16:05:35Z,go go1.27.1,0,0901867825
go,../../data/contacts_1m.csv,1000000,first,hash,3,4.9e-05,2026-09-11T16:05:35Z,go go1.27.1,0,0901867825
go,../../data/contacts_1m.csv,1000000,first,hash,4,4.8e-05,2026-09-11T16:05:35Z,go go1.27.1,0,0901867825
go,../../data/contacts_1m.csv,1000000,first,hash,5,4.7e-05,2026-09-11T16:05:35Z,go go1.27.1,0,0901867825
go,../../data/contacts_1m.csv,1000000,first,binary,1,0.002177,2026-09-11T16:05:35Z,go go1.27.1,0,0901867825
go,../../data/contacts_1m.csv,1000000,first,binary,2,0.00022,2026-09-11T16:05:35Z,go go1.27.1,0,0901867825
go,../../data/contacts_1m.csv,1000000,first,binary,3,0.000123,2026-09-11T16:05:35Z,go go1.27.1,0,0901867825
go,../../data/contacts_1m.csv,1000000,first,binary,4,0.000121,2026-09-11T16:05:35Z,go go1.27.1,0,0901867825
go,../../data/contacts_1m.csv,1000000,first,binary,5,0.000119,2026-09-11T16:05:35Z,go go1.27.1,0,0901867825
go,../../data/contacts_1m.csv,1000000,middle,linear,1,1.949481,2026-09-11T16:05:35Z,go go1.27.1,500000,0859045293
go,../../data/contacts_1m.csv,1000000,middle,linear,2,2.02418,2026-09-11T16:05:35Z,go go1.27.1,500000,0859045293
go,../../data/contacts_1m.csv,1000000,middle,linear,3,1.908776,2026-09-11T16:05:35Z,go go1.27.1,500000,0859045293
go,../../data/contacts_1m.csv,1000000,middle,linear,4,4.258599,2026-09-11T16:05:35Z,go go1.27.1,500000,0859045293
go,../../data/contacts_1m.csv,1000000,middle,linear,5,2.643451,2026-09-11T16:05:35Z,go go1.27.1,500000,0859045293
go,../../data/contacts_1m.csv,1000000,middle,hash,1,0.000643,2026-09-11T16:05:35Z,go go1.27.1,500000,0859045293
go,../../data/contacts_1m.csv,1000000,middle,hash,2,4.9e-05,2026-09-11T16:05:35Z,go go1.27.1,500000,0859045293
go,../../data/contacts_1m.csv,1000000,middle,hash,3,7.8e-05,2026-09-11T16:05:35Z,go go1.27.1,500000,0859045293
go,../../data/contacts_1m.csv,1000000,middle,hash,4,4.9e-05,2026-09-11T16:05:35Z,go go1.27.1,500000,0859045293
go,../../data/contacts_1m.csv,1000000,middle,hash,5,5e-05,2026-09-11T16:05:35Z,go go1.27.1,500000,0859045293
go,../../data/contacts_1m.csv,1000000,middle,binary,1,0.004782,2026-09-11T16:05:35Z,go go1.27.1,500000,0859045293
go,../../data/contacts_1m.csv,1000000,middle,binary,2,0.00035,2026-09-11T16:05:35Z,go go1.27.1,500000,0859045293
go,../../data/contacts_1m.csv,1000000,middle,binary,3,0.000237,2026-09-11T16:05:35Z,go go1.27.1,500000,0859045293
go,../../data/contacts_1m.csv,1000000,middle,binary,4,0.000222,2026-09-11T16:05:35Z,go go1.27.1,500000,0859045293
go,../../data/contacts_1m.csv,1000000,middle,binary,5,0.000224,2026-09-11T16:05:35Z,go go1.27.1,500000,0859045293
go,../../data/contacts_1m.csv,1000000,random,linear,1,0.289696,2026-09-11T16:05:35Z,go go1.27.1,72305,0980889624
go,../../data/contacts_1m.csv,1000000,random,linear,2,0.28694,2026-09-11T16:05:35Z,go go1.27.1,72305,0980889624
go,../../data/contacts_1m.csv,1000000,random,linear,3,0.207837,2026-09-11T16:05:35Z,go go1.27.1,72305,0980889624
go,../../data/contacts_1m.csv,1000000,random,linear,4,0.203385,2026-09-11T16:05:35Z,go go1.27.1,72305,0980889624
go,../../data/contacts_1m.csv,1000000,random,linear,5,0.202449,2026-09-11T16:05:35Z,go go1.27.1,72305,0980889624
go,../../data/contacts_1m.csv,1000000,random,hash,1,0.000623,2026-09-11T16:05:35Z,go go1.27.1,72305,0980889624
go,../../data/contacts_1m.csv,1000000,random,hash,2,4.8e-05,2026-09-11T16:05:35Z,go go1.27.1,72305,0980889624
go,../../data/contacts_1m.csv,1000000,random,hash,3,4.6e-05,2026-09-11T16:05:35Z,go go1.27.1,72305,0980889624
go,../../data/contacts_1m.csv,1000000,random,hash,4,7.3e-05,2026-09-11T16:05:35Z,go go1.27.1,72305,0980889624
go,../../data/contacts_1m.csv,1000000,random,hash,5,4.6e-05,2026-09-11T16:05:35Z,go go1.27.1,72305,0980889624
go,../../data/contacts_1m.csv,1000000,random,binary,1,0.004019,2026-09-11T16:05:35Z,go go1.27.1,72305,0980889624
go,../../data/contacts_1m.csv,1000000,random,binary,2,0.000326,2026-09-11T16:05:35Z,go go1.27.1,72305,0980889624
go,../../data/contacts_1m.csv,1000000,random,binary,3,0.000197,2026-09-11T16:05:35Z,go go1.27.1,72305,0980889624
go,../../data/contacts_1m.csv,1000000,random,binary,4,0.00019,2026-09-11T16:05:35Z,go go1.27.1,72305,0980889624
go,../../data/contacts_1m.csv,1000000,random,binary,5,0.000201,2026-09-11T16:05:35Z,go go1.27.1,72305,0980889624
go,../../data/contacts_1m.csv,1000000,last,linear,1,3.992721,2026-09-11T16:05:35Z,go go1.27.1,999999,0360616554
go,../../data/contacts_1m.csv,1000000,last,linear,2,4.141631,2026-09-11T16:05:35Z,go go1.27.1,999999,0360616554
go,../../data/contacts_1m.csv,1000000,last,linear,3,7.11048,2026-09-11T16:05:35Z,go go1.27.1,999999,0360616554
go,../../data/contacts_1m.csv,1000000,last,linear,4,4.472063,2026-09-11T16:05:35Z,go go1.27.1,999999,0360616554
go,../../data/contacts_1m.csv,1000000,last,linear,5,4.136544,2026-09-11T16:05:35Z,go go1.27.1,999999,0360616554
go,../../data/contacts_1m.csv,1000000,last,hash,1,0.000759,2026-09-11T16:05:35Z,go go1.27.1,999999,0360616554
go,../../data/contacts_1m.csv,1000000,last,hash,2,6.8e-05,2026-09-11T16:05:35Z,go go1.27.1,999999,0360616554
go,../../data/contacts_1m.csv,1000000,last,hash,3,6.2e-05,2026-09-11T16:05:35Z,go go1.27.1,999999,0360616554
go,../../data/contacts_1m.csv,1000000,last,hash,4,4.6e-05,2026-09-11T16:05:35Z,go go1.27.1,999999,0360616554
go,../../data/contacts_1m.csv,1000000,last,hash,5,4.6e-05,2026-09-11T16:05:35Z,go go1.27.1,999999,0360616554
go,../../data/contacts_1m.csv,1000000,last,binary,1,0.004243,2026-09-11T16:05:35Z,go go1.27.1,999999,0360616554
go,../../data/contacts_1m.csv,1000000,last,binary,2,0.000291,2026-09-11T16:05:35Z,go go1.27.1,999999,0360616554
go,../../data/contacts_1m.csv,1000000,last,binary,3,0.000214,2026-09-11T16:05:35Z,go go1.27.1,999999,0360616554
go,../../data/contacts_1m.csv,1000000,last,binary,4,0.000181,2026-09-11T16:05:35Z,go go1.27.1,999999,0360616554
go,../../data/contacts_1m.csv,1000000,last,binary,5,0.000183,2026-09-11T16:05:35Z,go go1.27.1,999999,0360616554
go,../../data/contacts_1m.csv,1000000,miss,linear,1,7.276037,2026-09-11T16:05:35Z,go go1.27.1,-1,0000000000
go,../../data/contacts_1m.csv,1000000,miss,linear,2,4.620397,2026-09-11T16:05:35Z,go go1.27.1,-1,0000000000
go,../../data/contacts_1m.csv,1000000,miss,linear,3,3.772413,2026-09-11T16:05:35Z,go go1.27.1,-1,0000000000
go,../../data/contacts_1m.csv,1000000,miss,linear,4,7.494315,2026-09-11T16:05:35Z,go go1.27.1,-1,0000000000
go,../../data/contacts_1m.csv,1000000,miss,linear,5,4.919792,2026-09-11T16:05:35Z,go go1.27.1,-1,0000000000
go,../../data/contacts_1m.csv,1000000,miss,hash,1,0.00055,2026-09-11T16:05:35Z,go go1.27.1,-1,0000000000
go,../../data/contacts_1m.csv,1000000,miss,hash,2,4.2e-05,2026-09-11T16:05:35Z,go go1.27.1,-1,0000000000
go,../../data/contacts_1m.csv,1000000,miss,hash,3,4.3e-05,2026-09-11T16:05:35Z,go go1.27.1,-1,0000000000
go,../../data/contacts_1m.csv,1000000,miss,hash,4,4.3e-05,2026-09-11T16:05:35Z,go go1.27.1,-1,0000000000
go,../../data/contacts_1m.csv,1000000,miss,hash,5,4.3e-05,2026-09-11T16:05:35Z,go go1.27.1,-1,0000000000
go,../../data/contacts_1m.csv,1000000,miss,binary,1,0.003862,2026-09-11T16:05:35Z,go go1.27.1,-1,0000000000
go,../../data/contacts_1m.csv,1000000,miss,binary,2,0.000219,2026-09-11T16:05:35Z,go go1.27.1,-1,0000000000
go,../../data/contacts_1m.csv,1000000,miss,binary,3,0.000209,2026-09-11T16:05:35Z,go go1.27.1,-1,0000000000
go,../../data/contacts_1m.csv,1000000,miss,binary,4,0.000189,2026-09-11T16:05:35Z,go go1.27.1,-1,0000000000
go,../../data/contacts_1m.csv,1000000,miss,binary,5,0.000188,2026-09-11T16:05:35Z,go go1.27.1,-1,0000000000
js,../../data/contacts_1m.csv,1000000,first,linear,1,0.04102199999942968,2026-09-11T16:05:41Z,node v26.7.0,0,0901867825
js,../../data/contacts_1m.csv,1000000,first,linear,2,0.0011080000003858004,2026-09-11T16:05:41Z,node v26.7.0,0,0901867825
js,../../data/contacts_1m.csv,1000000,first,linear,3,0.0005650000002788147,2026-09-11T16:05:41Z,node v26.7.0,0,0901867825
js,../../data/contacts_1m.csv,1000000,first,linear,4,0.0004059999992023222,2026-09-11T16:05:41Z,node v26.7.0,0,0901867825
js,../../data/contacts_1m.csv,1000000,first,linear,5,0.001411000000189233,2026-09-11T16:05:41Z,node v26.7.0,0,0901867825
js,../../data/contacts_1m.csv,1000000,first,hash,1,0.05128400000012334,2026-09-11T16:05:41Z,node v26.7.0,0,0901867825
js,../../data/contacts_1m.csv,1000000,first,hash,2,0.003967999999986205,2026-09-11T16:05:41Z,node v26.7.0,0,0901867825
js,../../data/contacts_1m.csv,1000000,first,hash,3,0.0014890000002196757,2026-09-11T16:05:41Z,node v26.7.0,0,0901867825
js,../../data/contacts_1m.csv,1000000,first,hash,4,0.0012950000000273576,2026-09-11T16:05:41Z,node v26.7.0,0,0901867825
js,../../data/contacts_1m.csv,1000000,first,hash,5,0.0018010000003414461,2026-09-11T16:05:41Z,node v26.7.0,0,0901867825
js,../../data/contacts_1m.csv,1000000,first,binary,1,0.04826199999934033,2026-09-11T16:05:41Z,node v26.7.0,0,0901867825
js,../../data/contacts_1m.csv,1000000,first,binary,2,0.01096400000005815,2026-09-11T16:05:41Z,node v26.7.0,0,0901867825
js,../../data/contacts_1m.csv,1000000,first,binary,3,0.00298800000018673,2026-09-11T16:05:41Z,node v26.7.0,0,0901867825
js,../../data/contacts_1m.csv,1000000,first,binary,4,0.0022209999997357954,2026-09-11T16:05:41Z,node v26.7.0,0,0901867825
js,../../data/contacts_1m.csv,1000000,first,binary,5,0.002327000000150292,2026-09-11T16:05:41Z,node v26.7.0,0,0901867825
js,../../data/contacts_1m.csv,1000000,middle,linear,1,9.180083999999624,2026-09-11T16:05:41Z,node v26.7.0,500000,0859045293
js,../../data/contacts_1m.csv,1000000,middle,linear,2,6.18655200000012,2026-09-11T16:05:41Z,node v26.7.0,500000,0859045293
js,../../data/contacts_1m.csv,1000000,middle,linear,3,9.22304399999939,2026-09-11T16:05:41Z,node v26.7.0,500000,0859045293
js,../../data/contacts_1m.csv,1000000,middle,linear,4,6.960364999999911,2026-09-11T16:05:41Z,node v26.7.0,500000,0859045293
js,../../data/contacts_1m.csv,1000000,middle,linear,5,6.597310999999536,2026-09-11T16:05:41Z,node v26.7.0,500000,0859045293
js,../../data/contacts_1m.csv,1000000,middle,hash,1,0.0331529999994018,2026-09-11T16:05:41Z,node v26.7.0,500000,0859045293
js,../../data/contacts_1m.csv,1000000,middle,hash,2,0.0018600000003061723,2026-09-11T16:05:41Z,node v26.7.0,500000,0859045293
js,../../data/contacts_1m.csv,1000000,middle,hash,3,0.0012159999996583792,2026-09-11T16:05:41Z,node v26.7.0,500000,0859045293
js,../../data/contacts_1m.csv,1000000,middle,hash,4,0.017612000000553962,2026-09-11T16:05:41Z,node v26.7.0,500000,0859045293
js,../../data/contacts_1m.csv,1000000,middle,hash,5,0.027164000000084343,2026-09-11T16:05:41Z,node v26.7.0,500000,0859045293
js,../../data/contacts_1m.csv,1000000,middle,binary,1,0.03289000000040687,2026-09-11T16:05:41Z,node v26.7.0,500000,0859045293
js,../../data/contacts_1m.csv,1000000,middle,binary,2,0.0029569999996965635,2026-09-11T16:05:41Z,node v26.7.0,500000,0859045293
js,../../data/contacts_1m.csv,1000000,middle,binary,3,0.0025880000002871384,2026-09-11T16:05:41Z,node v26.7.0,500000,0859045293
js,../../data/contacts_1m.csv,1000000,middle,binary,4,0.0036700000000564614,2026-09-11T16:05:41Z,node v26.7.0,500000,0859045293
js,../../data/contacts_1m.csv,1000000,middle,binary,5,0.004119999999602442,2026-09-11T16:05:41Z,node v26.7.0,500000,0859045293
js,../../data/contacts_1m.csv,1000000,random,linear,1,10.03534800000034,2026-09-11T16:05:41Z,node v26.7.0,601103,0866632697
js,../../data/contacts_1m.csv,1000000,random,linear,2,9.759243000000424,2026-09-11T16:05:41Z,node v26.7.0,601103,0866632697
js,../../data/contacts_1m.csv,1000000,random,linear,3,7.643648999999641,2026-09-11T16:05:41Z,node v26.7.0,601103,0866632697
js,../../data/contacts_1m.csv,1000000,random,linear,4,9.734580000000278,2026-09-11T16:05:41Z,node v26.7.0,601103,0866632697
js,../../data/contacts_1m.csv,1000000,random,linear,5,7.364749000000302,2026-09-11T16:05:41Z,node v26.7.0,601103,0866632697
js,../../data/contacts_1m.csv,1000000,random,hash,1,0.010795999999572814,2026-09-11T16:05:41Z,node v26.7.0,601103,0866632697
js,../../data/contacts_1m.csv,1000000,random,hash,2,0.0019789999996646657,2026-09-11T16:05:41Z,node v26.7.0,601103,0866632697
js,../../data/contacts_1m.csv,1000000,random,hash,3,0.0011620000004768372,2026-09-11T16:05:41Z,node v26.7.0,601103,0866632697
js,../../data/contacts_1m.csv,1000000,random,hash,4,0.0010789999996632105,2026-09-11T16:05:41Z,node v26.7.0,601103,0866632697
js,../../data/contacts_1m.csv,1000000,random,hash,5,0.0010460000003149617,2026-09-11T16:05:41Z,node v26.7.0,601103,0866632697
js,../../data/contacts_1m.csv,1000000,random,binary,1,0.014001999999891268,2026-09-11T16:05:41Z,node v26.7.0,601103,0866632697
js,../../data/contacts_1m.csv,1000000,random,binary,2,0.0025189999996655388,2026-09-11T16:05:41Z,node v26.7.0,601103,0866632697
js,../../data/contacts_1m.csv,1000000,random,binary,3,0.002337999999326712,2026-09-11T16:05:41Z,node v26.7.0,601103,0866632697
js,../../data/contacts_1m.csv,1000000,random,binary,4,0.002274999999826832,2026-09-11T16:05:41Z,node v26.7.0,601103,0866632697
js,../../data/contacts_1m.csv,1000000,random,binary,5,0.002330999999685446,2026-09-11T16:05:41Z,node v26.7.0,601103,0866632697
js,../../data/contacts_1m.csv,1000000,last,linear,1,16.195278000000144,2026-09-11T16:05:41Z,node v26.7.0,999999,0360616554
js,../../data/contacts_1m.csv,1000000,last,linear,2,16.611104000000523,2026-09-11T16:05:41Z,node v26.7.0,999999,0360616554
js,../../data/contacts_1m.csv,1000000,last,linear,3,17.833110999999917,2026-09-11T16:05:41Z,node v26.7.0,999999,0360616554
js,../../data/contacts_1m.csv,1000000,last,linear,4,16.625189999999748,2026-09-11T16:05:41Z,node v26.7.0,999999,0360616554
js,../../data/contacts_1m.csv,1000000,last,linear,5,16.46692499999972,2026-09-11T16:05:41Z,node v26.7.0,999999,0360616554
js,../../data/contacts_1m.csv,1000000,last,hash,1,0.010059000000183005,2026-09-11T16:05:41Z,node v26.7.0,999999,0360616554
js,../../data/contacts_1m.csv,1000000,last,hash,2,0.0012790000000677537,2026-09-11T16:05:41Z,node v26.7.0,999999,0360616554
js,../../data/contacts_1m.csv,1000000,last,hash,3,0.0010930000007647322,2026-09-11T16:05:41Z,node v26.7.0,999999,0360616554
js,../../data/contacts_1m.csv,1000000,last,hash,4,0.0011070000000472646,2026-09-11T16:05:41Z,node v26.7.0,999999,0360616554
js,../../data/contacts_1m.csv,1000000,last,hash,5,0.0010740000006990158,2026-09-11T16:05:41Z,node v26.7.0,999999,0360616554
js,../../data/contacts_1m.csv,1000000,last,binary,1,0.012576999999510008,2026-09-11T16:05:41Z,node v26.7.0,999999,0360616554
js,../../data/contacts_1m.csv,1000000,last,binary,2,0.0023019999998723506,2026-09-11T16:05:41Z,node v26.7.0,999999,0360616554
js,../../data/contacts_1m.csv,1000000,last,binary,3,0.002199999999902502,2026-09-11T16:05:41Z,node v26.7.0,999999,0360616554
js,../../data/contacts_1m.csv,1000000,last,binary,4,0.002110000000357104,2026-09-11T16:05:41Z,node v26.7.0,999999,0360616554
js,../../data/contacts_1m.csv,1000000,last,binary,5,0.002230999999483174,2026-09-11T16:05:41Z,node v26.7.0,999999,0360616554
js,../../data/contacts_1m.csv,1000000,miss,linear,1,17.09813899999972,2026-09-11T16:05:41Z,node v26.7.0,-1,0000000000
js,../../data/contacts_1m.csv,1000000,miss,linear,2,17.56660600000032,2026-09-11T16:05:41Z,node v26.7.0,-1,0000000000
js,../../data/contacts_1m.csv,1000000,miss,linear,3,16.79823899999974,2026-09-11T16:05:41Z,node v26.7.0,-1,0000000000
js,../../data/contacts_1m.csv,1000000,miss,linear,4,17.113373000000138,2026-09-11T16:05:41Z,node v26.7.0,-1,0000000000
js,../../data/contacts_1m.csv,1000000,miss,linear,5,16.411762000000635,2026-09-11T16:05:41Z,node v26.7.0,-1,0000000000
js,../../data/contacts_1m.csv,1000000,miss,hash,1,0.008861999999680847,2026-09-11T16:05:41Z,node v26.7.0,-1,0000000000
js,../../data/contacts_1m.csv,1000000,miss,hash,2,0.0009309999995821272,2026-09-11T16:05:41Z,node v26.7.0,-1,0000000000
js,../../data/contacts_1m.csv,1000000,miss,hash,3,0.0008680000000822474,2026-09-11T16:05:41Z,node v26.7.0,-1,0000000000
js,../../data/contacts_1m.csv,1000000,miss,hash,4,0.0008870000001479639,2026-09-11T16:05:41Z,node v26.7.0,-1,0000000000
js,../../data/contacts_1m.csv,1000000,miss,hash,5,0.0008860000007189228,2026-09-11T16:05:41Z,node v26.7.0,-1,0000000000
js,../../data/contacts_1m.csv,1000000,miss,binary,1,0.012969000000339292,2026-09-11T16:05:41Z,node v26.7.0,-1,0000000000
js,../../data/contacts_1m.csv,1000000,miss,binary,2,0.0013290000006236369,2026-09-11T16:05:41Z,node v26.7.0,-1,0000000000
js,../../data/contacts_1m.csv,1000000,miss,binary,3,0.0013439999993352103,2026-09-11T16:05:41Z,node v26.7.0,-1,0000000000
js,../../data/contacts_1m.csv,1000000,miss,binary,4,0.0013030000000071595,2026-09-11T16:05:41Z,node v26.7.0,-1,0000000000
js,../../data/contacts_1m.csv,1000000,miss,binary,5,0.0012809999998353305,2026-09-11T16:05:41Z,node v26.7.0,-1,0000000000
java,../../data/contacts_1m.csv,1000000,first,linear,1,0.015794,2026-09-11T16:05:46Z,javac 27,0,0901867825
java,../../data/contacts_1m.csv,1000000,first,linear,2,0.003317,2026-09-11T16:05:46Z,javac 27,0,0901867825
java,../../data/contacts_1m.csv,1000000,first,linear,3,0.001341,2026-09-11T16:05:46Z,javac 27,0,0901867825
java,../../data/contacts_1m.csv,1000000,first,linear,4,0.001234,2026-09-11T16:05:46Z,javac 27,0,0901867825
java,../../data/contacts_1m.csv,1000000,first,linear,5,0.00113,2026-09-11T16:05:46Z,javac 27,0,0901867825
java,../../data/contacts_1m.csv,1000000,first,hash,1,0.04908,2026-09-11T16:05:46Z,javac 27,0,0901867825
java,../../data/contacts_1m.csv,1000000,first,hash,2,0.015068,2026-09-11T16:05:46Z,javac 27,0,0901867825
java,../../data/contacts_1m.csv,1000000,first,hash,3,0.003363,2026-09-11T16:05:46Z,javac 27,0,0901867825
java,../../data/contacts_1m.csv,1000000,first,hash,4,9.55E-4,2026-09-11T16:05:46Z,javac 27,0,0901867825
java,../../data/contacts_1m.csv,1000000,first,hash,5,7.42E-4,2026-09-11T16:05:46Z,javac 27,0,0901867825
java,../../data/contacts_1m.csv,1000000,first,binary,1,0.015342,2026-09-11T16:05:46Z,javac 27,0,0901867825
java,../../data/contacts_1m.csv,1000000,first,binary,2,0.003737,2026-09-11T16:05:46Z,javac 27,0,0901867825
java,../../data/contacts_1m.csv,1000000,first,binary,3,0.00334,2026-09-11T16:05:46Z,javac 27,0,0901867825
java,../../data/contacts_1m.csv,1000000,first,binary,4,0.003376,2026-09-11T16:05:46Z,javac 27,0,0901867825
java,../../data/contacts_1m.csv,1000000,first,binary,5,0.003027,2026-09-11T16:05:46Z,javac 27,0,0901867825
java,../../data/contacts_1m.csv,1000000,middle,linear,1,38.963645,2026-09-11T16:05:46Z,javac 27,500000,0859045293
java,../../data/contacts_1m.csv,1000000,middle,linear,2,24.00608,2026-09-11T16:05:46Z,javac 27,500000,0859045293
java,../../data/contacts_1m.csv,1000000,middle,linear,3,17.960832,2026-09-11T16:05:46Z,javac 27,500000,0859045293
java,../../data/contacts_1m.csv,1000000,middle,linear,4,18.154419,2026-09-11T16:05:46Z,javac 27,500000,0859045293
java,../../data/contacts_1m.csv,1000000,middle,linear,5,17.150429,2026-09-11T16:05:46Z,javac 27,500000,0859045293
java,../../data/contacts_1m.csv,1000000,middle,hash,1,0.00437,2026-09-11T16:05:46Z,javac 27,500000,0859045293
java,../../data/contacts_1m.csv,1000000,middle,hash,2,0.001734,2026-09-11T16:05:46Z,javac 27,500000,0859045293
java,../../data/contacts_1m.csv,1000000,middle,hash,3,0.001269,2026-09-11T16:05:46Z,javac 27,500000,0859045293
java,../../data/contacts_1m.csv,1000000,middle,hash,4,0.001325,2026-09-11T16:05:46Z,javac 27,500000,0859045293
java,../../data/contacts_1m.csv,1000000,middle,hash,5,0.001071,2026-09-11T16:05:46Z,javac 27,500000,0859045293
java,../../data/contacts_1m.csv,1000000,middle,binary,1,0.013856,2026-09-11T16:05:46Z,javac 27,500000,0859045293
java,../../data/contacts_1m.csv,1000000,middle,binary,2,0.005692,2026-09-11T16:05:46Z,javac 27,500000,0859045293
java,../../data/contacts_1m.csv,1000000,middle,binary,3,0.011355,2026-09-11T16:05:46Z,javac 27,500000,0859045293
java,../../data/contacts_1m.csv,1000000,middle,binary,4,0.005869,2026-09-11T16:05:46Z,javac 27,500000,0859045293
java,../../data/contacts_1m.csv,1000000,middle,binary,5,0.003986,2026-09-11T16:05:46Z,javac 27,500000,0859045293
java,../../data/contacts_1m.csv,1000000,random,linear,1,14.263405,2026-09-11T16:05:46Z,javac 27,431130,0846758799
java,../../data/contacts_1m.csv,1000000,random,linear,2,15.362149,2026-09-11T16:05:46Z,javac 27,431130,0846758799
java,../../data/contacts_1m.csv,1000000,random,linear,3,14.754413,2026-09-11T16:05:46Z,javac 27,431130,0846758799
java,../../data/contacts_1m.csv,1000000,random,linear,4,14.497475,2026-09-11T16:05:46Z,javac 27,431130,0846758799
java,../../data/contacts_1m.csv,1000000,random,linear,5,14.286223,2026-09-11T16:05:46Z,javac 27,431130,0846758799
java,../../data/contacts_1m.csv,1000000,random,hash,1,0.034623,2026-09-11T16:05:46Z,javac 27,431130,0846758799
java,../../data/contacts_1m.csv,1000000,random,hash,2,9.48E-4,2026-09-11T16:05:46Z,javac 27,431130,0846758799
java,../../data/contacts_1m.csv,1000000,random,hash,3,9.66E-4,2026-09-11T16:05:46Z,javac 27,431130,0846758799
java,../../data/contacts_1m.csv,1000000,random,hash,4,5.38E-4,2026-09-11T16:05:46Z,javac 27,431130,0846758799
java,../../data/contacts_1m.csv,1000000,random,hash,5,6.97E-4,2026-09-11T16:05:46Z,javac 27,431130,0846758799
java,../../data/contacts_1m.csv,1000000,random,binary,1,0.011696,2026-09-11T16:05:46Z,javac 27,431130,0846758799
java,../../data/contacts_1m.csv,1000000,random,binary,2,0.005135,2026-09-11T16:05:46Z,javac 27,431130,0846758799
java,../../data/contacts_1m.csv,1000000,random,binary,3,0.003923,2026-09-11T16:05:46Z,javac 27,431130,0846758799
java,../../data/contacts_1m.csv,1000000,random,binary,4,0.003918,2026-09-11T16:05:46Z,javac 27,431130,0846758799
java,../../data/contacts_1m.csv,1000000,random,binary,5,0.003701,2026-09-11T16:05:46Z,javac 27,431130,0846758799
java,../../data/contacts_1m.csv,1000000,last,linear,1,35.714044,2026-09-11T16:05:46Z,javac 27,999999,0360616554
java,../../data/contacts_1m.csv,1000000,last,linear,2,35.578137,2026-09-11T16:05:46Z,javac 27,999999,0360616554
java,../../data/contacts_1m.csv,1000000,last,linear,3,36.100981,2026-09-11T16:05:46Z,javac 27,999999,0360616554
java,../../data/contacts_1m.csv,1000000,last,linear,4,41.901737,2026-09-11T16:05:46Z,javac 27,999999,0360616554
java,../../data/contacts_1m.csv,1000000,last,linear,5,37.129195,2026-09-11T16:05:46Z,javac 27,999999,0360616554
java,../../data/contacts_1m.csv,1000000,last,hash,1,0.003873,2026-09-11T16:05:46Z,javac 27,999999,0360616554
java,../../data/contacts_1m.csv,1000000,last,hash,2,8.4E-4,2026-09-11T16:05:46Z,javac 27,999999,0360616554
java,../../data/contacts_1m.csv,1000000,last,hash,3,6.72E-4,2026-09-11T16:05:46Z,javac 27,999999,0360616554
java,../../data/contacts_1m.csv,1000000,last,hash,4,5.92E-4,2026-09-11T16:05:46Z,javac 27,999999,0360616554
java,../../data/contacts_1m.csv,1000000,last,hash,5,5.64E-4,2026-09-11T16:05:46Z,javac 27,999999,0360616554
java,../../data/contacts_1m.csv,1000000,last,binary,1,0.012522,2026-09-11T16:05:46Z,javac 27,999999,0360616554
java,../../data/contacts_1m.csv,1000000,last,binary,2,0.004632,2026-09-11T16:05:46Z,javac 27,999999,0360616554
java,../../data/contacts_1m.csv,1000000,last,binary,3,0.003942,2026-09-11T16:05:46Z,javac 27,999999,0360616554
java,../../data/contacts_1m.csv,1000000,last,binary,4,0.003989,2026-09-11T16:05:46Z,javac 27,999999,0360616554
java,../../data/contacts_1m.csv,1000000,last,binary,5,0.004238,2026-09-11T16:05:46Z,javac 27,999999,0360616554
java,../../data/contacts_1m.csv,1000000,miss,linear,1,35.422317,2026-09-11T16:05:46Z,javac 27,-1,0000000000
java,../../data/contacts_1m.csv,1000000,miss,linear,2,40.384841,2026-09-11T16:05:46Z,javac 27,-1,0000000000
java,../../data/contacts_1m.csv,1000000,miss,linear,3,45.595312,2026-09-11T16:05:46Z,javac 27,-1,0000000000
java,../../data/contacts_1m.csv,1000000,miss,linear,4,46.017868,2026-09-11T16:05:46Z,javac 27,-1,0000000000
java,../../data/contacts_1m.csv,1000000,miss,linear,5,33.628892,2026-09-11T16:05:46Z,javac 27,-1,0000000000
java,../../data/contacts_1m.csv,1000000,miss,hash,1,0.003471,2026-09-11T16:05:46Z,javac 27,-1,0000000000
java,../../data/contacts_1m.csv,1000000,miss,hash,2,6.86E-4,2026-09-11T16:05:46Z,javac 27,-1,0000000000
java,../../data/contacts_1m.csv,1000000,miss,hash,3,6.89E-4,2026-09-11T16:05:46Z,javac 27,-1,0000000000
java,../../data/contacts_1m.csv,1000000,miss,hash,4,5.9E-4,2026-09-11T16:05:46Z,javac 27,-1,0000000000
java,../../data/contacts_1m.csv,1000000,miss,hash,5,5.25E-4,2026-09-11T16:05:46Z,javac 27,-1,0000000000
java,../../data/contacts_1m.csv,1000000,miss,binary,1,0.011977,2026-09-11T16:05:46Z,javac 27,-1,0000000000
java,../../data/contacts_1m.csv,1000000,miss,binary,2,0.004023,2026-09-11T16:05:46Z,javac 27,-1,0000000000
java,../../data/contacts_1m.csv,1000000,miss,binary,3,0.00391,2026-09-11T16:05:46Z,javac 27,-1,0000000000
java,../../data/contacts_1m.csv,1000000,miss,binary,4,0.003932,2026-09-11T16:05:46Z,javac 27,-1,0000000000
java,../../data/contacts_1m.csv,1000000,miss,binary,5,0.004104,2026-09-11T16:05:46Z,javac 27,-1,0000000000
