Ho Thanh Lan,0901867825
Hoang Van Anh,0964614226
Pham Duc Bao,0353744854
Bui Minh Yen,0321719583
Pham Van Lan,0939149732
Vu Thanh Dung,0989906820
Phan Ngoc Mai,0940533224
Duong Thi Lan,0961571945
Vu Thi Thuy,0343903402
Bui Quang Huy,0820445199
Duong Duc Viet,0833335942
Tran Huu An,0899142600
Duong Minh Quang,0943698379
Dang Van Khoa,0889886237
Do Huu Anh,0360109031
Pham Thi Mai,0762678638
Ngo Huu Thuy,0897090293
Pham Minh Mai,0384661907
Tran Minh An,0323612365
Tran Quang Khoa,0765647119
Huynh Quang Kien,0861556017
Nguyen Huu Quang,0911622631
Huynh Van Phong,0395770619
Vu Minh Hung,0854437923
Pham Quang Nga,0770728977
Do Thi An,0707707870
Vu Quang Trang,0832094235
Nguyen Huu Nga,0911322047
Bui Ngoc Huy,0834918715
Hoang Duc Hieu,0786067228
Hoang Huu Khoa,0843226067
Ngo Duc Tung,0891166941
Ho Minh Tuan,0973823498
Ho Huu Cuong,0764855124
Bui Minh Nam,0983905582
Ly Van Mai,0791694522
Ngo Thi Viet,0914663623
Tran Duc Viet,0886120868
Pham Van Trang,0336210606
Duong Duc Hanh,0393514944
Huynh Quang Dat,0934479144
Ngo Thanh Viet,0891197935
Ho Thanh Thao,0852871230
Vo Ngoc Kien,0834107245
Huynh Duc Phong,0337755439
Vu Minh Quang,0914528972
Nguyen Thi Viet,0909344066
Pham Thi Tung,0355440561
Do Duc Linh,0780938483
Phan Thanh Chi,0350538552
Dang Thanh Duc,0775292423
Pham Thanh Thanh,0914491946
Hoang Duc Huy,0983539704
Ly Quang Tuan,0845279418
Huynh Van Chi,0348375710
Vu Huu Thao,0917698256
Bui Van Nam,0324443951
Ngo Duc Trang,0324137722
Pham Duc Yen,0709418194
Tran Thi Ngoc,0834408072
Pham Huu Tuan,0709807725
Pham Huu Hieu,0949790057
Nguyen Van Long,0916073292
Tran Quang Binh,0352320821
Do Huu Linh,0828279821
Duong Huu Khoa,0980790481
Do Duc Chi,0791839607
Le Huu Son,0322684052
Vo Van Long,0777082668
Ly Minh Ngoc,0851065818
Hoang Thanh Binh,0916402509
Ngo Thi Thao,0857852574
Ho Huu Dat,0824218028
Bui Duc Huy,0830192619
Vu Minh Mai,0931921859
Do Huu Long,0939008867
Do Ngoc Long,0764476583
Pham Duc Minh,0765707197
Huynh Quang Thanh,0864924115
Le Ngoc Hung,0942653446
Vu Duc Khanh,0880054447
Do Quang Thao,0704418934
Le Quang Nam,0822997281
Phan Ngoc Hoa,0821785277
Do Duc Huong,0795007072
Ho Van Kien,0788517169
Phan Ngoc Thao,0853337174
Le Ngoc Quang,0326273233
Ho Quang Cuong,0762710343
Do Thanh Huong,0838897858
Vo Van Kien,0965438436
Vo Thi Mai,0810326765
Bui Thi Ngoc,0866089806
Ngo Duc Huong,0785159230
Nguyen Quang Tuan,0350971823
Hoang Thanh Cuong,0359518669
Tran Thi Duc,0981437026
Nguyen Huu Khoa,0708153566
Vu Thanh Ngoc,0781161193
Vo Duc Tung,0768937326
Ngo Minh Bao,0762109911
Pham Thi Thao,0327973915
Bui Ngoc Phong,0832770370
Vu Quang Ngoc,0368852897
Do Thi Lan,0797099076
Pham Minh Nga,0349047886
Tran Duc Duc,0763374754
Phan Thanh Lan,0895229731
Ngo Ngoc Phong,0916264956
Huynh Minh Hai,0888683481
Bui Thanh Cuong,0882030113
Tran Thanh Tung,0353769795
Ngo Duc Huy,0985672134
Do Ngoc Chi,0969870182
Hoang Thanh Minh,0833860684
Ngo Quang Quang,0843694634
Tran Huu Phuc,0961191066
Ngo Quang Linh,0890987737
Pham Minh Minh,0351130789
Huynh Minh Quang,0975543670
Vo Thanh Huong,0988626108
Dang Van Phuc,0354672073
Bui Quang Ngoc,0938143903
Do Huu Quang,0349046844
Vo Quang Hai,0329580513
Duong Duc Hai,0847930103
Bui Thi Ngoc,0357935169
Hoang Ngoc Minh,0776829332
Dang Quang An,0341582524
Vu Thi Thao,0867231838
Dang Duc Hanh,0397106470
Pham Thi Viet,0947835373
Ngo Thi Hieu,0790908841
Huynh Ngoc Mai,0931651177
Pham Quang Quang,0976754864
Phan Thanh Long,0705692553
Duong Van Dat,0771833230
Phan Minh Hung,0353214348
Huynh Thanh Yen,0348997381
Phan Minh Anh,0882351868
Le Ngoc Trang,0943078418
Ly Minh Binh,0367761611
Huynh Ngoc Hung,0351264748
Ly Minh Yen,0889232926
Vo Quang Hieu,0860848731
Ngo Van Yen,0909069560
Hoang Huu Tung,0780247595
Vo Ngoc Thanh,0983965789
Nguyen Huu An,0336818496
Le Thanh Yen,0818075854
Vo Quang Dat,0346728339
Duong Thi Quang,0972762152
Hoang Minh Phuc,0910036161
Ngo Minh Ngoc,0914449368
Bui Minh Quang,0777633773
Do Duc Huong,0377096887
Dang Ngoc Huong,0899324245
Dang Thi Tung,0938164991
Vo Ngoc Tung,0323185957
Do Thi Chi,0373652414
Dang Van Yen,0979717032
Pham Thi Thuy,0709096526
Pham Huu Lan,0975261415
Vo Thi Binh,0970841248
Vu Minh Tung,0847999183
Le Van Dung,0828910817
Nguyen Duc Quang,0330954280
Vo Huu Tuan,0821344047
Huynh Quang Mai,0793117625
Vo Thi Dat,0989983032
Tran Ngoc Trang,0983946066
Ho Huu Phong,0912011363
Dang Duc Khanh,0844130808
Do Minh Hoa,0849974376
Ho Minh Phuong,0971375453
Vu Duc Hai,0949792396
Nguyen Duc Hieu,0848770838
Dang Huu Cuong,0384374922
Tran Minh Khanh,0345271130
Phan Huu Phong,0354456272
Dang Van Son,0912195773
Vo Quang Kien,0935033115
Duong Duc Hieu,0885304573
Vu Thi Thao,0761217071
Duong Ngoc Ngoc,0967688755
Bui Duc Phuong,0859445465
Pham Huu Binh,0861229110
Phan Thanh Hoa,0833576135
Do Duc Mai,0824449324
Bui Duc Hai,0325855396
Ngo Quang Thao,0984098412
Vo Ngoc Khanh,0394781295
Bui Duc Phuc,0337351517
Dang Van Nam,0789113685
Vo Ngoc Cuong,0895075395
Le Minh Viet,0858874152
Phan Quang Phuc,0969304682
Ly Duc Quang,0371737893
Huynh Minh Nam,0324437001
Tran Thanh Hoa,0861795765
Pham Minh Tuan,0709281552
Nguyen Van Phong,0324569244
Vo Thanh Duc,0373533779
Ho Thanh Bao,0895752576
Bui Ngoc Tuan,0344428914
Ly Van Kien,0828196204
Ngo Quang Minh,0360852264
Phan Quang Kien,0987106422
Pham Van Hieu,0784641923
Duong Duc Son,0970059486
Vo Ngoc Kien,0382194789
Huynh Thanh Ngoc,0904394880
Vu Van Nam,0337412769
Duong Thi Lan,0837175395
Vo Quang Phuong,0830162230
Duong Thi Cuong,0861262382
Dang Minh Hieu,0892500715
Duong Ngoc Thao,0830604451
Bui Thanh Nam,0786194416
Tran Minh Dat,0849269832
Hoang Huu Huy,0327210624
Tran Minh Chi,0320701771
Vo Van An,0376117837
Hoang Minh Phuong,0770669324
Bui Quang Dat,0393524499
Duong Quang Binh,0934186414
Ly Huu Phong,0931724590
Vo Minh Huong,0399393286
Ho Huu Linh,0796817881
Vu Ngoc Minh,0852592974
Hoang Huu Bao,0352726327
Hoang Ngoc Son,0772970445
Ngo Duc Phuong,0940415846
Duong Thi Linh,0335573147
Phan Duc Bao,0776907400
Ho Ngoc Nam,0774163555
Ly Thi Hai,0362670896
Bui Huu Anh,0771813543
Huynh Thi Minh,0910649691
Ly Ngoc Son,0797896868
Do Thanh Nam,0353348276
Ngo Minh Duc,0787722606
Le Thanh Trang,0395120253
Duong Duc Duc,0783818418
Do Van Viet,0350397023
Pham Van Hung,0933240180
Do Huu Ngoc,0915507321
Vo Ngoc Lan,0361164686
Ho Thi Thanh,0764682940
Tran Duc Thanh,0398546409
Le Ngoc Nga,0918996207
Hoang Huu Quang,0380463060
Hoang Huu Phong,0864382463
Le Thi Thanh,0339740679
Phan Quang Son,0360641849
Nguyen Thanh Trang,0867290770
Dang Huu Chi,0395262632
Duong Van Hoa,0948580255
Huynh Thanh Chi,0866462506
Huynh Thi Khanh,0843188992
Do Quang Dung,0360744682
Bui Ngoc Nam,0897315831
Do Minh Kien,0968722815
Tran Ngoc Linh,0779033725
Huynh Quang Dat,0933305700
Phan Huu Hanh,0397235969
Phan Ngoc Khanh,0985539837
Phan Minh Yen,0855266630
Tran Thi Quang,0932090865
Le Thi Thao,0705038571
Vu Van Hanh,0825188935
Le Huu Hieu,0936851696
Duong Minh Khanh,0386751158
Vu Thi Trang,0894960271
Phan Ngoc Son,0832135534
Vu Duc Thao,0347053918
Le Duc Huong,0936361002
Nguyen Duc Tung,0932919694
Ngo Duc Hai,0859548001
Ho Van Phuc,0376812810
Huynh Ngoc Yen,0830006810
Huynh Thanh An,0374813613
Phan Thi Hung,0347212326
Le Duc Dat,0779730529
Do Huu Chi,0855406444
Duong Van Thanh,0887411939
Bui Minh Ngoc,0883585314
Dang Minh Kien,0827938746
Huynh Quang Cuong,0772846949
Huynh Quang Long,0931422633
Ngo Van Quang,0378647849
Nguyen Ngoc Nam,0935623525
Le Van Tung,0983940441
Hoang Minh Son,0935207974
Le Huu Binh,0353340845
Ly Ngoc Yen,0320409790
Vu Quang Hung,0974107776
Ly Thi Hieu,0811221854
Ho Huu Hai,0886953166
Phan Thanh Huy,0909658155
Bui Minh Quang,0346442089
Huynh Quang Thuy,0816705062
Bui Minh Lan,0352475836
Dang Thanh Lan,0900093026
Le Ngoc Trang,0761788238
Do Huu Chi,0767132769
Duong Thi Tuan,0352950888
Le Minh Hung,0778689889
Tran Thi Hai,0880842524
Vu Huu Chi,0834180853
Hoang Thi Linh,0792036059
Vo Van Huy,0882237058
Hoang Thanh Bao,0777795419
Duong Thanh Khoa,0938910914
Ho Huu Quang,0839990032
Ngo Duc Dat,0387425149
Tran Huu Nam,0858468772
Ho Huu Chi,0949191766
Hoang Duc Dat,0882670226
Ngo Minh Bao,0707963715
Ngo Ngoc Dung,0884348512
Dang Thanh Quang,0764147994
Le Quang Khanh,0784652512
Vo Thanh Huong,0768745959
Ly Huu Thuy,0814013879
Duong Huu Minh,0367379837
Huynh Ngoc Tung,0984793722
Nguyen Quang Tuan,0354558623
Pham Thanh Huong,0385363836
Ho Quang Huy,0831351868
Nguyen Thanh Duc,0322530518
Nguyen Duc Viet,0356426265
Ngo Minh Huong,0892563646
Bui Van Khoa,0893589533
Ly Ngoc Linh,0986960328
Ho Van Khanh,0945551268
Do Quang Trang,0837816912
Nguyen Thi Thuy,0941044645
Nguyen Minh Huy,0347048838
Nguyen Thi Thanh,0919799226
Hoang Duc Ngoc,0890327691
Nguyen Thanh Long,0799658481
Dang Huu Son,0918002392
Pham Ngoc Huy,0965901533
Bui Ngoc Phong,0376542890
Pham Quang Phuong,0797030010
Dang Huu Phong,0839162579
Huynh Duc Thuy,0773700025
Bui Thanh Kien,0813681284
Bui Thi Cuong,0367312114
Nguyen Van An,0810486955
Vu Huu Huong,0915639317
Ly Thi Mai,0936783308
Ngo Quang Thao,0702768991
Vu Duc Hoa,0787841505
Le Duc Trang,0328961107
Ho Minh Viet,0966610562
Duong Thi Viet,0849468926
Hoang Van Khoa,0930454696
Bui Van Quang,0987190929
Pham Huu Nam,0327746014
Le Quang Kien,0330843636
Ly Van Thanh,0366360307
Le Huu Trang,0383551070
Ngo Van Khanh,0885483562
Pham Quang Cuong,0386360682
Huynh Huu Lan,0367072684
Tran Duc Yen,0361374158
Pham Ngoc Long,0810325197
Vo Thanh Mai,0709049949
Ly Ngoc Hieu,0975871360
Vo Thi Duc,0351151225
Nguyen Ngoc Kien,0760675419
Pham Huu Anh,0760520596
Le Thanh Binh,0353344717
Pham Ngoc Mai,0780341919
Bui Thi Duc,0852556551
Phan Thi Nga,0352117636
Ho Huu Phuc,0811919136
Dang Minh Chi,0843656838
Dang Van Khoa,0884299055
Vu Thi An,0766189034
Pham Thanh Hieu,0331921542
Ho Thanh Mai,0762747534
Vu Thi Minh,0371813596
Ho Thanh Yen,0840430812
Bui Thanh Long,0379660266
Ngo Ngoc Hieu,0936296605
Vo Huu Lan,0913327421
Tran Van Lan,0989933753
Ngo Van Nga,0894074336
Le Duc Phong,0865059717
Ly Minh Bao,0792030966
Huynh Thi Tuan,0779494772
Ho Duc Thanh,0770689025
Le Quang Linh,0398937982
Ngo Quang Hai,0946217147
Bui Thi Cuong,0988488613
Bui Huu Ngoc,0905724909
Ngo Van Tuan,0967047416
Huynh Thanh Kien,0788224219
Ngo Minh Huong,0867273315
Duong Quang Hoa,0397713146
Ho Minh Thanh,0892566765
Hoang Ngoc Thuy,0942955087
Duong Thanh Linh,0708753457
Huynh Minh An,0904531230
Pham Thanh Hoa,0859029043
Phan Van Quang,0768111742
Huynh Duc Anh,0887307727
Tran Quang Yen,0789940074
Tran Thi Trang,0365407373
Dang Minh Huong,0794118725
Nguyen Minh Huy,0781453962
Hoang Thi Yen,0367563202
Bui Thanh Phuc,0357796514
Duong Quang Thuy,0846358385
Dang Thanh Huy,0380481506
Vu Duc Dung,0815452832
Ly Van Nga,0338179730
Vo Duc Hung,0345952975
Do Quang Thanh,0774334434
Vo Minh Mai,0384691890
Dang Thanh Viet,0854635017
Duong Ngoc Phuong,0830170307
Nguyen Quang Anh,0823205394
Duong Minh Kien,0984049282
Nguyen Thi Hanh,0706818732
Le Minh Duc,0819314311
Le Minh Khanh,0764031966
Vu Ngoc Lan,0897987516
Phan Thi Mai,0908234615
Vu Minh Thuy,0880289293
Bui Huu Mai,0984936453
Ly Thanh Huy,0356784725
Bui Quang Hai,0894081983
Hoang Huu Huong,0379756883
Ly Huu Anh,0397939993
Dang Thanh Huong,0838907391
Vo Minh Son,0397138769
Tran Ngoc Mai,0709233986
Phan Thi Kien,0385902401
Phan Minh Bao,0897612582
Tran Minh Hanh,0365144280
Nguyen Quang Phuong,0363867786
Ly Minh Trang,0863231028
Nguyen Quang Thanh,0382005795
Ngo Quang Son,0708990305
Ngo Quang Long,0763106298
Dang Quang Hai,0343630331
Huynh Quang Binh,0708123504
Phan Quang Cuong,0369891626
Phan Ngoc Huy,0768801946
Tran Thi Bao,0854747930
Pham Thanh Hanh,0863256752
Nguyen Ngoc Yen,0373816534
Ly Thi Trang,0393010529
Phan Thi Phuong,0370237370
Pham Huu Khanh,0898961299
Ho Van Huy,0324602180
Le Thi Tung,0970914794
Ly Ngoc Anh,0834901239
Huynh Ngoc Son,0892118618
Vo Thi Phuong,0908235577
Hoang Van Anh,0860205779
Ho Quang Phong,0844770422
Vo Ngoc An,0818031491
Phan Duc Nga,0885716097
Dang Thanh Huy,0330861958
Ngo Quang Linh,0368014965
Bui Minh Hieu,0861096280
Nguyen Thi Hieu,0918250138
Bui Ngoc An,0989680808
Ly Quang Anh,0900899411
Bui Minh Kien,0322503120
Bui Duc An,0779442881
Do Duc Kien,0371429098
Duong Quang Phuong,0351987287
Le Thi Lan,0836982241
Huynh Thi Nga,0853786401
Huynh Thi Nga,0768767312
Ngo Thi Long,0917558378
Do Duc Duc,0884988757
Dang Quang Phuong,0799873813
Hoang Thi Linh,0945123430
Do Ngoc Huong,0841010496
Ly Thanh Hieu,0851664863
Pham Minh Nga,0763486102
Tran Duc Hung,0903540415
Vo Huu Yen,0361362099
Bui Minh Huong,0334024269
Phan Thi Chi,0339260893
Ho Huu Hoa,0982626181
Dang Minh Linh,0966853787
Duong Duc Tung,0889962498
Phan Duc Hung,0814886520
Huynh Huu Cuong,0973883526
Pham Duc Khanh,0374743227
Tran Minh Khanh,0897617381
Le Minh Viet,0983916201
Huynh Thanh Ngoc,0369895027
Duong Thi Tuan,0933318855
Vo Huu Anh,0941925626
Hoang Huu Minh,0833771676
Phan Duc Phuc,0902499627
Phan Huu Hanh,0362386328
Tran Quang Nam,0981000560
Phan Van Binh,0335160869
Ho Duc Hanh,0859549709
Tran Ngoc Mai,0377367772
Tran Van Binh,0867863447
Le Thanh Anh,0895101803
Duong Duc Thao,0896752972
Do Minh Lan,0368396529
Ly Ngoc Hai,0838284509
Bui Thi Kien,0881349590
Bui Duc Dat,0850668752
Le Duc Hung,0945407658
Vo Minh Thanh,0854200476
Ngo Thi Chi,0961532210
Hoang Thanh Thao,0359650239
Huynh Duc Hai,0840348050
Tran Duc Tuan,0764521644
Pham Minh Phuong,0840674975
Tran Huu Trang,0762939212
Le Thanh Tuan,0818706768
Bui Minh Tuan,0907419378
Tran Thi Long,0363044882
Bui Minh Dung,0847312936
Ly Duc Dung,0908249789
Hoang Minh Linh,0987885465
Phan Huu Hung,0396850944
Nguyen Ngoc Hai,0385386463
Duong Huu Hanh,0931754894
Le Van Anh,0792698193
Do Quang Yen,0386906258
Vo Duc Ngoc,0898312590
Duong Thi Khanh,0376718473
Duong Ngoc Son,0789229089
Nguyen Ngoc Huy,0977630712
Tran Van Linh,0985276722
Huynh Thanh Tuan,0365423634
Ly Huu Viet,0866780932
Tran Ngoc Trang,0798633492
Hoang Quang Ngoc,0780019311
Tran Thanh Trang,0939103209
Ly Thi Long,0886933143
Huynh Thanh Hoa,0973147112
Bui Quang Long,0826069650
Le Thi Linh,0858363326
Ho Minh Phuong,0907416216
Do Minh Phong,0760865901
Nguyen Minh An,0344480460
Vu Van Huong,0832198037
Hoang Thi Huong,0377350368
Pham Thanh Phong,0898132114
Vu Thi Hanh,0860484348
Ho Van Tuan,0904014745
Ly Duc Bao,0892657144
Pham Quang Yen,0379241545
Vo Van Khanh,0969265241
Ho Quang Phong,0941563790
Phan Thi Yen,0351903561
Nguyen Minh Duc,0881970754
Vu Van Dung,0902583206
Ly Minh Hieu,0814896624
Duong Duc Thanh,0824587308
Pham Thanh Quang,0948094999
Nguyen Thanh Viet,0814089126
Bui Huu Nga,0889248693
Vo Ngoc Khoa,0326435505
Ngo Quang Duc,0348526867
Ngo Duc Huong,0702290229
Do Thi Minh,0791171218
Do Thanh Hanh,0366961578
Ho Duc Hung,0388518424
Ho Ngoc Phuong,0360043037
Nguyen Ngoc Long,0375008935
Ho Thanh Nga,0789847180
Ngo Quang Long,0848214801
Do Ngoc Tuan,0792493017
Tran Ngoc Yen,0889035882
Bui Thi Hung,0815790218
Tran Thanh Thao,0389259637
Do Duc Chi,0769117243
Nguyen Huu Phuong,0917639414
Ly Ngoc Viet,0383165061
Pham Duc Phong,0894006492
Nguyen Huu Long,0846425184
Vo Ngoc Phuc,0356891662
Hoang Thi Hieu,0975338112
Dang Quang Quang,0707935224
Phan Ngoc Hai,0896395997
Vu Minh Phong,0912551903
Nguyen Quang Hoa,0810621086
Vu Ngoc Phuong,0328427047
Ly Ngoc Linh,0845569946
Huynh Thanh Tung,0791683838
Tran Van Hung,0797387112
Huynh Ngoc Phuong,0868823994
Vo Van Ngoc,0880257489
Ly Van Trang,0702418526
Vu Thi Phong,0942589751
Huynh Minh Hieu,0987876745
Dang Thanh Trang,0774446344
Do Thi Hoa,0386668663
Nguyen Quang Hai,0901347467
Nguyen Ngoc Huong,0795512415
Hoang Minh Dat,0798952696
Tran Quang Quang,0915312692
Hoang Ngoc Phuc,0908186400
Bui Thi Nga,0799076742
Dang Ngoc Thao,0971147909
Phan Thi Khanh,0354821419
Ho Minh Quang,0351516313
Nguyen Van Thuy,0941651601
Vu Thanh Chi,0761686231
Pham Minh Long,0882791137
Vu Thanh Phong,0895024207
Phan Thanh Cuong,0960771600
Ngo Thanh Nga,0380941524
Huynh Quang An,0376014016
Ly Thi Phuong,0397225725
Le Huu Huy,0324096953
Do Huu Mai,0826913081
Pham Thi Hung,0843020853
Ngo Thi Mai,0332937176
Phan Huu Hoa,0986418028
Duong Duc Linh,0854040453
Ngo Thanh Phong,0819783753
Ho Huu Ngoc,0323895475
Duong Quang Hieu,0884261032
Phan Thanh Linh,0884283671
Phan Quang Trang,0930157662
Bui Van Nam,0777805654
Ly Minh Huong,0379170395
Dang Duc Binh,0331239197
Vu Quang Binh,0885797629
Tran Quang Viet,0845018975
Do Thanh Khanh,0907118722
Pham Duc Tung,0894195951
Tran Huu Nga,0885068760
Tran Thi Hoa,0346454081
Ngo Thanh Dung,0798106886
Le Thanh Phuong,0863979651
Hoang Ngoc Phuong,0919595270
Tran Van Tuan,0399643743
Do Ngoc Hanh,0374953150
Dang Quang Ngoc,0966640518
Tran Thi Hung,0360135861
Le Minh Linh,0840822825
Do Van Kien,0858333700
Hoang Van Huy,0784801541
Ho Quang Long,0763860745
Ho Minh Bao,0855910964
Duong Thanh Thao,0353189885
Huynh Minh Kien,0854204819
Bui Van Dat,0932294774
Ly Huu Hoa,0901630140
Phan Thanh Hai,0900661401
Le Van Hieu,0377395785
Vo Van Lan,0979723634
Bui Duc Chi,0392204724
Pham Huu Long,0984951131
Ly Huu Binh,0386970985
Vu Huu Binh,0333368777
Nguyen Thanh Thanh,0329049760
Hoang Van Quang,0398906224
Duong Duc Hanh,0824572250
Hoang Thanh Trang,0782760597
Pham Thanh Thao,0368084065
Dang Minh Phuc,0774951651
Vo Minh Huong,0705682698
Phan Minh Khoa,0771932227
Do Minh Duc,0881263313
Phan Quang Yen,0323785186
Huynh Van Cuong,0796667458
Duong Thi Tuan,0799350154
Ho Van Thuy,0391515030
Duong Duc Viet,0776619862
Huynh Van Tung,0964436878
Ngo Minh An,0832073474
Do Thanh Nam,0886183841
Tran Quang Quang,0934398338
Tran Thanh Mai,0846392547
Ly Duc Chi,0786232293
Duong Minh Minh,0863922880
Phan Thi Hai,0810419843
Nguyen Thanh Anh,0859418852
Nguyen Huu Thao,0383713925
Huynh Thanh Duc,0901060605
Vo Thanh Huy,0907789116
Do Huu Dat,0895069909
Duong Thi Phuong,0906850067
Phan Minh Duc,0862345069
Le Van Mai,0970624315
Phan Van Hanh,0378264869
Ho Huu Minh,0861630611
Vu Thi Kien,0359018535
Ly Huu Huy,0326520395
Le Huu An,0886224540
Tran Huu Thuy,0939062926
Ho Ngoc Binh,0949853935
Phan Quang Thao,0702592464
Dang Duc Thanh,0941661307
Le Thi Yen,0788209880
Duong Van Bao,0856847048
Hoang Huu Phong,0360548888
Vu Quang Tung,0896216461
Ly Thi Kien,0347438733
Bui Minh Dung,0883961312
Tran Huu Huong,0796084862
Dang Duc Thuy,0866162857
Do Thi Nam,0836017548
Do Minh Dat,0976679674
Tran Quang Huong,0363184459
Bui Ngoc Hai,0867628891
Dang Thi Quang,0983558545
Huynh Thanh Ngoc,0900358318
Vo Thanh Mai,0975595355
Huynh Quang Linh,0352112652
Ly Minh Yen,0779472046
Ngo Van Khanh,0341151087
Le Huu Phuc,0789298063
Ngo Quang Nga,0349837875
Vo Ngoc Hoa,0343909069
Ho Quang Nga,0382475548
Ly Quang Huong,0779998912
Tran Thanh Thuy,0964651899
Ho Huu Thanh,0792427461
Ngo Ngoc Thanh,0329063311
Ho Thanh Hai,0362927575
Bui Huu Phuong,0860432519
Vo Ngoc Quang,0320249314
Ngo Minh Minh,0393991829
Ho Huu Dat,0845431983
Nguyen Ngoc Minh,0962923366
Huynh Huu Dung,0360879109
Ly Thi Chi,0327062546
Tran Thanh Phong,0821906718
Ngo Thanh Huy,0701066326
Vo Thanh Phuc,0817520810
Vu Duc Huy,0766074006
Vo Van Tuan,0829960063
Le Duc Hieu,0867583392
Huynh Thanh Ngoc,0823716988
Ly Ngoc Dung,0850727544
Phan Ngoc Thao,0708748499
Vu Van Phuc,0377684678
Ho Ngoc Tuan,0900522621
Huynh Minh Khanh,0978035982
Le Quang Phuong,0796738019
Do Ngoc Phong,0941811298
Tran Huu Tung,0817441741
Vu Minh Khoa,0981355439
Tran Thi Quang,0382488628
Phan Thi Dat,0982117143
Ngo Thanh Phuong,0369820789
Bui Ngoc Hoa,0835455706
Dang Minh Hieu,0918901266
Nguyen Ngoc Chi,0377612081
Pham Minh Long,0827217547
Tran Ngoc Bao,0861919549
Le Van Kien,0799249870
Vu Duc Yen,0703607488
Vo Minh Khoa,0947575834
Duong Van Anh,0356942639
Ly Ngoc Son,0387608449
Hoang Thi Quang,0916979148
Le Minh Nam,0701595275
Dang Ngoc Huy,0387159911
Hoang Thanh Quang,0384276341
Pham Ngoc Yen,0392560856
Ly Duc Anh,0937956894
Hoang Huu Bao,0981530497
Duong Huu Mai,0781432176
Hoang Van Hieu,0987245685
Le Ngoc Lan,0866251976
Bui Duc Thanh,0772182975
Nguyen Huu Phuong,0831006313
Le Quang Linh,0849421856
Ly Thanh Mai,0835530541
Pham Thi Hanh,0932050700
Tran Duc Hai,0945932391
Do Thanh Hoa,0797095702
Phan Minh Linh,0790863121
Vo Thanh Chi,0375242022
Ly Quang Nga,0391738129
Bui Thanh Huong,0848512969
Duong Quang Viet,0342595941
Vu Thi Hung,0938089795
Tran Huu Duc,0351815603
Huynh Thi Minh,0399332586
Vo Minh Thuy,0391927455
Hoang Huu Long,0764673599
Ly Quang Viet,0843794319
Ngo Van Thao,0777199311
Duong Minh Tuan,0799411442
Huynh Huu Duc,0769340543
Phan Ngoc Hoa,0964487028
Bui Huu Kien,0963026879
Hoang Thanh Phuc,0365183902
Ly Minh Hoa,0385889195
Nguyen Minh Dat,0963043480
Le Thi Minh,0792403361
Nguyen Van Lan,0846724045
Pham Duc Duc,0982380261
Phan Minh Phuong,0700514340
Vu Duc Huong,0988900022
Vu Thi Hoa,0346311494
Vo Quang Phuc,0947610913
Phan Ngoc Trang,0382640889
Duong Huu Linh,0395228407
Ngo Minh Hai,0705442241
Ho Quang Ngoc,0769522639
Vo Thanh Kien,0851425342
Vu Van Dat,0972610197
Ngo Thanh Hieu,0330834876
Ngo Thanh Hieu,0931368710
Dang Quang Quang,0367434202
Tran Ngoc Hung,0937113787
Duong Thanh Phong,0817416270
Huynh Ngoc Kien,0944582979
Vo Ngoc Phuong,0348595744
Le Van Linh,0865791039
Hoang Thi Phong,0941860421
Vu Thi Hoa,0379951141
Bui Thi Anh,0818840487
Do Huu Anh,0935174418
Nguyen Ngoc Hai,0973699685
Ngo Van Long,0910919088
Do Ngoc Hanh,0963429650
Huynh Van Bao,0373543918
Vo Minh Long,0762302417
Ho Minh Trang,0764286905
Phan Minh Cuong,0375504979
Ngo Huu Trang,0860129686
Phan Minh Phong,0817225192
Le Minh Chi,0332167376
Bui Duc Tuan,0918935249
Vu Thi Thao,0893860617
Ngo Duc Trang,0829373825
Dang Duc Quang,0785941939
Hoang Duc Thanh,0986661748
Tran Thanh Hoa,0790709714
Ho Thi Hanh,0940314430
Nguyen Huu Linh,0881306317
Le Thanh Cuong,0795252285
Vu Quang Ngoc,0847202195
Pham Huu Phuong,0846785090
Duong Quang Phong,0897007741
Le Huu Hai,0371932288
Ho Ngoc Huong,0910349914
Ngo Thanh Nam,0382883553
Phan Duc An,0777719145
Bui Duc Hanh,0786070880
Nguyen Thanh Hanh,0987326807
Ly Van Thanh,0791776088
Vo Ngoc Dat,0357309439
Dang Quang Khanh,0846718433
Vu Thi Ngoc,0821319479
Vu Thi Tuan,0915205543
Le Thanh Khanh,0705696087
Tran Minh Thanh,0355587964
Duong Minh Hanh,0762820798
Do Ngoc Hung,0988564488
Do Duc Ngoc,0901913049
Pham Van Tung,0828555575
Hoang Thanh Anh,0345861544
Ho Van Mai,0392477824
Ly Huu Dung,0351724773
Hoang Thi Minh,0324294434
Ly Van Thuy,0342910830
Ho Minh Yen,0852564729
Phan Thi Tung,0761264218
Phan Quang Tuan,0338289908
Huynh Minh Linh,0889457911
Do Duc Bao,0769721861
Duong Huu Tung,0889470600
Huynh Huu An,0905422534
Huynh Minh Son,0795303930
Pham Huu Duc,0327377995
Dang Ngoc Cuong,0987867190
Vo Thanh Khoa,0885080483
Phan Thanh Huong,0774608259
Bui Van Thao,0840942411
Nguyen Minh Ngoc,0398511700
Dang Quang Linh,0985207779
Hoang Minh Nam,0887581856
Do Thanh Hung,0970954456
Ly Duc Linh,0394816353
Vo Huu Dung,0981514923
Hoang Thanh Dat,0859967005
Vo Ngoc Son,0826450545
Nguyen Huu Huong,0889736311
Huynh Ngoc Dat,0830688246
Vu Ngoc Huong,0889590807
Ho Huu Trang,0903158134
Vo Minh Phuong,0387979730
Vu Thi Cuong,0822531028
Nguyen Quang Duc,0977558523
Phan Ngoc Binh,0865761929
Ho Ngoc Nam,0891414808
Ho Thi Hoa,0822895058
Phan Van Phong,0974156449
Bui Quang An,0897344365
Pham Minh Hieu,0888792411
Tran Duc Lan,0822663319
Ho Ngoc Phuong,0396255418
Vo Ngoc Khoa,0376499771
Bui Ngoc Hoa,0945676858
Ly Thanh Binh,0930878547
Le Thanh Anh,0775614484
Hoang Huu An,0985531293
Ngo Duc Tung,0869361069
Ly Ngoc Ngoc,0936485471
Ly Duc Hung,0374227787
Vo Quang Long,0702522845
Ngo Van Huong,0381367376
Dang Minh Minh,0842372774
Do Van Tung,0395204824
Ho Thanh Hai,0906575963
Ly Quang Duc,0329983135
Do Thi Bao,0891421349
Bui Thi Hung,0379377156
Ngo Quang Nga,0915510922
Ly Duc Kien,0782144023
Hoang Duc Lan,0938831414
Hoang Thanh Huong,0987103580
Duong Minh Minh,0826070468
Vo Duc Ngoc,0966083379
Bui Thi Linh,0373024309
Le Van Trang,0345733317
Le Thi Phuc,0768158272
Nguyen Thi Hung,0343800761
Dang Ngoc Phong,0322599548
Vo Quang Cuong,0984962567
Ly Quang Binh,0791696860
Phan Huu Khoa,0829055850
Pham Van Hai,0788833734
Dang Minh Hung,0975649968
Phan Ngoc Nga,0762198638
Ngo Quang Bao,0856320310
Phan Quang Chi,0322722056
Ho Thanh Nga,0332777286
Duong Huu Thao,0707342941
Hoang Thi Linh,0976893063
Nguyen Quang Nga,0393985095
Ho Ngoc Quang,0884780297
Ly Minh Cuong,0767531761
Phan Quang Dat,0358959220
Ho Huu Bao,0355192009
Ngo Van Phuc,0777868776
Bui Huu Hieu,0783255051
Ly Van Chi,0399570049
Vu Minh Hai,0887745704
Bui Quang Minh,0764727345
Ho Van Lan,0766406756
Bui Thanh Ngoc,0828849306
Tran Van Hoa,0942718884
Ngo Duc Tuan,0783350371
Do Quang Phong,0772321942
Ly Huu Thao,0794194357
Phan Thi Khanh,0978062973
Do Ngoc Long,0796227905
Do Quang Lan,0831721170
Huynh Ngoc Huong,0898655523
Do Van Nam,0792091745
Dang Thi Yen,0371407191
Hoang Minh Lan,0762689594
Le Van Mai,0367538325
Hoang Thi Thuy,0822472100
Tran Huu Tuan,0787339571
Nguyen Quang Anh,0983725179
Le Huu Trang,0787568671
Ly Duc Dat,0390447451
Dang Minh Linh,0940893502
Huynh Thanh Chi,0918422281
Pham Thi Phuc,0393955699
Phan Thanh Phong,0911369112
Duong Thi Phong,0393767135
Vo Huu Huong,0965346644
Vo Ngoc Thuy,0865625238
Tran Thanh Tung,0772450300
Vo Van Phuong,0320642620
Nguyen Thi Kien,0377926478
Le Thanh Bao,0892328554
Vu Ngoc Anh,0767870361
Duong Thanh Phuong,0880088100
Phan Van Tung,0980318832
Ly Van Binh,0363618086
Tran Duc Son,0782508522
Hoang Huu Phuong,0838854536
Vu Ngoc Hieu,0941865405
Dang Thi Dung,0764833542
Tran Minh Tuan,0355052478
Le Quang Hoa,0860801102
Le Duc An,0357043503
Nguyen Thi Phuc,0907669093
Tran Quang Ngoc,0981859886
Vu Van Thuy,0788385742
Do Ngoc Thao,0858993490
Huynh Thi Minh,0968646569
Dang Ngoc Duc,0844059048
Pham Thanh Khoa,0892408819
Nguyen Van Phuong,0377201433
Ho Ngoc Yen,0965919270
Dang Thanh Khoa,0359574148
Pham Duc Son,0943142605
Ly Duc Khoa,0931436363
Ly Thi Hanh,0826049927
Phan Minh Anh,0988825812
Hoang Quang Khoa,0838511546
Hoang Huu Hanh,0778516493
Le Thi Hai,0830341153
Do Thanh Bao,0917887557
Vu Ngoc Bao,0976490791
Pham Van Phuc,0394255545
Nguyen Ngoc Nga,0700272499
Phan Minh Thanh,0391133461
Phan Quang Binh,0394045421
Dang Thi Hanh,0701739191
Vo Huu Quang,0769762717
Do Van Nam,0705578736
Nguyen Ngoc Long,0320743829
Nguyen Huu Hoa,0399160590
Le Minh Nam,0382937508
Nguyen Huu Hai,0787795078
Dang Van Nam,0898028420
Ho Duc Hoa,0903058117
Dang Quang Huong,0772262450
Vo Ngoc Nga,0987678589
Vo Van Tuan,0974923149
Ho Ngoc Trang,0340734947
Tran Quang Quang,0773346548
Vu Ngoc Binh,0975294819
Le Huu Son,0378646701
Ly Thanh Chi,0919110543
Huynh Minh Thao,0814249899
Le Huu Hoa,0973206183
Huynh Quang Son,0375989032
Dang Quang Son,0790802018
Ly Thi Lan,0795568772
Le Duc Ngoc,0362088344
Bui Huu Huy,0776174337
Ho Duc Tuan,0946711251
Vo Minh Hieu,0707377556
Do Quang Son,0915688090
Huynh Thi Phong,0338324908
Le Van Hieu,0898347057
Vu Duc Nga,0398712003
Bui Thi Hai,0361385991
Dang Quang Anh,0707121922
Do Huu Long,0987224389
Bui Thi Thuy,0853027557
Nguyen Ngoc Hoa,0834928582
Tran Thanh Tung,0381721307
Phan Van Kien,0985501583
Do Huu Hanh,0934960015
Dang Thi Mai,0377481225
Tran Ngoc Ngoc,0857149041
Nguyen Minh Quang,0337447546
Hoang Duc Nga,0397501590
Bui Thanh Mai,0975914963
Hoang Thi Long,0857297090
Huynh Thanh Chi,0360962308
Le Minh Dat,0986815076
Do Thi Phuong,0398608154
Do Minh Dat,0772684131
Huynh Minh Hung,0962395441
Vu Quang Son,0797351320
Ngo Minh Tuan,0972117788
Pham Ngoc Mai,0983959345
Vo Ngoc Binh,0766145971
Pham Huu Ngoc,0396423230
Nguyen Minh Viet,0840543335
Do Thanh Khoa,0852574265
Le Quang Nam,0937548448
Pham Duc Thuy,0396241348
Hoang Thanh Dat,0881289923
Huynh Ngoc Hung,0842310140
Nguyen Minh Tuan,0826156398
Le Minh Hanh,0915274512
Do Thanh Hai,0904675638
Pham Thi Chi,0351903351
Phan Thanh Trang,0963121368
Pham Huu Duc,0818686324
Ho Thanh Kien,0919423304
Ly Ngoc Lan,0864391883
Hoang Ngoc Quang,0764366937
Phan Thanh Cuong,0897487220
Dang Huu Linh,0344791184
Vu Thi Phong,0898240971
Ho Quang Ngoc,0342057514
Vo Ngoc Anh,0321242387
Pham Minh Minh,0882896693
Nguyen Thi Huy,0897467726
Huynh Thanh Mai,0985361793
Phan Van Dung,0935828829
Bui Quang Hoa,0891089496
Phan Van Phong,0839096126
Do Ngoc Dung,0375032437
Hoang Thanh Thao,0792642499
Nguyen Huu Long,0892920762
Ho Ngoc Phuong,0776064832
Pham Duc Thao,0823762150
Phan Ngoc Tuan,0863371891
Nguyen Ngoc Hai,0772329967
Vu Thi Duc,0358288312
Le Van Mai,0966054838
Dang Duc Khanh,0839601221
Phan Thanh Trang,0397841768
Nguyen Huu Kien,0779255099
Vo Duc Chi,0321446455
Le Minh Cuong,0985189037
Dang Huu Phong,0918030667
Hoang Ngoc Quang,0826891998
Nguyen Duc Quang,0766869154
Duong Van Chi,0789645230
Hoang Ngoc Bao,0982102634
Do Thi Huong,0381244282
Le Van Ngoc,0887815384
Bui Ngoc Tung,0938679860
Ho Quang Mai,0392153097
Ngo Minh Tung,0789249336
Do Thanh Phuc,0909861412
Duong Van Hai,0332164813
Tran Huu Nga,0948436654
Vu Van Ngoc,0790929673
Hoang Thi Hai,0782083077
Pham Duc Kien,0822567173
Phan Thi Chi,0372762487
Do Huu Binh,0335413349
Tran Ngoc Thanh,0893782763
Hoang Thanh Dat,0398705660
Vu Minh Khanh,0371323049
Ngo Thanh Minh,0363293399
Vu Quang Thanh,0909241585
Ly Huu Binh,0362100009
Vu Thi Trang,0905080553
Le Van Lan,0858950276
Phan Ngoc Tung,0988431778
Vo Duc Tuan,0902829240
Phan Thanh Thao,0849741631
Ngo Quang Dat,0322872269
Huynh Huu Trang,0935664316
Ly Thanh An,0789455941
Dang Thanh Tung,0970476028
Do Thanh Binh,0980762722
Le Thanh Hanh,0909676615
Vu Huu Trang,0363536777
Le Thanh Phuc,0769598869
Ly Van Son,0940508113
Do Van Yen,0819153271
Ly Ngoc Minh,0375068298
Duong Ngoc Cuong,0814108369
Vo Duc Lan,0776813102
Le Thanh Dat,0377609207
Ho Ngoc Phong,0981005173
Vu Thanh Quang,0337375356
Vu Quang Trang,0948124385
Bui Duc Minh,0883422938
Ly Duc Phuc,0382410360
Vu Quang Tung,0385357240
Ly Thi Cuong,0705794356
Le Van Hung,0912193891
Le Huu Dung,0766216632
Duong Huu Phong,0829422943
Tran Quang Huong,0865353876
Pham Minh Hieu,0357826111
Le Thanh Cuong,0864487430
Bui Thi Huy,0884159388
Ngo Ngoc Linh,0321624230
Duong Duc Binh,0974868949
Ho Duc Khanh,0917015136
Vo Ngoc Dung,0352679315
Le Thi Phuong,0785493461
Le Minh Chi,0845246485
Ho Minh Khanh,0342673322
Tran Thanh Thanh,0818635649
Huynh Ngoc An,0888367799
Vo Thi Mai,0378344488
Ly Quang Long,0961510773
Phan Van Hieu,0918479950
Vu Thanh Long,0884038756
Vu Thanh Hoa,0349786890
Tran Duc Khoa,0390816348
Phan Ngoc Anh,0974720376
Hoang Thi Binh,0817895137
Huynh Van Trang,0379004176
Ngo Thi Hai,0961803501
Hoang Ngoc Hoa,0942247055
Phan Thanh Phong,0366136730
Le Huu Trang,0766765480
Le Huu Mai,0390759041
Phan Thanh Yen,0910858283
Ngo Thanh Ngoc,0849425722
Hoang Minh Chi,0346082139
Huynh Duc Phong,0834841933
Nguyen Duc Viet,0986481857
Tran Ngoc Minh,0827555692
Ho Huu Trang,0769225071
Phan Van Phuc,0361993318
Ly Duc Thanh,0321622046
Vo Minh Thanh,0916261229
Tran Minh An,0775688907
Huynh Quang Hoa,0836133857
Pham Duc Hanh,0762420404
Pham Minh Dat,0348541658
Ly Quang An,0918389915
Huynh Duc Thuy,0970760064
Nguyen Quang Phong,0972299088
Le Thi Long,0895587495
Ly Thanh Hung,0777948107
Phan Ngoc Linh,0827666995
Le Thanh Thuy,0328648751
Vu Quang Trang,0325502353
Ho Ngoc Duc,0855344047
Bui Minh Nga,0336592683
Le Duc Dung,0855020319
Nguyen Van Trang,0845643410
Vu Minh Trang,0828551583
Tran Thanh Linh,0838218263
Do Duc Quang,0899444301
Bui Thi Thanh,0377967375
Pham Quang Hung,0780279121
Ngo Minh Minh,0395557278
Vu Van Cuong,0931838859
Do Van Yen,0949792896
Ly Duc Phuc,0370447065
Bui Minh Trang,0857962302
Pham Duc Thuy,0369705188
Nguyen Thi An,0843817541
Pham Van Binh,0700861596
Le Thi Lan,0848060593
Pham Quang Yen,0338795159
Duong Minh Hoa,0906378535
Le Quang Ngoc,0324063384
Hoang Huu Phuong,0979606135
Ho Van Anh,0891843740
Vu Quang Minh,0340317716
Dang Quang Minh,0885262886
Hoang Quang Linh,0942540594
Pham Van Khanh,0943420734
Ho Ngoc Minh,0948419134
Dang Quang Hieu,0767912226
Vo Minh Dung,0791044906
Hoang Ngoc Dung,0892316639
Do Duc Cuong,0823478616
Bui Duc Minh,0835453426
Phan Van Minh,0938025733
Duong Minh Tuan,0826322070
Huynh Ngoc Anh,0382905518
Ngo Huu Hieu,0888944387
Ho Duc Anh,0389164943
Le Minh Hoa,0394435261
Huynh Thanh Bao,0858123194
Ly Thanh Binh,0344135904
Tran Thi Dat,0369363140
Vo Thi Phong,0373772642
Nguyen Duc Phuc,0374848684
Dang Van Phuc,0893477544
Vo Thi Son,0898204110
Duong Thi Linh,0388049765
Tran Minh Khoa,0399403421
Pham Thanh Lan,0774587856
Duong Duc Huong,0372044708
Vo Van Hoa,0849113230
Hoang Ngoc Kien,0916619156
Dang Duc Hung,0785790398
Huynh Duc Hieu,0762457461
Vo Duc Thuy,0370705758
Le Thanh Ngoc,0371325893
Pham Van Nga,0397421839
Pham Duc Bao,0904302415
Tran Duc Viet,0708037616
Tran Thanh Phuong,0343390138
Huynh Duc Bao,0789035838
Huynh Thi Duc,0369429097
Tran Thi Ngoc,0894557052
Le Duc Hieu,0321832517
Hoang Huu Thuy,0859845382
Tran Minh Anh,0354067770
Do Minh Thuy,0978909397
Dang Ngoc Mai,0353906349
Huynh Minh Dung,0971681042
Pham Thi Hoa,0945541407
Phan Ngoc Hung,0897925622
Bui Ngoc Hanh,0862306314
Hoang Thanh Thuy,0969233383
Vu Huu Kien,0336826774
Huynh Duc Anh,0907980915
Tran Thi Anh,0813346315
Tran Van Mai,0764819172
Le Thi Chi,0384788474
Duong Huu Khoa,0900992583
Hoang Thanh Hanh,0761500901
Hoang Thi Mai,0909632359
Tran Thi Anh,0358978365
Tran Thi Linh,0700625760
Vo Thanh Linh,0337010946
Le Minh Son,0782949245
Nguyen Ngoc Long,0976660463
Nguyen Thi Hanh,0778311162
Ly Duc Hieu,0334856449
Hoang Minh Ngoc,0970155477
Ngo Van Chi,0379528818
Le Duc Dung,0851800206
Vo Thanh Dat,0384774152
Pham Quang Thuy,0889115069
Dang Minh Yen,0828286475
Tran Minh Anh,0328459284
Duong Ngoc Binh,0884577446
Duong Minh Tuan,0341889899
Bui Thi Huy,0382726201
Vu Duc Phong,0707699307
Duong Quang Ngoc,0904316188
Vu Duc Khanh,0893123902
Pham Huu Linh,0965655803
Ngo Van Nga,0774949685
Do Ngoc Minh,0843240708
Ho Huu Mai,0336802999
Phan Quang Chi,0787175669
Vu Ngoc Thanh,0825501696
Phan Thi Nam,0986724865
Pham Huu Chi,0931600296
Ly Thanh Mai,0332359075
Ngo Van Minh,0815429135
Ngo Thanh Hoa,0350114590
Nguyen Duc Cuong,0366435310
Nguyen Thanh Phuong,0357494978
Ngo Quang Binh,0764479421
Pham Van Viet,0385065810
Le Thi Yen,0849611287
Bui Duc Nam,0964388133
Ly Minh Duc,0906032283
Vu Quang Hanh,0893964499
Ly Quang Son,0971983483
Ho Ngoc Minh,0885147356
Vo Van Dat,0336801762
Hoang Duc Thuy,0938430894
Vu Huu Anh,0895217344
Nguyen Thanh Nga,0891969909
Duong Minh Thuy,0904949909
Duong Thi Trang,0393705235
Ly Quang Phuc,0352240912
Phan Duc Quang,0812570027
Pham Thi Mai,0886268384
Pham Duc Hieu,0949214625
Ngo Van Huy,0819018050
Vu Ngoc Lan,0773664338
Ngo Duc Huong,0764151780
Ho Quang An,0939996107
Vo Ngoc An,0791373555
Do Thanh Lan,0827495187
Hoang Quang Hieu,0826069742
Ngo Minh Khoa,0989465180
Bui Duc Huy,0861036128
Nguyen Ngoc Viet,0789188029
Vo Minh Long,0823391627
Ngo Thi Long,0849003663
Pham Thanh Quang,0322760475
Nguyen Ngoc Lan,0388729882
Vo Huu Thao,0881950183
Vo Thi Cuong,0933446065
Do Minh Hoa,0899783594
Hoang Quang Phuong,0811525747
Ngo Thi Chi,0827473959
Dang Duc Nam,0770933413
Pham Huu Huong,0882213658
Huynh Thanh Yen,0826969667
Do Ngoc Long,0889460859
Phan Ngoc Huy,0979375061
Pham Duc Son,0885170227
Pham Quang Khanh,0700365247
Vu Huu Hanh,0914269083
Vu Van Hanh,0780050591
Phan Thanh Hai,0703655777
Vo Duc Nam,0841225232
Dang Thi Quang,0977108462
Huynh Minh Hanh,0391069713
Tran Van Hai,0831010921
Ngo Van Nam,0987920040
Ly Van Khanh,0974816582
Phan Minh Hung,0943019585
Phan Minh Thuy,0762272119
Phan Duc Dung,0767052503
Nguyen Quang Trang,0396416943
Hoang Van Phong,0886333337
Hoang Thi Hieu,0911346371
Huynh Duc Trang,0939047957
Le Ngoc Cuong,0325834610
Ly Duc Mai,0862994290
Huynh Ngoc Quang,0836594429
Bui Thi Dat,0822136529
Hoang Minh Chi,0703736121
Vo Duc Thuy,0780058272
Tran Huu Thao,0760381435
Do Quang Hanh,0377767916
Hoang Duc Dung,0939134277
Pham Minh Ngoc,0948924365
Ho Thanh Phuong,0913853123
Hoang Thanh Trang,0357728009
Nguyen Ngoc Nga,0392602504
Bui Quang Viet,0363162177
Hoang Minh Minh,0701893218
Ly Huu Hanh,0977033690
Hoang Minh Ngoc,0850262492
Duong Minh Hieu,0353457475
Nguyen Duc Quang,0981692765
Hoang Quang Duc,0850563316
Vu Thi Phuong,0880816653
Dang Ngoc Duc,0350742169
Phan Ngoc Anh,0917364573
Huynh Duc Tung,0359055666
Hoang Ngoc Phong,0340946973
Pham Thi Thao,0328453969
Duong Thi Khoa,0373928578
Vu Duc Huong,0789665527
Phan Thanh Phong,0389688419
Vo Huu Linh,0855379867
Vo Thanh Mai,0355062767
Dang Thanh Chi,0328745141
Phan Quang Son,0356938388
Duong Quang Hieu,0374616316
Hoang Huu Hieu,0979340180
Ly Huu Nam,0842938247
Bui Ngoc Huong,0907167236
Duong Minh Hieu,0838315137
Ho Van Thao,0975778321
Huynh Thanh An,0906394713
Phan Duc Huong,0778799030
Le Quang Phuc,0386984768
Duong Huu Cuong,0942503456
Do Thanh Trang,0376315953
Ho Ngoc Chi,0339024938
Bui Ngoc Cuong,0814042775
Bui Van Phuc,0793780654
Dang Thanh Thanh,0372421820
Vo Ngoc Quang,0777768273
Le Thi Son,0979435270
Nguyen Thanh Hoa,0946987842
Hoang Duc Hai,0838891787
Ly Thanh Bao,0326516590
Hoang Huu Lan,0354278117
Bui Ngoc Khoa,0345540893
Vo Quang Khanh,0901326581
Ngo Thanh Huy,0886225647
Le Thanh Khanh,0988986473
Bui Minh Anh,0703195751
Duong Thi Hanh,0974504038
Phan Quang Viet,0910663497
Duong Duc Lan,0791221118
Do Quang Nga,0349858018
Tran Huu Huy,0709375955
Ngo Thi Thao,0348042900
Ho Huu Huy,0345586214
Pham Minh Long,0370257256
Hoang Thanh Khoa,0343188068
Ngo Thanh Lan,0701968239
Ho Huu Phuc,0708034958
Vo Duc Thao,0353431161
Dang Thanh Huy,0914015307
Vo Huu Thao,0835395804
Do Duc Cuong,0764748945
Le Huu Huong,0917822384
Ngo Huu Tung,0836027375
Vo Duc Long,0374388275
Phan Van Linh,0398603633
Vo Duc Phong,0817818250
Ngo Quang Huy,0867876742
Ly Huu Hung,0765372622
Bui Van Dung,0346219396
Hoang Thi Thao,0386944595
Dang Ngoc Huong,0979437598
Ngo Thi Nga,0793712363
Duong Duc Linh,0702448176
Pham Thi Bao,0964375063
Le Ngoc Dat,0839798429
Le Van Dat,0847005797
Le Huu Anh,0372557039
Ngo Minh Binh,0345534221
Bui Huu Thanh,0356372653
Hoang Van Huong,0844122665
Tran Huu Tuan,0819238248
Do Van Thanh,0905663388
Dang Van Khanh,0368197701
Le Duc Binh,0708230828
Phan Quang Phong,0882822492
Le Minh Nga,0705908535
Ho Minh An,0332348114
Le Van Chi,0709169525
Duong Huu Son,0813087809
Nguyen Quang Ngoc,0830985360
Le Ngoc Lan,0820567468
Hoang Van Bao,0781247057
Ho Minh Binh,0780813936
Ho Duc Quang,0760107102
Ho Duc Khanh,0942306725
Le Huu Dung,0783882808
Ho Duc Kien,0982533857
Pham Duc Viet,0963669507
Ngo Duc Phuong,0827650572
Le Thi Nam,0391014184
Tran Duc Bao,0858106820
Pham Van Huy,0938184838
Ho Ngoc Ngoc,0960110936
Le Duc Cuong,0839255043
Ly Huu Duc,0940198826
Phan Minh Dung,0968882154
Pham Huu Viet,0704609384
Duong Van Yen,0834809835
Hoang Quang Hai,0968425786
Nguyen Thi Trang,0787223819
Hoang Duc Thao,0773007598
Phan Minh Khanh,0861615878
Dang Thanh Kien,0822498085
Huynh Minh Huy,0353220085
Bui Thanh Khoa,0858832465
Do Ngoc Cuong,0365946534
Ly Thanh Dung,0366658817
Nguyen Minh Hai,0986258766
Le Thi Nam,0917700704
Do Van Kien,0844080351
Duong Quang Minh,0893789255
Ho Thanh Phuc,0371352527
Phan Quang Duc,0900531577
Do Thanh An,0986799441
Vo Huu Phuong,0916327855
Vu Duc Hai,0837986040
Duong Duc Minh,0970158547
Bui Thi Tuan,0892875339
Tran Duc Linh,0988386232
Do Minh Duc,0797279795
Dang Quang An,0905557798
Phan Duc Tung,0841599906
Bui Quang Long,0820713900
Dang Van Quang,0353546989
Le Thi Quang,0799509060
Pham Thi Viet,0814548220
Huynh Thi Trang,0971247353
Tran Thi Nam,0934703878
Le Minh Ngoc,0839454126
Phan Minh Khanh,0930552000
Nguyen Ngoc Mai,0335276177
Ho Duc Long,0963475536
Huynh Ngoc Kien,0842419132
Bui Thanh Phuc,0766682298
Tran Quang Hieu,0985021033
Vo Van Tuan,0339461648
Hoang Thi Hieu,0359507579
Dang Thi Kien,0786528964
Pham Huu Phuong,0939069132
Vu Thi Phuong,0386439870
Huynh Quang Yen,0762347981
Do Minh Tuan,0771315798
Bui Duc Dung,0825802559
Vo Duc Dung,0971638895
Do Quang Khanh,0943894730
Hoang Quang Thao,0781275374
Vo Minh Binh,0389992655
Ho Ngoc Phuc,0915475691
Hoang Huu Nam,0964585666
Pham Ngoc Bao,0777558977
Duong Minh Quang,0813827527
Hoang Ngoc Tung,0399278433
Ho Quang Hai,0917245206
Bui Quang Thuy,0339829353
Huynh Thi Nam,0936376562
Pham Thi Tuan,0984955645
Ngo Thi Hai,0774134741
Phan Duc Kien,0891233237
Pham Huu Khoa,0984495824
Do Duc Thuy,0326375341
Huynh Thanh Long,0892588336
Vo Duc Bao,0706536772
Pham Van Linh,0386051545
Ly Thi Thuy,0861535458
Tran Quang Mai,0965171869
Le Thi Yen,0886038413
Le Thanh Linh,0764525929
Duong Ngoc Hung,0862223098
Nguyen Thi Son,0983143912
Do Thi Thanh,0947530347
Huynh Ngoc Binh,0839306992
Do Van Long,0826845845
Do Van Bao,0860440601
Hoang Van Bao,0985937696
Pham Quang Thao,0831561359
Hoang Duc Huy,0855443037
Nguyen Quang Dat,0796463219
Tran Ngoc Hanh,0964896386
Pham Minh Hung,0946506196
Ngo Huu Tung,0761421022
Ho Minh Trang,0709387465
Vo Minh Viet,0359595903
Ho Huu Hieu,0822845129
Dang Huu Phong,0936387623
Duong Quang Anh,0332329349
Huynh Huu Khanh,0365052144
Vu Minh Hai,0368273246
Vu Van Huy,0321061446
Le Thi Hanh,0337292657
Do Huu Hieu,0367064924
Ngo Thi Huy,0378124053
Ly Duc Yen,0771290526
Ly Minh Thanh,0394222820
Vu Duc Tuan,0358318184
Le Minh Phong,0853280754
Ho Huu Huong,0881794698
Le Ngoc Mai,0325111313
Vo Van Tuan,0966638609
Ly Huu Lan,0386373495
Ly Thi Trang,0775528792
Vo Ngoc Hieu,0885615941
Duong Van Kien,0949972258
Pham Duc Son,0325040467
Ly Huu Hung,0383369728
Le Thanh Khanh,0815271120
Dang Van Hieu,0336681351
Pham Van Cuong,0384889688
Bui Quang Huong,0708237735
Vo Ngoc An,0844067204
Le Van Binh,0386309161
Pham Quang Son,0366592357
Duong Quang Duc,0391910720
Vo Quang An,0843352088
Phan Ngoc Yen,0849154137
Vo Quang Viet,0339229132
Vu Van Chi,0967744735
Vu Van Duc,0893517316
Nguyen Thanh Huong,0884887726
Ho Van Duc,0781160289
Do Van Kien,0786864256
Hoang Minh Hung,0938376917
Nguyen Huu An,0325080688
Ho Duc Bao,0354239295
Le Huu Trang,0932586094
Pham Ngoc Nam,0897098909
Ngo Thanh Hung,0776324856
Pham Thi Phuong,0987534089
Huynh Ngoc Kien,0858040224
Ho Duc Kien,0846724393
Ngo Thi Anh,0838499549
Ho Thi Lan,0797017921
Vo Thi Quang,0830616817
Huynh Thanh Huy,0776031903
Ngo Thi Anh,0899007787
Phan Duc An,0851425760
Ly Minh Nga,0864164624
Do Quang Mai,0935956059
Vu Minh Binh,0330743175
Duong Quang Bao,0846704473
Hoang Thanh Viet,0765563269
Vo Huu Phong,0777221845
Do Ngoc Anh,0860176962
Hoang Thanh Huong,0864340909
Vu Duc Hieu,0358567725
Ho Quang Long,0708703982
Ho Thanh Thanh,0839739480
Vo Thanh Duc,0899650848
Ho Duc Yen,0357478923
Pham Thanh Quang,0396562142
Le Thi Phong,0889874900
Duong Van Khoa,0898396422
Huynh Thanh Bao,0325787592
Do Minh Hoa,0968099554
Tran Ngoc Hai,0864956530
Phan Ngoc Bao,0941440404
Pham Thi Binh,0862376915
Phan Minh Duc,0395232651
Vo Thi Chi,0387639213
Le Huu Thuy,0773470657
Vo Thanh Viet,0828102153
Le Minh Thao,0397988681
Duong Thanh Hoa,0867351204
Ho Quang Tuan,0707590804
Dang Thi Dat,0381126998
Vu Huu Son,0370749657
Dang Ngoc Phuc,0771930810
Phan Duc Thao,0965755892
Dang Thi Tuan,0901834801
Do Ngoc Duc,0932757404
Dang Duc Khanh,0704092180
Bui Thanh Hung,0822926839
Nguyen Ngoc Thanh,0832686631
Bui Huu Dung,0389392706
Nguyen Thanh Hoa,0947751982
Nguyen Thi Tung,0356795568
Huynh Van Tuan,0903094587
Ho Minh Anh,0337250013
Bui Quang Tung,0910489765
Ly Van Hung,0703310554
Dang Ngoc Tung,0889935520
Ho Duc Dat,0946523581
Nguyen Van Duc,0963603680
Ho Huu Kien,0344669851
Phan Thanh Huy,0761049645
Bui Thi Mai,0841707116
Phan Huu Nam,0779007502
Huynh Quang Viet,0336136988
Bui Minh Trang,0383306357
Ly Minh An,0881911847
Vu Quang Bao,0368212178
Vu Minh Khanh,0825258048
Ly Quang Trang,0856520284
Nguyen Quang An,0856585795
Pham Quang Thao,0841916496
Phan Quang Huong,0395905327
Ho Minh Nam,0797681625
Vo Thanh Khoa,0852894531
Phan Ngoc Khoa,0784990296
Bui Quang Trang,0859901382
Dang Quang Minh,0982247270
Huynh Ngoc An,0381977390
Ngo Thanh Anh,0355123426
Ho Minh Hanh,0863070977
Bui Van Khanh,0392371602
Vu Van Kien,0826517332
Bui Quang Phong,0942313029
Dang Duc Mai,0846437584
Vo Minh Phuc,0943116429
Tran Thanh Cuong,0819015728
Tran Duc Phuong,0892906397
Ly Thanh Phuong,0832799538
Do Minh Ngoc,0814845843
Pham Quang Viet,0323138993
Ho Van Viet,0387566540
Duong Huu Tuan,0850899447
Huynh Thanh Phuong,0796023677
Ho Thanh Tung,0968130388
Ly Thi Binh,0323273712
Ly Thi Binh,0786441514
Ho Thi Duc,0838479842
Vo Ngoc Linh,0908304216
Bui Huu Lan,0948249791
Nguyen Quang Tung,0947446596
Ngo Thanh Mai,0812806047
Ngo Ngoc Son,0989485801
Duong Duc Huong,0963699871
Tran Ngoc Lan,0370548532
Tran Duc Bao,0363772246
Duong Thanh Kien,0834843084
Vu Thanh Viet,0337672579
Hoang Thanh Kien,0848309978
Tran Quang Long,0838569902
Ngo Van Yen,0869608547
Bui Thi Phuong,0864494430
Do Thanh Nga,0769111809
Tran Quang Khanh,0786154919
Nguyen Minh Minh,0830698108
Dang Ngoc Tuan,0767404902
Pham Quang Hieu,0833666525
Phan Quang Minh,0941718262
Ho Huu Thuy,0704152891
Phan Minh Anh,0370540736
Ly Quang Hung,0884409307
Duong Duc Chi,0391459332
Bui Van Nam,0881969410
Ly Van Dung,0763975295
Tran Ngoc Phuong,0349863726
Do Quang Nga,0895882609
Duong Ngoc An,0797183451
Tran Minh An,0332335975
Vu Thi Cuong,0773466502
Do Minh Tuan,0783471922
Vo Quang Mai,0770995859
Ly Duc Dung,0845885707
Vo Duc Son,0834715824
Pham Quang Hung,0859039036
Nguyen Ngoc Thuy,0335430006
Duong Ngoc Binh,0894909595
Do Thi Hung,0379608908
Dang Huu Anh,0368630451
Duong Van An,0931597613
Duong Van Viet,0326905438
Le Van An,0974652716
Vo Quang Thao,0792128830
Tran Ngoc Binh,0892226183
Vu Ngoc Bao,0352453557
Phan Duc Minh,0895403886
Vo Duc Hung,0784153279
Pham Thi Bao,0766588425
Tran Ngoc Long,0812385244
Le Huu Huong,0844508325
Hoang Thi Khanh,0906949543
Huynh Quang Hoa,0917583162
Vo Minh Khanh,0981561871
Nguyen Quang Hung,0918650558
Tran Thanh Huy,0704667852
Duong Minh Thanh,0896191986
Duong Minh Hung,0888188027
Tran Huu Anh,0389763593
Pham Duc Tung,0961562657
Dang Quang Hoa,0707691502
Vo Ngoc Duc,0906009980
Pham Thanh Phuong,0791062512
Vu Thanh Thao,0778966154
Le Thi Hieu,0913654579
Duong Thanh Dung,0943554277
Hoang Van Hieu,0814505300
Ngo Quang Khoa,0384757902
Le Ngoc Long,0389182347
Dang Huu Yen,0842191007
Duong Huu Tung,0848142618
Vo Ngoc Nam,0775766993
Vo Thanh Khanh,0930812172
Duong Thanh Hieu,0971670586
Tran Duc Ngoc,0907710502
Vo Thi Thao,0962084353
Duong Quang Nam,0792650523
Huynh Thanh Bao,0887659103
Ngo Huu Viet,0967177281
Tran Thi Tuan,0342213134
Ho Thi Hoa,0905064462
Duong Minh Son,0334597283
Ly Thanh Phong,0986047102
Bui Van Chi,0361382787
Le Thi Dung,0392777050
Dang Quang Trang,0976649508
Le Van Phuc,0905125594
Ngo Quang Thuy,0703928281
Dang Thanh Mai,0941530068
Le Thi Duc,0891596917
Pham Thi Phong,0963580613
Ly Minh Chi,0811307594
Phan Ngoc Hoa,0329960289
Tran Thanh Cuong,0358714828
Dang Thanh Viet,0937466983
Le Minh Nga,0960135267
Le Duc Huong,0895764217
Tran Minh Tuan,0782023227
Huynh Huu Huy,0797085252
Ngo Ngoc Kien,0892217531
Le Thanh Khoa,0811188301
Bui Minh Nam,0356426846
Ly Minh Trang,0981718442
Do Thanh Dat,0865257165
Le Van Hoa,0395020671
Ho Ngoc Trang,0326420993
Tran Minh Dat,0762233823
Ly Huu Hoa,0902396676
Pham Ngoc Tuan,0988900451
Ngo Quang Huong,0840142182
Pham Thi Cuong,0852753418
Tran Ngoc Hai,0885891952
Tran Duc Chi,0703574477
Ly Duc Thuy,0902539636
Hoang Quang Anh,0947421969
Huynh Minh Hung,0793644760
Le Minh Cuong,0981685524
Ngo Ngoc An,0322066235
Vo Huu Dung,0846442986
Duong Thi Long,0397203947
Nguyen Ngoc Duc,0382345961
Duong Duc Lan,0354646746
Vu Ngoc Viet,0901413458
Duong Minh Huy,0359284454
Bui Duc Duc,0854780177
Ho Thi Hanh,0760450038
Duong Thi Thanh,0795060836
Vo Huu Trang,0348686388
Do Thanh Thuy,0858548370
Dang Ngoc Thao,0346572491
Huynh Quang Thuy,0370915518
Hoang Huu Tuan,0774015476
Duong Minh Phuc,0816474085
Dang Thi Viet,0864044680
Nguyen Thanh Huong,0819964488
Ly Van Bao,0988863176
Pham Ngoc Linh,0966058222
Huynh Minh Nam,0382214305
Vu Huu Lan,0919535840
Dang Duc Nam,0946130603
Tran Duc Khoa,0832898604
Do Ngoc Hung,0767902314
Vu Duc Phuong,0761224599
Dang Ngoc Lan,0969854324
Duong Thanh Viet,0980231415
Duong Ngoc Long,0363619565
Duong Ngoc Huong,0971014499
Nguyen Thanh Hai,0776676912
Huynh Minh Thao,0824806467
Bui Duc Bao,0908406206
Bui Minh Huong,0766969792
Nguyen Thanh Cuong,0946749095
Huynh Duc Binh,0989002063
Tran Huu Nam,0832561552
Dang Duc Long,0361402526
Vo Thanh Hung,0371325761
Bui Ngoc Dung,0823409088
Ngo Huu Dung,0772606795
Nguyen Huu Chi,0835481960
Vu Thanh Linh,0919838782
Le Duc Kien,0901109227
Pham Minh Hanh,0377339797
Ho Thi Hieu,0704003671
Huynh Duc Huong,0974101689
Phan Huu Linh,0987289425
Phan Minh Thao,0867606317
Pham Ngoc Long,0850923227
Phan Minh Dat,0372946849
Hoang Van Thao,0860212482
Ly Thanh Thao,0892302031
Phan Ngoc Son,0890190431
Dang Thi Khanh,0338328426
Do Ngoc Phuc,0398774573
Nguyen Ngoc Long,0824349442
Duong Van Khanh,0336238933
Nguyen Van Thanh,0324509119
Pham Minh An,0701980663
Phan Ngoc Thao,0760492516
Huynh Ngoc Lan,0387202871
Huynh Ngoc Son,0368788815
Duong Huu Kien,0984411563
Ngo Duc Kien,0899674609
Tran Minh Huong,0901293020
Huynh Ngoc Quang,0817636951
Vu Minh Phong,0826041876
Vu Thi Mai,0978382064
Do Quang Phong,0799510771
Duong Minh Thao,0336168777
Pham Van Hieu,0334280137
Ly Ngoc Son,0761726457
Ly Thi Duc,0841934976
Vu Thi Viet,0358536665
Dang Minh Hanh,0960738833
Ly Van Duc,0790206159
Huynh Huu Hoa,0350771442
Tran Thi Ngoc,0816106512
Duong Ngoc Thanh,0912518002
Ngo Quang Tuan,0330593302
Tran Thanh Son,0837035849
Ho Thi Kien,0355398941
Vo Van Hieu,0356983626
Vo Ngoc Chi,0705367620
Hoang Huu Linh,0361306728
Ly Van Chi,0846254683
Hoang Ngoc Dung,0868422849
Huynh Thanh Anh,0930883692
Duong Quang Dat,0333744423
Tran Van Linh,0778653253
Dang Duc Yen,0976726402
Le Minh Hung,0987802985
Tran Duc Phuong,0794736323
Ho Van Duc,0765212643
Hoang Huu Mai,0381449308
Huynh Thi Hung,0837662929
Phan Quang Hai,0966189439
Nguyen Ngoc Long,0344892153
Bui Van Long,0845098752
Le Duc Hai,0704069884
Le Huu Thuy,0886178606
Ngo Ngoc Huong,0848277218
Ly Quang Hieu,0763278644
Do Duc Lan,0709169742
Pham Thi Hung,0764112546
Ly Quang Quang,0320107003
Duong Van Ngoc,0940401147
Vu Thanh Binh,0359085620
Do Van Long,0390160974
Le Ngoc Dat,0380024528
Nguyen Van Quang,0766312844
Nguyen Van Tung,0795159172
Le Minh Kien,0863442590
Hoang Quang Nga,0823995789
Vu Huu Thuy,0948254874
Pham Minh Phuc,0972388630
Phan Huu Kien,0894694689
Le Thanh Lan,0980736524
Do Huu Huong,0358720112
Vu Quang Thuy,0946249378
Dang Quang Anh,0881424426
Duong Quang Thuy,0841603516
Huynh Ngoc Viet,0822239990
Phan Van An,0906616116
Bui Duc Tuan,0989930363
Huynh Ngoc Son,0841044933
Huynh Huu Phong,0942192921
Huynh Ngoc Phuong,0354893511
Bui Van Thanh,0365284972
Nguyen Minh Nga,0776592651
Phan Van Dung,0895473593
Hoang Duc Yen,0387596016
Vo Quang Yen,0363919346
Phan Huu Hoa,0983400953
Vu Quang Huy,0329809773
Duong Van Khoa,0862607356
Ho Quang Dat,0862757754
Duong Thanh Hoa,0887819107
Le Huu Thuy,0386820148
Nguyen Thi Khoa,0868991321
Do Thanh Bao,0393483557
Dang Huu Hieu,0885172545
Hoang Van Phong,0884446095
Do Duc Mai,0792011815
Phan Ngoc Nga,0982644347
Pham Duc Chi,0775103880
Pham Van Chi,0780676621
Ho Thanh Huong,0345499465
Nguyen Quang Hung,0321530298
Hoang Huu Thanh,0894164420
Phan Huu Phuong,0396647878
Hoang Thi Huong,0820821255
Tran Duc Hanh,0935013715
Huynh Quang Hung,0362917016
Ho Van Linh,0966784575
Hoang Van Kien,0797586676
Vo Quang Hieu,0839229497
Bui Thi Viet,0351589226
Vo Quang Thao,0881709721
Nguyen Duc Thuy,0772345338
Ngo Duc Duc,0860200603
Pham Huu Trang,0973729376
Hoang Thi Phuong,0323324120
Vu Minh Mai,0786720647
Huynh Van Tung,0391409947
Vo Quang Huy,0849833440
Pham Thanh Linh,0361258076
Tran Thanh Ngoc,0961081661
Ho Thi Thuy,0347439543
Nguyen Thi Nam,0772160763
Vo Minh Dat,0985562484
Vo Van Tuan,0860716325
Do Huu Cuong,0880849559
Ho Quang An,0339628179
Pham Thi Phong,0946626978
Do Quang Kien,0810494630
Ly Huu Chi,0917158234
Phan Huu Son,0335938182
Pham Minh Lan,0343139874
Do Thi Viet,0364695180
Tran Huu Viet,0882493621
Dang Thi Kien,0974123584
Vo Minh Hung,0904951043
Bui Thi Binh,0816912082
Pham Minh Anh,0838036805
Vu Huu Minh,0971471723
Do Van Binh,0366425930
Ngo Thi Phong,0327033593
Nguyen Van Phuong,0348821696
Le Ngoc An,0359121045
Phan Ngoc Hai,0770327658
Do Thanh Long,0916024901
Bui Duc Dat,0819135492
Nguyen Duc Ngoc,0778131572
Vo Quang Thuy,0399490050
Huynh Minh Long,0825395626
Bui Huu Kien,0914537157
Dang Van An,0330437264
Nguyen Duc Hanh,0383674549
Tran Quang Thuy,0964713268
Huynh Thi Dat,0977913550
Phan Quang Cuong,0825996728
Nguyen Quang Huy,0769797708
Pham Thi Dat,0352678059
Vo Duc Hoa,0864158351
Le Quang Hoa,0934045872
Hoang Van Huy,0368953825
Dang Van Dat,0780937991
Duong Minh Tung,0763681115
Tran Thi Phong,0846516648
Ly Duc Khoa,0392914404
Tran Van Dung,0333968669
Vu Thanh Nga,0845335227
Nguyen Ngoc Hanh,0776019382
Ly Ngoc Viet,0840473227
Ngo Duc Cuong,0895900247
Vu Duc Hanh,0849455747
Nguyen Huu Tuan,0329447399
Phan Minh Lan,0348258194
Vo Quang Huy,0835185050
Do Minh Viet,0338228157
Vu Duc Chi,0971514267
Do Ngoc Ngoc,0973902772
Ly Van Duc,0853671004
Do Van Duc,0968832340
Do Minh An,0810011467
Le Huu Viet,0383380011
Vo Duc Dung,0772189251
Bui Thanh Minh,0382977282
Ly Thi Hung,0775428919
Hoang Thi Huy,0970367637
Nguyen Ngoc Hai,0329841668
Vu Thi Mai,0892376537
Bui Thanh Son,0761860938
Ho Ngoc Dat,0798829762
Ngo Minh Minh,0796121835
Vo Van Tung,0986267813
Pham Thi Yen,0896636992
Nguyen Duc Tung,0841695038
Huynh Minh Thuy,0385062779
Ly Minh Huong,0382289279
Vo Thanh Hai,0337329435
Le Van Hoa,0778173859
Ngo Ngoc Mai,0905323132
Ly Duc Mai,0339428414
Vo Minh Nam,0895986539
Duong Duc Lan,0359880943
Duong Ngoc Quang,0782941912
Huynh Thi Phong,0915147639
Ho Huu Thanh,0704941179
Le Thanh Dat,0322981450
Nguyen Ngoc An,0700030163
Huynh Quang Son,0899610573
Vo Thi Binh,0919520780
Tran Quang Hanh,0973054824
Bui Thanh Hoa,0855338793
Ly Duc Dung,0773706007
Nguyen Ngoc Nam,0909488358
Dang Quang Ngoc,0868324603
Phan Van Anh,0325556084
Vu Huu Yen,0701305378
Ly Huu Bao,0355818508
Ngo Duc Hieu,0382816683
Vu Minh Lan,0901488575
Vo Duc Phuong,0785632941
Vo Quang Phuong,0880191186
Duong Van Nga,0363517918
Huynh Quang Chi,0351137407
Ngo Thanh Viet,0394306005
Dang Minh Long,0771812519
Tran Duc Khoa,0700021494
Phan Huu Hai,0976474950
Vo Huu Viet,0887040612
Pham Minh Hanh,0336946088
Le Ngoc Thanh,0816353742
Hoang Huu Bao,0399160762
Bui Huu Kien,0911701688
Pham Duc Nam,0788044494
Dang Thanh Linh,0779698161
Ngo Thi Huong,0903784650
Vu Thi Minh,0337571346
Duong Thanh Nam,0980560573
Hoang Huu Khanh,0370336852
Tran Van Linh,0384380995
Pham Ngoc Viet,0861244876
Bui Ngoc Long,0382853891
Tran Huu Lan,0912699529
Vu Duc Duc,0701258331
Do Duc Chi,0831562037
Vu Ngoc Hanh,0389966178
Tran Ngoc Dung,0858098979
Tran Thanh An,0890519979
Le Thanh Viet,0942768193
Hoang Thanh Tung,0857284673
Tran Duc Phuc,0330898516
Ly Duc Thao,0865554845
Huynh Ngoc Thanh,0343187406
Phan Duc Phuc,0949296463
Vo Quang Hoa,0709061801
Vo Thi Dung,0364723173
Bui Minh Minh,0373985398
Nguyen Ngoc Hieu,0860832744
Bui Thanh Quang,0919592705
Hoang Huu Cuong,0838236745
Do Minh Huy,0320914439
Ho Ngoc Mai,0390064014
Duong Thi Lan,0941470159
Vu Quang Hieu,0378058573
Ly Quang Mai,0341627170
Huynh Van Dung,0963472094
Ho Thi Nam,0334895783
Dang Van Thanh,0987945197
Ho Thi Lan,0791937918
Tran Ngoc Kien,0376668395
Ly Thi Dat,0818205682
Do Quang Son,0934446036
Vo Van Mai,0989128919
Phan Duc Dung,0913101792
Bui Thi An,0396399588
Ngo Quang Anh,0393130342
Dang Quang Hoa,0880748547
Le Duc Bao,0367377620
Tran Ngoc Phong,0884419132
Pham Minh Hanh,0354505722
Le Quang Nga,0841034137
Nguyen Duc Dung,0321622400
Vo Quang Thanh,0985767862
Ho Thi Hieu,0779084006
Dang Thi Hoa,0949893967
Ngo Quang Bao,0359287898
Hoang Quang Phuong,0976494562
Bui Van Phuc,0788767475
Do Thanh Yen,0948984440
Ly Van Phuong,0937966231
Bui Quang Tung,0843953417
Bui Ngoc Hanh,0815013906
Tran Duc Hieu,0986623718
Vu Ngoc Hanh,0790582647
Duong Van Dat,0829583480
Pham Ngoc Dung,0829587934
Ho Duc Phuc,0932473761
Vo Ngoc Phuong,0867533636
Vu Huu Cuong,0332804559
Huynh Thanh Tung,0343233407
Bui Quang Hung,0320715982
Duong Huu Anh,0941314805
Le Duc Hanh,0937304686
Vu Ngoc Trang,0342480985
Vo Ngoc Quang,0789983243
Dang Duc Linh,0365364506
Le Duc Nga,0701124274
Dang Thi Hai,0986511223
Ngo Duc Dung,0836666510
Pham Van Duc,0835471499
Phan Ngoc An,0794633880
Tran Minh Bao,0827686601
Vo Ngoc Chi,0790207430
Phan Thi Son,0779857890
Le Minh Viet,0827039616
Phan Minh Phuc,0866953189
Huynh Van Thanh,0322486379
Bui Duc Huy,0849863897
Le Ngoc Hai,0841681144
Hoang Thanh Bao,0869440266
Nguyen Ngoc Thanh,0761694338
Ly Quang Hoa,0774799841
Ly Thi Huy,0798986438
Huynh Duc Lan,0396893590
Duong Ngoc Minh,0366426403
Bui Huu Nga,0908146760
Duong Duc Nam,0847936405
Ho Quang Hoa,0972889032
Bui Thanh Dat,0366760781
Ho Duc Dung,0326739741
Vo Quang An,0976640300
Phan Van Hieu,0383985919
Vu Huu Ngoc,0977972838
Ho Minh Mai,0366248518
Vo Ngoc Yen,0965668452
Do Huu Trang,0785084418
Ly Ngoc Minh,0374703436
Le Duc Ngoc,0788248001
Bui Minh Minh,0791647814
Ly Huu Hieu,0793824490
Huynh Minh Viet,0325041225
Vu Thi Minh,0707434162
Ngo Minh An,0765383277
Nguyen Quang Nam,0366992286
Le Duc Thanh,0851497984
Vo Thi Dat,0347410774
Vo Minh Hung,0346831185
Huynh Minh Linh,0708127895
Duong Huu Phuong,0768665455
Hoang Minh Khanh,0796273172
Ly Minh Phong,0780942977
Duong Van Lan,0822667115
Bui Huu Tuan,0985219779
Vu Ngoc Khanh,0898502613
Ly Thanh Binh,0912275826
Le Huu Khanh,0768796063
Phan Ngoc Dat,0840485669
Hoang Thanh Mai,0333234033
Phan Huu Phuong,0783367636
Vo Van Dat,0780966829
Le Minh Anh,0350554840
Bui Duc Hai,0880848243
Le Ngoc Nam,0393340507
Do Van Ngoc,0366179919
Bui Duc Son,0787788293
Ngo Ngoc Kien,0826659586
Dang Thi Khoa,0902078241
Phan Huu Binh,0930512765
Nguyen Ngoc Dat,0356248955
Huynh Huu Nga,0819966397
Ngo Thanh Tung,0882979359
Nguyen Thanh Khanh,0797962169
Pham Thanh Trang,0849249844
Dang Quang Thao,0395775539
Le Duc Kien,0334339593
Hoang Huu Ngoc,0701516524
Le Huu Lan,0370460542
Hoang Duc Hieu,0910833006
Le Ngoc Hai,0339600897
Vo Duc Thuy,0763595669
Ngo Van Anh,0793713654
Phan Thi Tuan,0903776753
Pham Duc Thanh,0933468370
Dang Van Ngoc,0366870390
Phan Van Dung,0820336422
Vu Huu Thao,0790149283
Vo Duc Hoa,0812219862
Le Thanh Son,0902905824
Ly Minh Khanh,0850141997
Ly Duc An,0354234408
Le Minh Tung,0855124763
Hoang Minh Phuong,0894620085
Do Huu Nam,0946316209
Do Thi Hanh,0795850369
Ngo Duc Tuan,0884227836
Huynh Minh Dat,0347829893
Phan Quang Huong,0378734854
Dang Van Hung,0786663113
Phan Minh Tuan,0841716512
Pham Ngoc Tung,0968581776
Phan Huu Quang,0936278533
Tran Thi Dung,0839961850
Ho Ngoc Nam,0854742531
Nguyen Ngoc Dung,0371813693
Bui Thi Viet,0811071008
Do Huu Son,0384638619
Vu Thanh Phuong,0905454894
Vu Thanh Long,0794645358
Vu Duc Son,0365012883
Pham Duc Duc,0342515396
Ho Ngoc Hieu,0824031599
Vu Duc Ngoc,0976779646
Dang Duc Huong,0935361758
Pham Huu Yen,0932347627
Hoang Minh Hieu,0700427068
Pham Duc Nga,0908344531
Tran Huu Nga,0374352450
Phan Duc Nam,0946788043
Tran Thanh Trang,0910592554
Vo Van Yen,0849597279
Vu Ngoc Khanh,0783186247
Huynh Huu Phuc,0383730635
Ngo Quang Kien,0938969688
Phan Duc Hieu,0907981512
Ho Van Thuy,0936014583
Tran Duc Yen,0825036433
Ho Thanh Nga,0792851902
Dang Ngoc Minh,0789365848
Hoang Thi Hai,0334928878
Le Quang Dung,0867898392
Duong Minh Tung,0324339457
Do Duc Ngoc,0709378994
Hoang Huu Linh,0763071377
Tran Thanh Kien,0935630978
Ho Thanh Phuc,0901498202
Ngo Duc Chi,0355960666
Huynh Van Cuong,0355152035
Phan Minh Tuan,0945558579
Vu Quang Khanh,0394371458
Ly Thi Quang,0844933359
Vo Ngoc Phuc,0881976045
Ho Minh Phong,0810900549
Le Thi Nga,0799790757
Le Van Kien,0841194801
Hoang Ngoc Huy,0813263903
Ly Minh Viet,0822010177
Ho Quang Hung,0796403346
Ly Ngoc Phuc,0825005578
Duong Thi Nga,0940907009
Duong Huu Quang,0792529642
Huynh Quang Tung,0323360419
Tran Minh Yen,0386865099
Ly Duc Dung,0847676774
Phan Ngoc Viet,0325308033
Pham Minh Long,0793025884
Vo Ngoc Son,0761355791
Pham Ngoc Phong,0815580596
Hoang Duc Hanh,0902966618
Ho Ngoc Nga,0380973306
Hoang Quang Yen,0967584194
Vo Huu Thao,0363512853
Do Quang Tuan,0762828735
Vo Minh Bao,0842658100
Ho Van Bao,0811477088
Do Ngoc An,0327276470
Hoang Thanh Nga,0907204299
Do Duc Viet,0917197852
Ngo Duc Hanh,0816430982
Nguyen Thanh Duc,0960632925
Pham Ngoc Thanh,0833345615
Dang Thi Minh,0706259602
Le Thi Viet,0965405839
Tran Minh Huy,0768909268
Ly Huu Thao,0340300582
Do Thi An,0930069186
Bui Thi Linh,0904174559
Bui Quang Kien,0355777230
Ly Van Hanh,0372163099
Do Minh Minh,0866434909
Do Van Hoa,0829876255
Nguyen Van Duc,0372802133
Pham Minh Chi,0980767026
Duong Quang Huong,0374879280
Duong Ngoc Nga,0888728991
Tran Duc Linh,0858793234
Duong Ngoc Linh,0387275695
Bui Quang Kien,0932244614
Duong Van Thao,0388223833
Vu Van Lan,0393161264
Ngo Thanh Dung,0336767788
Ngo Huu Son,0963832222
Do Duc Minh,0352201267
Nguyen Quang Phuc,0340367643
Phan Van Huy,0848466346
Tran Quang Phong,0332066315
Do Huu Dung,0390626854
Ngo Duc Thanh,0914291430
Phan Ngoc Binh,0768971338
Pham Minh Hoa,0850815153
Nguyen Quang Duc,0850804641
Hoang Huu Dat,0931813842
Vu Van Hanh,0900331211
Ho Ngoc Nga,0971942630
Le Thanh Thanh,0947454356
Huynh Minh Phuc,0912073581
Huynh Thi Khanh,0834240244
Huynh Thanh Huong,0812569046
Nguyen Ngoc Minh,0340156104
Huynh Ngoc Hai,0377061051
Phan Huu Hieu,0931694160
Le Duc Chi,0938729340
Pham Minh Nam,0362301222
Hoang Duc Thao,0941760168
Ho Huu Binh,0821975258
Bui Quang Tuan,0371912813
Duong Duc Hieu,0771782809
Ho Quang Hung,0813332737
Duong Quang Thuy,0853351238
Nguyen Huu Trang,0764412305
Duong Quang Long,0788776935
Ly Ngoc Quang,0346004931
Le Thi Long,0896874568
Le Quang Phuc,0372690622
Phan Quang Binh,0979196242
Ngo Huu Anh,0813484526
Le Van Thao,0898064202
Ly Thanh Viet,0383934345
Ho Quang Dat,0960213899
Bui Quang Bao,0931493219
Duong Minh Nga,0869632684
Ly Ngoc Anh,0938289690
Pham Thanh Minh,0321511336
Do Thanh Cuong,0768584991
Phan Thi Hanh,0981699372
Ho Quang Hanh,0363878226
Dang Huu Son,0884966428
Do Huu Anh,0367789281
Do Minh Huy,0971674515
Phan Minh Dung,0782931009
Huynh Thanh Phuong,0790661769
Pham Huu Hoa,0794874908
Do Thanh Phuc,0395246354
Nguyen Ngoc Hieu,0941944497
Vu Van Trang,0860769891
Dang Quang Thuy,0962321873
Bui Quang Son,0932860721
Dang Thi An,0385998314
Dang Minh Cuong,0884501484
Vu Duc Hoa,0701559464
Do Huu Quang,0395749933
Tran Thi Tuan,0331909784
Ngo Quang Anh,0916715084
Ho Duc Huong,0884560602
Tran Ngoc Minh,0786471232
Dang Van Khanh,0898023619
Tran Van Ngoc,0777075620
Huynh Van Khoa,0902798082
Ho Ngoc An,0862223175
Ho Quang Long,0890983923
Ho Huu Viet,0792674211
Nguyen Thanh Duc,0866979786
Vu Thi Tung,0848097940
Bui Minh Phong,0779545286
Bui Huu Tuan,0937351152
Hoang Huu Son,0336371160
Vo Minh Kien,0766016291
Tran Quang Binh,0850483456
Nguyen Thi Trang,0792192032
Do Quang Thao,0818189341
Huynh Van Viet,0866900204
Tran Duc Duc,0880771287
Vu Thi Phong,0984389135
Ngo Quang Dung,0905272037
Ly Duc Hai,0968804983
Hoang Huu Linh,0769674564
Le Quang Huong,0709479332
Le Huu Nga,0355675742
Ngo Duc Mai,0828776214
Vu Van Hieu,0891597897
Nguyen Duc Thuy,0944170429
Hoang Minh Bao,0815800713
Ngo Duc Huong,0936457158
Duong Thi Phuong,0329367461
Pham Ngoc An,0850915467
Tran Duc Thuy,0962632804
Vu Minh Linh,0827873361
Hoang Duc Long,0798318729
Hoang Duc Hung,0792775016
Ly Huu Son,0988248484
Ngo Minh Nam,0384041494
Phan Van Son,0384666702
Ngo Ngoc Huong,0978504862
Le Thanh Thao,0359235783
Pham Quang Huong,0906352484
Le Minh Phuc,0913942645
Nguyen Huu Yen,0987702329
Phan Thi Viet,0889613930
Ngo Van Anh,0881476728
Hoang Duc Nga,0798362706
Vu Thanh Thao,0885302632
Le Van Long,0868344540
Bui Ngoc Mai,0700298116
Duong Van Long,0866768594
Bui Minh Tuan,0940601160
Do Thanh Nam,0839212349
Huynh Thanh Yen,0961524974
Tran Quang Ngoc,0775110305
Le Quang Trang,0829434375
Bui Duc Trang,0347653898
Ho Thanh Cuong,0386095875
Vu Ngoc Viet,0780910586
Vu Huu Hanh,0783739945
Ngo Thanh Minh,0797624573
Pham Ngoc Trang,0389397771
Pham Thanh Viet,0767937865
Do Ngoc Khoa,0896095071
Vo Thi Anh,0897592234
Do Van Dung,0861634721
Huynh Thi Hieu,0763720299
Ly Van Hung,0965727022
Do Quang An,0394898671
Dang Thi Viet,0838757456
Bui Quang Dung,0391783791
Do Van Thuy,0972754070
Vu Ngoc Phuong,0812356346
Hoang Quang Phong,0786865417
Huynh Minh Huy,0864266266
Tran Quang Thanh,0853287016
Ngo Thanh Thao,0342025778
Vu Duc Tung,0796591709
Do Thi Thao,0347667959
Vo Ngoc Mai,0783197381
Hoang Minh Duc,0895669584
Ly Thi Quang,0866953658
Phan Minh Phuc,0979878611
Le Quang Yen,0867558212
Tran Thi An,0889887084
Dang Huu Kien,0822258817
Pham Van Viet,0810072773
Dang Quang Huy,0820814896
Duong Ngoc Bao,0837261353
Ho Huu Nam,0789816696
Vo Ngoc Duc,0818528410
Hoang Duc Nam,0762972963
Duong Huu Long,0899706531
Duong Minh Bao,0332153888
Dang Minh Lan,0866499587
Vu Van Quang,0935399642
Nguyen Thi Long,0826453568
Ly Ngoc Linh,0944164755
Ho Van Bao,0366675150
Vu Huu Linh,0384935413
Bui Thi Ngoc,0882237608
Vo Quang Linh,0326924719
Nguyen Thi Anh,0858594877
Duong Duc Chi,0379190659
Ngo Thi Thuy,0795266549
Ho Duc Hai,0899287557
Do Van Thuy,0903646403
Vo Thanh Huy,0343518395
Vo Minh Nam,0854875114
Ho Huu Anh,0935793064
Duong Ngoc Hai,0932225862
Hoang Minh Yen,0892983202
Vu Ngoc Bao,0829101496
Tran Huu Anh,0895408662
Pham Duc Hanh,0891936178
Le Huu Minh,0765909569
Ngo Thi Khanh,0838059269
Ly Duc Huy,0849573720
Do Huu Mai,0937004117
Huynh Thanh Linh,0938957402
Phan Minh Trang,0377086467
Vu Minh Minh,0770214253
Vu Minh Hieu,0821786278
Hoang Thanh An,0966389943
Ho Ngoc Huy,0320890282
Huynh Huu Nam,0930949670
Tran Thanh Khanh,0344479152
Duong Van Quang,0762700047
Vu Quang Bao,0374203716
Dang Quang Anh,0321040738
Dang Huu Viet,0894951637
Ly Ngoc Phuong,0349079361
Vo Duc Huong,0976017692
Tran Minh Quang,0787593275
Vo Ngoc Khoa,0869426865
Nguyen Huu Huong,0793763253
Bui Quang Dat,0709416557
Pham Thanh An,0913986190
Vo Ngoc Kien,0824825775
Nguyen Van Phong,0890788191
Bui Thanh Tung,0916502088
Ngo Van Huong,0945245463
Vu Thanh Son,0830902651
Ho Huu Khoa,0964216804
Ngo Quang Cuong,0347433377
Ho Thanh Khanh,0783784075
Dang Thi Trang,0906169672
Nguyen Quang An,0769871467
Tran Ngoc Mai,0833296204
Ho Huu Thao,0763246352
Do Van Huong,0377529864
Hoang Huu Huy,0331249382
Ly Duc Cuong,0332915798
Nguyen Van Khoa,0708620919
Nguyen Thi Tuan,0866328336
Huynh Minh Khanh,0977189168
Ho Van Kien,0369338175
Ho Thi Thuy,0362182154
Ngo Minh Yen,0339797660
Pham Thi Khoa,0794278461
Duong Duc Mai,0965545923
Hoang Van Hieu,0882597208
Do Thanh Hanh,0972578714
Bui Duc Lan,0380853212
Vu Van Huong,0765052539
Duong Thanh Hung,0819607925
Huynh Minh Hung,0836007679
Le Ngoc Dat,0985332789
Do Huu Trang,0823690350
Hoang Thi Nam,0338734324
Vo Ngoc Cuong,0988474848
Bui Thi Long,0336978168
Tran Quang Khanh,0839009968
Bui Ngoc Minh,0911542590
Ho Huu Mai,0393711087
Bui Huu Trang,0345568081
Phan Quang Yen,0386053183
Vu Thi Mai,0373664903
Phan Duc Binh,0768900294
Ho Huu Viet,0819417633
Hoang Ngoc Nga,0780147701
Pham Quang Hung,0865805039
Dang Minh Hanh,0884032368
Tran Quang Lan,0904090740
Le Minh An,0975384429
Huynh Thi Anh,0911902100
Nguyen Duc Viet,0914304875
Hoang Thanh Kien,0834745083
Ho Ngoc Dung,0968671603
Duong Thi Hanh,0786290752
Pham Thi Phuc,0828535166
Vu Van Linh,0888167227
Phan Ngoc Phuong,0974973336
Nguyen Thanh Binh,0903229821
Pham Ngoc Lan,0388621722
Nguyen Thanh Kien,0981609881
Ly Minh Bao,0339025719
Ly Ngoc Phuong,0830122986
Ho Ngoc Phong,0901098434
Vo Huu Thanh,0343576485
Le Minh Hoa,0797117053
Phan Thi Linh,0781743602
Do Thanh Chi,0349022018
Duong Quang Duc,0787302077
Le Minh Dung,0901209981
Hoang Minh Hieu,0702579573
Tran Thanh Tuan,0967704520
Ho Duc Thao,0895565260
Le Van Quang,0971468357
Vu Quang Yen,0980910467
Pham Thi Chi,0334226314
Phan Minh Hieu,0831181822
Vu Quang Khanh,0843819259
Ly Minh Hung,0366838943
Vo Van Dat,0917568632
Dang Quang Anh,0906785511
Duong Ngoc Hieu,0945308382
Phan Van Linh,0966534756
Nguyen Minh Phong,0931984841
Tran Thanh Hieu,0830098967
Do Quang Bao,0901060950
Vo Duc Trang,0769824872
Vo Thanh Hanh,0971217848
Dang Thanh Nam,0398436204
Bui Minh Phong,0864862651
Duong Thi Kien,0775055825
Do Minh Cuong,0851451316
Nguyen Thi Bao,0377342987
Hoang Minh Linh,0916628900
Nguyen Quang Huong,0780517059
Ho Duc Hanh,0812622672
Huynh Van Hieu,0833688734
Vu Duc Huong,0326559766
Hoang Thi Khanh,0779155737
Hoang Thanh Hanh,0372417186
Hoang Quang Bao,0376260091
Tran Minh Thuy,0969286594
Tran Van Long,0799312525
Phan Minh Son,0322067542
Ly Thanh Ngoc,0970084386
Do Thi Quang,0846611593
Vu Van Huy,0839185952
Dang Thanh Son,0985111869
Pham Ngoc Linh,0345768873
Huynh Ngoc Hung,0346923193
Huynh Quang Hoa,0908599207
Phan Thi Hoa,0322700366
Vu Duc Phuc,0333704207
Hoang Duc Huy,0854240303
Phan Thanh Phuong,0341923047
Phan Duc Hung,0339517591
Nguyen Thi Yen,0790912484
Ngo Thi Nga,0799208193
Ly Van Bao,0889221841
Dang Duc Mai,0984876342
Ly Van Lan,0931130159
Ngo Thanh Son,0361647562
Tran Quang Anh,0349740778
Vo Thi Viet,0815550757
Vo Thi Thuy,0392151093
Hoang Van Hoa,0933934808
Tran Quang Khanh,0864783807
Pham Van Kien,0851171198
Vo Thanh Hieu,0345331563
Vu Thi Viet,0817560584
Ngo Thi Thuy,0385128383
Dang Van Phong,0899800745
Le Thi Phuc,0329488388
Nguyen Quang Bao,0846115185
Le Ngoc Hai,0775307189
Bui Thi Long,0942829301
Huynh Quang Phong,0965254872
Do Duc Thao,0353716584
Hoang Van Trang,0897316947
Ly Quang Dat,0366031174
Vu Thi Thuy,0325562703
Pham Ngoc Thao,0817765307
Duong Huu Nga,0886018685
Bui Huu Linh,0765124966
Hoang Van Thao,0819255517
Ho Huu Thuy,0862948933
Bui Quang Bao,0901375290
Bui Van Minh,0784707954
Huynh Duc Huong,0792348838
Vo Huu Duc,0833295580
Le Thanh Phuong,0361282825
Bui Huu Hoa,0701265001
Phan Minh Viet,0968509040
Le Minh An,0900523352
Dang Thanh Hieu,0789762502
Vo Huu Linh,0846797028
Tran Ngoc An,0769899166
Huynh Minh Tung,0340614990
Ho Thi Dung,0834372416
Hoang Ngoc An,0839054279
Dang Thi Chi,0812493647
Tran Duc Quang,0396585029
Tran Van Hieu,0359891859
Pham Thi Bao,0704882155
Hoang Quang An,0327796391
Ho Huu Thanh,0828563292
Vu Van Dung,0986656950
Ly Duc Long,0398424968
Nguyen Duc Thanh,0964007754
Duong Quang Son,0792782393
Huynh Huu Trang,0768625782
Ngo Huu Duc,0327486336
Huynh Van Nga,0333005557
Pham Thanh Long,0849492759
Do Quang Duc,0932452813
Vu Thanh Phuong,0708111841
Pham Thanh Huong,0390678132
Duong Thanh Ngoc,0358181277
Le Van Thanh,0351054635
Nguyen Thanh Dung,0366198093
Nguyen Van Thuy,0350718206
Huynh Huu Hung,0933469093
Bui Minh Binh,0826060792
Duong Thi Tung,0917879825
Duong Duc Hoa,0880779091
Duong Van Thanh,0975437011
Vo Thi Bao,0868747185
Ngo Huu Cuong,0904588489
Vu Duc Quang,0784417710
Vo Duc Phong,0849132678
Bui Minh Dung,0842916715
Dang Van Hai,0916350486
Le Duc Chi,0399859614
Le Minh Phong,0901305896
Ngo Ngoc Tuan,0824220919
Pham Duc Binh,0913739628
Pham Van Minh,0826808902
Bui Ngoc Huy,0395788681
Dang Van An,0818088465
Bui Duc Hung,0850110690
Duong Thi Khoa,0822331501
Bui Minh Anh,0882778404
Ly Huu Son,0351293325
Vu Duc Nga,0824711201
Tran Duc Cuong,0342520615
Dang Ngoc Linh,0332640018
Ho Thi Hung,0391985251
Ngo Minh Hoa,0933864570
Ho Minh Quang,0945540252
Ho Minh Nga,0701901507
Nguyen Huu Tung,0818033176
Duong Quang Long,0813535025
Huynh Ngoc Duc,0842705263
Ho Thanh Viet,0906893744
Vo Quang An,0964088109
Vo Quang Phong,0972145556
Ho Thanh Binh,0849937944
Huynh Thi Hanh,0332260294
Nguyen Quang Long,0908600719
Phan Thanh Son,0979601085
Le Ngoc Yen,0320938047
Le Duc Son,0334332877
Ngo Huu Thanh,0338667792
Tran Van Phuong,0919455717
Do Thanh Phuc,0900312392
Pham Ngoc Tung,0704755579
Vu Huu Huy,0983633834
Duong Minh Duc,0887909005
Ngo Thi Anh,0798081054
Dang Thanh Son,0333680314
Tran Quang Hung,0786891524
Do Huu Khanh,0852394312
Le Van Kien,0779775180
Pham Duc Thanh,0783051509
Le Thi Huy,0858569884
Le Ngoc Quang,0362813903
Hoang Ngoc Trang,0705749069
Ho Ngoc Hieu,0889908556
Do Thanh Dung,0983855635
Huynh Thanh Yen,0916466977
Le Ngoc Dung,0321821504
Le Quang Hung,0963394845
Pham Quang Cuong,0828461748
Ngo Thi Hoa,0937042991
Le Quang Trang,0782509220
Huynh Minh Duc,0851615622
Do Thi Hai,0337983760
Ngo Duc Thao,0850654924
Do Huu Duc,0778915915
Pham Ngoc Long,0821971598
Hoang Thanh Quang,0988090660
Ly Minh Son,0932186555
Hoang Ngoc An,0859047717
Ho Van Khanh,0780020136
Tran Huu Dung,0767239315
Duong Minh Dat,0827057906
Vo Huu Ngoc,0390728773
Bui Duc Binh,0898888846
Do Ngoc Bao,0943850140
Duong Thi Huy,0778088689
Duong Thi Phuong,0776396087
Le Duc Duc,0399882586
Ho Van Binh,0779665703
Le Huu Minh,0867138527
Nguyen Ngoc Hai,0324270103
Vu Huu Tung,0813900918
Hoang Duc Viet,0791406225
Dang Duc Thao,0379122292
Do Huu Chi,0944325249
Vu Thanh Nga,0340091762
Vu Duc Nga,0890119354
Hoang Ngoc Huy,0848766777
Dang Duc Phuong,0868720156
Pham Quang An,0966291957
Tran Thi Binh,0903446353
Huynh Quang Chi,0895299951
Ly Minh Khoa,0946077878
Dang Ngoc Phuong,0862596753
Ngo Ngoc Anh,0949820882
Dang Huu Dung,0364383935
Phan Duc Hieu,0798994347
Ly Ngoc Hai,0949473594
Tran Van Kien,0394623138
Vo Duc Quang,0936668174
Huynh Thi Quang,0763417412
Phan Thi Huong,0949262783
Hoang Minh Phong,0779354349
Vo Duc Bao,0812998417
Bui Quang Tuan,0399380037
Ly Quang Quang,0838116148
Huynh Van Tuan,0365144785
Bui Duc Kien,0845777340
Phan Thi An,0766679508
Bui Duc Cuong,0702316405
Huynh Van Binh,0791997927
Phan Ngoc Tung,0703854922
Huynh Ngoc Phong,0882714471
Dang Thi Nam,0863598010
Bui Ngoc Trang,0826720296
Ngo Van Dat,0775678044
Hoang Minh Thuy,0779237136
Ho Quang Thuy,0850873301
Phan Duc Anh,0336528076
Ho Minh Lan,0900088762
Dang Quang Huy,0771528212
Phan Thi Minh,0782438206
Hoang Minh Ngoc,0817304421
Vu Thanh Nam,0981075091
Vu Thi Nam,0363720687
Bui Van Thanh,0391342843
Duong Huu Huy,0850633429
Do Quang Thuy,0706447920
Duong Quang Linh,0918741022
Bui Huu Viet,0370964069
Tran Huu Phong,0762940561
Hoang Van Cuong,0908294125
Nguyen Minh Chi,0880179690
Ngo Thi Binh,0348693169
Huynh Huu Hoa,0373267304
Do Huu Hai,0978565571
Vo Ngoc Huy,0823886793
Pham Minh Ngoc,0852843451
Duong Ngoc Nga,0930605005
Huynh Thi Tung,0394014060
Nguyen Thanh Lan,0900004819
Vu Thi Long,0331456980
Nguyen Huu Thuy,0366701385
Vu Ngoc Hoa,0396629401
Pham Thanh Anh,0919832793
Huynh Minh Phuc,0348686281
Ho Thi Anh,0961151205
Phan Huu Hieu,0989220634
Vo Quang Lan,0379380374
Bui Quang An,0845840069
Dang Huu Bao,0394639031
Dang Thi Lan,0353263591
Hoang Ngoc Kien,0886777264
Phan Thanh Huy,0840078038
Vo Quang Tung,0362936596
Vu Duc An,0948493265
Vo Van Phong,0869372268
Nguyen Van Hanh,0988441777
Phan Duc Anh,0375703681
Pham Thanh Binh,0868611521
Ngo Thanh Binh,0369024521
Hoang Thi Khanh,0789645118
Bui Van Tung,0367428425
Bui Thanh Thao,0919448401
Phan Huu Cuong,0814081447
Ngo Huu Mai,0765698561
Nguyen Minh Hung,0767698199
Dang Thi Linh,0937729606
Ho Van Yen,0840458868
Ngo Duc Cuong,0811950658
Ly Duc Huy,0361133372
Duong Thanh Thuy,0913697401
Phan Thi Viet,0933857587
Do Huu An,0775297082
Vu Van Phong,0945923972
Vo Van Phong,0828986747
Tran Ngoc Kien,0964418274
Pham Huu Huy,0354819919
Bui Thanh Nga,0986692945
Nguyen Huu Khoa,0935737688
Huynh Quang Hanh,0989303830
Do Thi Anh,0337995273
Huynh Ngoc Chi,0385931382
Huynh Van Mai,0349625300
Ho Ngoc Quang,0363066614
Ho Ngoc Long,0703190481
Do Van Hoa,0813349848
Le Minh Kien,0354061034
Le Quang Minh,0794452763
Ngo Huu Viet,0343845464
Ly Huu Tung,0344189194
Phan Huu Quang,0785973148
Bui Thi Thuy,0321789949
Bui Minh Lan,0861316802
Phan Van Hung,0938265544
Do Huu Hieu,0850111126
Vu Duc Hai,0769084425
Ngo Huu Thao,0978091518
Vo Ngoc Phong,0395291817
Vu Ngoc Nam,0819638835
Hoang Ngoc Thanh,0794609255
Dang Quang Phuc,0813068080
Vu Huu Hanh,0768575399
Vu Thi Phong,0366675310
Ly Van Phong,0359674836
Bui Ngoc Viet,0320908455
Ly Van Thao,0827099712
Phan Van Huy,0819072580
Pham Minh Huong,0978430135
Duong Quang An,0396605473
Ly Quang Thao,0792932663
Pham Ngoc Huong,0882019442
Hoang Van Dung,0898694039
Ly Minh Anh,0885295749
Huynh Thi Mai,0890141240
Vu Minh An,0963535838
Ly Thi Kien,0919747700
Ngo Ngoc Hung,0865459913
Hoang Van Lan,0394357055
Duong Duc Quang,0339203366
Dang Quang Phong,0363978534
Ngo Ngoc Hieu,0367907862
Pham Thanh Phuc,0855756203
Ngo Duc Hanh,0393085559
Ly Thanh Anh,0817112581
Duong Huu Khanh,0347031212
Ngo Quang Lan,0896246319
Phan Huu Bao,0396720828
Nguyen Minh Long,0367561977
Ly Huu Thao,0339586664
Bui Van Thao,0329661876
Bui Van Nga,0933834713
Pham Ngoc Phuong,0781675536
Hoang Thi Hai,0704528994
Ho Van Trang,0773956154
Ngo Thi Dat,0837251427
Huynh Quang Dat,0796390162
Hoang Thanh Dat,0342446851
Ho Duc Nam,0772509000
Bui Van Hai,0810163448
Hoang Quang Binh,0337071943
Huynh Thi Duc,0812256060
Vo Quang Hung,0798673937
Vu Thanh Kien,0835297024
Vo Minh Chi,0778164132
Ngo Huu Tuan,0374210645
Le Huu Son,0839526682
Huynh Huu Huy,0976684074
Vu Thanh Trang,0862740422
Tran Minh Ngoc,0973614941
Tran Thanh Phuong,0784266272
Nguyen Duc Thao,0811615677
Ho Duc Nam,0885614605
Duong Minh Hai,0366055937
Duong Van Tung,0399401113
Dang Huu Nga,0834323737
Pham Van Hoa,0390332781
Do Van Tuan,0942034027
Nguyen Van Quang,0393337963
Pham Duc Hoa,0849661905
Pham Thi Anh,0909033494
Phan Duc Linh,0334774942
Hoang Minh Quang,0395454109
Duong Minh Hai,0938563838
Bui Minh Linh,0817498243
Vu Huu Cuong,0986393310
Le Huu Nam,0854807067
Bui Thi Huy,0882430151
Tran Quang Nga,0792811450
Ngo Minh Phuong,0905660436
Dang Ngoc Mai,0949590487
Huynh Thi Hoa,0911196955
Vo Van Quang,0982717900
Vu Duc Ngoc,0383828861
Ly Ngoc Nam,0385316334
Huynh Thanh Hoa,0904888148
Tran Minh Kien,0894487442
Vu Huu Chi,0856634639
Phan Huu Nam,0367464156
Le Thanh Thao,0766092894
Hoang Thi Minh,0709846879
Vo Quang Viet,0827554590
Huynh Huu Phuong,0942807132
Ngo Thanh Yen,0330387572
Le Duc Hoa,0323936391
Le Duc Nam,0934221936
Duong Duc Huong,0701343263
Hoang Duc Thao,0342800292
Vu Thi Anh,0911728209
Ly Duc Hoa,0861070258
Tran Minh Lan,0819201191
Duong Thi Bao,0970442329
Bui Huu Nam,0766660764
Huynh Van Hanh,0821396723
Ho Duc Thuy,0864403218
Vu Van Hai,0852605071
Ly Ngoc Lan,0986540534
Le Van Yen,0373847954
Do Ngoc Long,0354767670
Ly Huu Nam,0882120836
Nguyen Huu Hanh,0328837269
Hoang Van Hai,0782862327
Phan Thi Thanh,0960589802
Huynh Thi Nam,0935986802
Nguyen Thanh Thanh,0795455972
Nguyen Van Thanh,0797988550
Vo Minh Linh,0889069497
Do Huu Thanh,0369203062
Huynh Thi Anh,0882266851
Le Thanh Khoa,0899047744
Tran Minh Huy,0339912498
Tran Huu Bao,0857659527
Vo Minh Bao,0909462089
Vu Duc Thanh,0948782198
Le Thanh Cuong,0908955411
Nguyen Minh Huong,0375824517
Duong Van Hai,0819054128
Ho Thanh Binh,0351502467
Le Duc Dat,0885165171
Tran Ngoc Mai,0396915632
Nguyen Van Mai,0362612506
Hoang Ngoc Tuan,0370177097
Hoang Duc Dung,0968779789
Vu Van Duc,0782286742
Do Minh Khanh,0394811072
Vo Huu An,0818977469
Pham Huu Huy,0968253243
Ho Thanh Thanh,0768003857
Pham Ngoc Long,0370153219
Vu Van Lan,0767221506
Nguyen Ngoc Phuong,0774914425
Pham Duc Hung,0853879150
Vu Van Phuong,0770121097
Huynh Quang Hieu,0836268704
Bui Duc Khoa,0346907781
Hoang Ngoc Lan,0837333427
Le Minh Thanh,0914192561
Do Quang Mai,0336538471
Le Minh Thuy,0786347794
Duong Thanh Son,0354412076
Pham Ngoc Son,0987084001
Le Thi Bao,0904019180
Vo Minh Hanh,0824561139
Ho Thanh Cuong,0378924543
Dang Huu Hai,0774510085
Ly Ngoc Viet,0943154127
Le Huu Dung,0791148634
Hoang Quang Cuong,0332292170
Hoang Minh Ngoc,0371851472
Bui Huu Linh,0907639388
Pham Thi Phuc,0857596173
Vu Thi Mai,0368254323
Phan Quang Yen,0345379509
Hoang Quang An,0962552641
Bui Duc Nga,0978975319
Huynh Minh An,0963119515
Ngo Van Hieu,0864733096
Pham Minh Quang,0362097809
Le Van Hai,0897355410
Nguyen Quang Hoa,0700137641
Ly Duc Hanh,0351513254
Vu Ngoc Tung,0320247041
Ly Ngoc Quang,0813643811
Vo Thi Long,0387050508
Tran Van Minh,0378361693
Tran Quang Huy,0397779334
Huynh Quang Phong,0890532460
Phan Duc Thao,0381345920
Bui Thanh Viet,0782450947
Ly Huu Thao,0974471188
Do Ngoc Linh,0766583744
Ly Ngoc Cuong,0989113248
Dang Quang Phong,0813046805
Phan Minh Khanh,0344195637
Hoang Thanh Nga,0786401806
Tran Huu Anh,0780211652
Do Quang Hoa,0864176895
Le Thi Hai,0917431651
Dang Minh Hanh,0350562209
Ho Thanh Bao,0347731522
Nguyen Huu Hieu,0701576392
Hoang Van Phong,0823497162
Vu Quang Phuong,0816528399
Ly Minh Thuy,0935236326
Dang Minh Hoa,0382661058
Duong Van Minh,0900707762
Ho Duc Tung,0709220421
Bui Van Thanh,0822049194
Tran Van Yen,0368073692
Duong Van Long,0905013251
Bui Minh Son,0346046955
Do Huu Yen,0973653880
Nguyen Minh Anh,0863958849
Duong Quang Khanh,0907284023
Do Ngoc Hai,0380252794
Bui Duc Ngoc,0334632190
Vo Van Dung,0842007387
Nguyen Thanh Anh,0914078362
Vu Thanh Thuy,0960704531
Vo Duc Quang,0847973718
Vo Duc Tuan,0892600333
Le Duc Hoa,0391501223
Bui Thanh Long,0352645741
Tran Thanh Lan,0811533463
Bui Van Chi,0935677780
Ly Quang Nga,0761007511
Bui Thi Dung,0975964596
Nguyen Duc Long,0902582322
Ho Ngoc Quang,0898998515
Tran Ngoc Duc,0771801733
Le Huu Long,0328184645
Pham Thanh Cuong,0355314007
Duong Ngoc Huong,0835827024
Nguyen Thanh An,0777360481
Bui Huu Minh,0703237420
Nguyen Quang Quang,0966337911
Do Huu Thao,0392260430
Do Minh Kien,0360662507
Tran Van Trang,0817340032
Ngo Duc Duc,0834944490
Do Thanh Phuc,0838222379
Phan Huu Phuc,0349507677
Pham Thanh Phuc,0339120439
Vo Thanh Thao,0395430463
Vo Van Trang,0707858359
Tran Huu Nga,0369303307
Dang Minh Thao,0331155557
Hoang Thanh Anh,0822600895
Vu Thi Phong,0884960564
Do Quang Chi,0784418267
Dang Ngoc Bao,0836159129
Do Quang Phuong,0880012076
Dang Minh Dat,0768488562
Hoang Van Thao,0913112748
Nguyen Minh Huy,0966108168
Bui Huu Ngoc,0764006173
Phan Duc Phuong,0381062698
Le Thi Minh,0939042189
Ho Huu Hung,0786501017
Ho Thi Hung,0348792431
Bui Duc Mai,0938347489
Ly Thanh Mai,0769252094
Do Van Tung,0324750117
Vo Van Hung,0386875379
Do Ngoc Khanh,0905402667
Do Thi Tung,0861614912
Nguyen Ngoc Kien,0821118702
Ly Van Hoa,0972177250
Huynh Thanh Khoa,0330524686
Bui Huu Binh,0341796087
Hoang Quang Minh,0813214793
Vo Quang Bao,0860533803
Dang Thi Anh,0846519606
Phan Thanh Kien,0938219319
Do Van Long,0829903605
Le Duc Tuan,0360823520
Ngo Thi Mai,0393703113
Ngo Huu Anh,0851189067
Duong Quang Dung,0963502044
Ho Thi Linh,0908244416
Hoang Duc Hoa,0781341452
Nguyen Van Minh,0881018380
Le Ngoc Trang,0399362020
Ngo Thi Hieu,0706978536
Ho Quang Phong,0786191944
Dang Duc Viet,0770978112
Le Thi Hai,0784459646
Phan Thanh Phuong,0820682046
Do Huu Hai,0701180916
Dang Minh Bao,0785098672
Duong Thi Ngoc,0983622201
Phan Van Thao,0821629390
Huynh Quang Trang,0863875838
Hoang Van Tuan,0836464782
Le Thanh Hoa,0343240006
Duong Van Hoa,0824173551
Ly Van Lan,0843001408
Bui Quang Cuong,0839364062
Duong Huu Hanh,0941770234
Nguyen Minh Mai,0769673133
Duong Huu Hanh,0397696054
Ho Thi Viet,0897165129
Nguyen Thi Anh,0862798595
Pham Huu Tung,0773026551
Tran Duc Phong,0836737011
Phan Ngoc Bao,0825662526
Ngo Thanh Hai,0932653760
Phan Huu Thuy,0837432510
Le Quang Linh,0395287423
Ly Van Huy,0835446792
Huynh Thi Phuong,0796236418
Ho Thanh Tung,0947224069
Phan Thanh Long,0785426605
Ho Quang Binh,0854038654
Bui Thi Long,0849154089
Phan Van Viet,0346292514
Duong Thi Duc,0769231473
Ly Thi Hai,0704262908
Dang Van Viet,0397590070
Ho Thanh Khoa,0886662074
Phan Minh Duc,0960581546
Dang Thi An,0379995241
Phan Minh Phong,0968684044
Hoang Van Duc,0325064062
Vo Ngoc Kien,0965038767
Bui Thi Anh,0353604128
Hoang Huu An,0795283223
Ho Duc Lan,0964629792
Tran Quang Khanh,0838577712
Vo Thanh Tung,0839574223
Hoang Thanh Anh,0842595683
Le Thanh Duc,0860633110
Phan Quang Huy,0885966913
Ly Thanh Phuc,0322322104
Le Duc Lan,0366158628
Tran Ngoc Anh,0844191903
Le Minh An,0354299058
Do Thi An,0775038238
Huynh Huu Trang,0989571186
Pham Van Hoa,0919547325
Hoang Huu Binh,0341295227
Phan Thi Viet,0705447428
Ly Ngoc Lan,0778095563
Bui Quang Phuong,0338191918
Pham Duc Phuc,0789667576
Ngo Huu Phuong,0781599943
Nguyen Minh Tuan,0855039762
Duong Ngoc Nam,0979668436
Ngo Quang Huy,0911316632
Dang Minh Quang,0760938227
Vu Minh Tuan,0765610127
Vo Van Huong,0397286418
Duong Van Hoa,0942022334
Phan Duc Ngoc,0793803691
Nguyen Duc Anh,0700191837
Hoang Quang Khoa,0906417066
Phan Quang Lan,0975113416
Phan Ngoc Phuc,0820690923
Ngo Van Ngoc,0389058517
Hoang Duc Hai,0842509536
Vo Thi Phong,0388428900
Tran Huu Cuong,0893704361
Pham Ngoc Thuy,0320847581
Dang Quang Khoa,0936591477
Dang Van Son,0889984661
Nguyen Huu Thanh,0848467953
Duong Thi Phuc,0983725978
Huynh Quang Quang,0944861752
Vo Quang Dung,0776615632
Pham Thi Dung,0322217764
Hoang Thi Hung,0381384877
Huynh Ngoc Thuy,0819587182
Ho Quang Thanh,0700827302
Bui Thanh Hai,0836697318
Duong Duc Chi,0361427388
Bui Thi Thuy,0918419194
Huynh Duc Dung,0942187332
Ly Quang Duc,0762262755
Ly Thanh Nam,0819383432
Pham Ngoc Viet,0348184951
Pham Ngoc Lan,0919585338
Hoang Quang Dat,0349414830
Vu Quang Khoa,0858795418
Do Ngoc Phuc,0354065372
Vu Van Khoa,0984467052
Phan Thi Yen,0767215305
Phan Thanh Hanh,0389663982
Vu Minh Trang,0981887937
Ho Van Dung,0936938755
Pham Minh Kien,0946128174
Pham Van Linh,0393195887
Vo Ngoc Quang,0385780168
Do Thi Tuan,0850406123
Vo Thi Huong,0765114011
Ly Minh An,0335867267
Phan Van Binh,0857419054
Ngo Quang Long,0852446428
Ho Thi Trang,0880752920
Do Thanh Phuong,0783917305
Tran Minh Chi,0346271672
Ly Huu Phong,0321439727
Duong Duc Long,0860914996
Tran Huu Linh,0352477610
Vo Thi Nam,0794826554
Do Quang Chi,0965759137
Le Thi Cuong,0891866934
Vu Thanh Lan,0377550780
Tran Thanh Mai,0810381650
Tran Thanh Phong,0383506598
Le Thanh Lan,0709026233
Dang Duc Binh,0343419219
Vo Duc Ngoc,0838778944
Phan Ngoc Thanh,0764339561
Nguyen Ngoc Phuong,0838103837
Ho Quang Duc,0852371416
Hoang Van Son,0890308508
Hoang Thi Binh,0919781199
Nguyen Quang Tung,0938838222
Duong Quang Hoa,0974285846
Nguyen Quang Bao,0331008479
Pham Thi Hieu,0373367121
Hoang Huu Dung,0774551347
Duong Thi Khanh,0977800748
Le Huu Quang,0900139824
Nguyen Huu Phuong,0986520383
Huynh Van Huong,0934551832
Vu Duc Thuy,0936043474
Vo Minh Thao,0791810117
Do Van Quang,0964907261
Do Quang Son,0796484783
Bui Duc Linh,0356387106
Duong Van Bao,0821671072
Hoang Duc Viet,0388131281
Hoang Thanh Phuc,0798918107
Vo Van Lan,0983127564
Dang Quang Hung,0348399526
Dang Ngoc Viet,0889406775
Pham Thanh Thanh,0890360516
Ho Duc Chi,0974150551
Ly Huu Hanh,0825115834
Ho Duc Cuong,0388219709
Ho Quang Tung,0912634111
Vu Thi Hung,0965818001
Ho Duc Hai,0935904121
Hoang Huu Khoa,0395072192
Ho Ngoc Tuan,0358409604
Ho Huu Dung,0361040350
Pham Ngoc An,0904323142
Huynh Thanh Tung,0910494355
Phan Van Minh,0834700872
Hoang Van Tuan,0352545240
Tran Ngoc Tuan,0386590872
Le Thi Long,0932302852
Vo Van Tuan,0986412371
Ho Thi Dung,0823815608
Huynh Huu Son,0944032585
Pham Thanh Nam,0842562705
Vu Thi Tuan,0945240913
Ly Ngoc Khoa,0855524481
Le Thanh Nga,0889097172
Nguyen Thi Ngoc,0323468811
Bui Thi Thuy,0902324928
Ly Ngoc Hoa,0849082410
Hoang Thanh Linh,0933394202
Vo Thanh Hieu,0792317095
Vu Thi An,0378787997
Pham Thi Hanh,0327215281
Do Ngoc Long,0762435253
Ngo Duc Hai,0909476514
Do Van Hoa,0335326702
Vo Thi Tung,0989350618
Ngo Huu Son,0831986209
Do Duc Duc,0335328403
Duong Thanh Viet,0782441467
Ho Van Minh,0700494648
Ly Van Quang,0765346688
Do Van Khanh,0946899659
Dang Huu Khoa,0377432381
Phan Van Kien,0704593537
Do Duc Thanh,0323153002
Huynh Van Tung,0862206973
Bui Thi Lan,0330439533
Vo Quang Thao,0764477211
Hoang Van Dung,0859513404
Do Quang Phuc,0853874049
Ngo Minh Linh,0853895376
Hoang Thi Yen,0350437625
Phan Minh Hai,0391333376
Hoang Thi Hai,0897996058
Ngo Thanh Hung,0328427608
Hoang Thi Hanh,0797864546
Vo Minh Hoa,0896273997
Ho Quang Khoa,0336500504
Ly Huu Hanh,0817949832
Ly Minh Hieu,0322747879
Nguyen Van Nam,0343796232
Hoang Minh Viet,0976854988
Vu Huu Hieu,0760251897
Nguyen Duc An,0366929728
Ngo Minh Phuc,0353402982
Tran Quang Binh,0763431982
Ly Huu Tuan,0982970879
Vu Quang Linh,0888219877
Tran Ngoc An,0895450844
Duong Ngoc Hai,0797676330
Le Quang Hoa,0357173194
Ho Huu Nam,0910701728
Duong Van Tung,0856381619
Phan Thanh Tung,0705249548
Vu Quang Dung,0919595467
Dang Van Chi,0858995261
Ngo Van Dung,0820646123
Ly Thi Huong,0821834023
Phan Thanh Huy,0887665517
Huynh Minh Linh,0780711620
Pham Thi Long,0358702386
Dang Thanh Hanh,0836637254
Ngo Thanh Cuong,0700658532
Pham Duc Tung,0836499457
Vo Van An,0820827040
Bui Huu Huy,0344885179
Phan Thi Hieu,0886678001
Vo Quang Ngoc,0374796850
Bui Duc Cuong,0882793181
Phan Van Tung,0944939543
Vu Thi Thao,0850915141
Dang Thi Thao,0898673311
Ly Thanh Phuong,0327777564
Huynh Thi Binh,0787578236
Vu Huu Huy,0988399643
Phan Duc Dat,0863016063
Tran Ngoc Quang,0769822182
Bui Ngoc Son,0899167190
Ho Duc Hai,0326594565
Bui Quang Hai,0945426773
Pham Thi Huong,0880417955
Do Thi Phong,0337611499
Dang Van Nam,0843387856
Phan Minh Thao,0881512963
Vu Thanh Tuan,0365437072
Hoang Ngoc Hai,0892751363
Huynh Thi Phuc,0892072728
Vu Huu Dung,0981915369
Pham Minh Hoa,0897539654
Do Duc Tuan,0906089179
Bui Van Linh,0988788196
Vo Quang Anh,0896443916
Dang Thi Linh,0708584338
Ho Thanh Trang,0852682671
Ly Thanh Hung,0919233271
Nguyen Ngoc Son,0910736621
Ngo Van Phuong,0762866974
Do Van Trang,0389487374
Nguyen Ngoc Hieu,0792518087
Pham Van Hai,0332426109
Hoang Thanh Son,0330860847
Ho Quang Chi,0945168426
Vu Quang Hieu,0377486970
Huynh Huu Minh,0373031576
Vo Ngoc Nam,0862207395
Le Thi Nga,0340059272
Nguyen Ngoc Dung,0854246497
Le Quang Phuc,0967694746
Bui Ngoc Khoa,0818365828
Pham Huu Huy,0830096478
Duong Thanh Hung,0858278999
Ly Ngoc Tung,0353638539
Dang Quang Yen,0847981122
Nguyen Thi Huong,0886881198
Ly Ngoc Tung,0881332193
Ho Van Lan,0850110277
Tran Van Nam,0359182868
Bui Huu Lan,0369354114
Le Thanh Viet,0783483580
Tran Duc Bao,0973101100
Bui Huu Tung,0320923819
Ngo Minh Kien,0905855581
Le Van Huong,0972438977
Duong Duc Lan,0790544120
Duong Quang Anh,0939698786
Vo Quang Nam,0785007018
Vo Ngoc Hieu,0381471406
Vo Thanh Phong,0971826831
Dang Ngoc Phuc,0942990511
Dang Quang Hieu,0334771113
Ho Quang Kien,0859981923
Huynh Van Dung,0849431768
Ngo Duc Tung,0337639301
Phan Huu Lan,0709713442
Ly Quang Cuong,0390601296
Ly Quang Trang,0985021328
Vo Quang Thanh,0386183568
Tran Quang Hoa,0911135258
Vo Thi Hieu,0767169304
Pham Huu Khanh,0789235372
Ho Minh Yen,0984912917
Bui Thi Thanh,0812257303
Ly Minh Hoa,0864603979
Vu Thanh Bao,0388842477
Dang Huu Ngoc,0948802102
Ly Thanh Mai,0343507293
Do Van Tung,0850976175
Huynh Ngoc Khanh,0869585948
Ngo Thanh Son,0708874251
Ngo Duc Duc,0988114518
Ngo Van Yen,0704818203
Do Thanh Ngoc,0945309796
Dang Ngoc Long,0368814602
Bui Van Linh,0845936673
Nguyen Thanh Phuc,0329439437
Ho Huu Nam,0818719216
Do Thi Son,0708350710
Ho Minh Hai,0813018342
Nguyen Duc Minh,0853904421
Hoang Quang Chi,0894873580
Ho Ngoc Minh,0340026523
Ly Huu Khoa,0860402431
Do Minh Kien,0881978465
Tran Ngoc Thao,0703478434
Hoang Quang Yen,0776956372
Do Van Quang,0940763232
Vu Quang Thao,0385866154
Huynh Van Dung,0833562439
Hoang Huu Viet,0963375360
Ngo Van Hai,0894724912
Duong Quang Bao,0361138100
Ngo Duc Hung,0375037929
Ho Duc Nam,0829227361
Huynh Quang Long,0380102865
Vo Minh Tuan,0865591559
Hoang Minh Son,0386644605
Nguyen Minh Viet,0709544919
Hoang Thi Huong,0850488508
Bui Duc Khanh,0782946567
Vu Van Chi,0345545118
Ngo Thi Anh,0785669639
Hoang Thanh Quang,0938038102
Ly Thi An,0810596568
Nguyen Thanh Chi,0902277572
Ngo Thanh Huy,0812606949
Do Quang Tuan,0907727886
Dang Quang Tuan,0799008820
Nguyen Quang Viet,0387758960
Vo Duc Thuy,0776944979
Duong Minh Quang,0700939897
Tran Minh Thuy,0788742158
Phan Ngoc Phuong,0379478164
Vu Thi Duc,0705293259
Hoang Thanh Huy,0838990666
Ho Minh Thao,0963494064
Le Minh Dung,0845565326
Hoang Thi Thanh,0775932348
Le Quang Hai,0982504920
Pham Quang Viet,0360522998
Nguyen Van Trang,0386295495
Ly Duc Ngoc,0908963616
Do Huu Hung,0782784505
Do Huu Yen,0846535837
Huynh Thi Kien,0339985662
Dang Duc Hieu,0865172103
Ngo Ngoc Yen,0895276424
Nguyen Van An,0890530633
Hoang Van Thao,0366943579
Huynh Thanh Mai,0988339189
Le Huu Minh,0356234137
Do Thanh Bao,0885077267
Tran Ngoc Cuong,0348809723
Ngo Minh Viet,0372936226
Vu Duc An,0866278297
Ly Van Mai,0770627384
Ly Quang Huy,0763390648
Ngo Quang Nam,0987445293
Do Quang Khanh,0820418336
Phan Thanh Ngoc,0778097744
Vu Quang Hai,0822584996
Bui Thi An,0345706197
Vu Thanh Kien,0818785019
Pham Thanh Ngoc,0375491819
Dang Thanh Trang,0321648387
Duong Ngoc Chi,0788659503
Nguyen Ngoc Thanh,0932226624
Dang Ngoc Hung,0340613249
Ho Van Khanh,0886502651
Do Huu Minh,0898763492
Phan Thi Phong,0860068952
Le Van Linh,0370738700
Ly Duc Linh,0939970491
Bui Duc Linh,0791460891
Phan Van Mai,0387832877
Duong Huu Binh,0971729778
Huynh Thi Hung,0825242557
Vo Duc Tuan,0969689846
Huynh Ngoc Quang,0765236888
Hoang Ngoc Yen,0903520626
Do Van Linh,0383364763
Pham Thanh Phong,0344807802
Hoang Minh Quang,0368930106
Nguyen Duc Hieu,0387400692
Pham Minh An,0931973853
Do Thi Trang,0362505186
Dang Thi Tung,0334590865
Pham Thanh Huong,0860255965
Duong Thi Son,0859388962
Vo Van Hoa,0821717572
Do Quang Thuy,0349102121
Ly Thanh Khoa,0399216826
Ly Duc Duc,0384547499
Huynh Duc Huong,0324752443
Duong Huu Dung,0844107483
Phan Van Hung,0331195257
Pham Minh Nga,0375683095
Huynh Minh An,0837443172
Le Minh Khoa,0972182279
Hoang Huu Bao,0967897632
Vu Thanh Long,0930846511
Ngo Thi Cuong,0866435734
Do Minh Hai,0971444846
Pham Minh Hieu,0946575272
Ly Minh Dat,0339944799
Hoang Ngoc Kien,0907479891
Huynh Minh Hanh,0855966385
Le Thi Khanh,0375575607
Nguyen Huu Trang,0783324357
Ly Van Son,0898950391
Ngo Thanh Mai,0987813071
Pham Ngoc Kien,0842211157
Bui Thi Nam,0987856366
Do Thanh Linh,0867643434
Bui Thanh An,0377808058
Ho Ngoc Anh,0813887183
Ho Ngoc Hung,0352411249
Vo Quang Dat,0794329406
Le Duc Mai,0396577959
Ly Thanh Thanh,0335541983
Huynh Ngoc Thanh,0775448586
Do Duc Nam,0888179005
Do Thi Lan,0961096646
Dang Van Chi,0811893930
Dang Quang Viet,0398030449
Vu Huu Binh,0882865574
Vo Duc Khoa,0375848796
Vo Thanh Viet,0859641501
Dang Minh Cuong,0328521981
Tran Huu Chi,0866806281
Tran Thi Bao,0781794848
Ly Huu Hoa,0389330646
Tran Thi Anh,0901189907
Huynh Van Huong,0775068701
Nguyen Thi Dat,0837733874
Le Thi Yen,0919907549
Huynh Thi Tung,0944002629
Huynh Duc Hoa,0854088457
Phan Minh Son,0832667917
Nguyen Duc Trang,0816439371
Do Quang Yen,0985716235
Do Minh Hai,0349914834
Tran Minh Duc,0947304023
Vo Huu Lan,0845741177
Do Ngoc Hanh,0833962012
Nguyen Quang Thanh,0331306851
Phan Minh Viet,0709633280
Dang Van Huong,0788164301
Duong Huu Hung,0869934848
Huynh Thi Bao,0857766314
Vu Ngoc Hanh,0389312826
Hoang Quang Tung,0867469488
Vu Duc Lan,0335167981
Huynh Quang Lan,0911167822
Tran Van Thanh,0851824432
Ly Huu Thuy,0936357071
Phan Thanh Viet,0388292896
Vu Minh Cuong,0901031500
Bui Thanh Mai,0983650919
Le Ngoc Binh,0782330636
Ngo Van Hanh,0840003092
Ho Minh Phuc,0762461642
Bui Quang Tuan,0932503436
Ngo Ngoc Thuy,0888912993
Vo Minh Hung,0376542823
Dang Minh Yen,0859696080
Duong Ngoc Long,0883282741
Ho Thi Dung,0345311628
Ho Duc Binh,0379567650
Nguyen Duc Lan,0775109503
Vu Quang Lan,0945775801
Ly Thanh Thao,0989776536
Huynh Minh Lan,0968563491
Duong Quang Minh,0912140029
Huynh Van Tung,0794935599
Ngo Minh Kien,0976194532
Pham Huu Duc,0830891328
Nguyen Van Phong,0969395748
Ly Van Viet,0786027124
Pham Ngoc Hung,0864734685
Hoang Van Dung,0790523193
Hoang Quang Huy,0357242984
Huynh Duc Phuc,0899901306
Bui Huu Thao,0915337290
Hoang Van Huy,0896422144
Hoang Minh Viet,0916401599
Phan Thanh Linh,0949145575
Nguyen Van Anh,0342909338
Ngo Ngoc Hung,0812333188
Pham Thi Thanh,0349318427
Vo Van Hoa,0916044627
Ho Huu Thanh,0787000050
Tran Ngoc Hanh,0324839738
Nguyen Thanh Hanh,0792106365
Ly Minh Ngoc,0320194661
Dang Ngoc Son,0980263533
Ngo Thi Hieu,0328165493
Bui Thanh Linh,0937327199
Vu Huu Hung,0321420416
Ly Thanh Khanh,0326976896
Dang Minh Yen,0797650891
Ho Van Hieu,0777142130
Tran Quang Cuong,0853016499
Bui Duc Dat,0888546564
Vo Duc Khanh,0949261862
Huynh Quang Mai,0787550515
Ho Thanh Linh,0915961066
Dang Ngoc Thuy,0353117056
Ho Van Phuong,0940124654
Tran Minh Yen,0848357686
Tran Huu Nga,0793972005
Do Thi Kien,0898417612
Vo Thanh Viet,0366892714
Vo Huu Yen,0839669587
Do Huu Bao,0390561397
Hoang Van Anh,0979531968
Hoang Thanh Ngoc,0816183722
Tran Thanh Phong,0869735294
Phan Thanh Long,0811343236
Pham Thi Tuan,0328831661
Vo Ngoc Anh,0794687895
Phan Duc Nga,0888672974
Do Huu Phuong,0988780469
Ly Quang Phuc,0851483883
Tran Huu Nam,0357926422
Hoang Ngoc Ngoc,0901309997
Le Thanh Duc,0939046228
Do Minh Hung,0779724551
Vu Van Bao,0370885405
Pham Duc Hoa,0388976368
Hoang Van Minh,0760180915
Vo Duc Binh,0817617439
Ngo Duc Thanh,0827872413
Ngo Thanh Quang,0845561881
Ly Duc Anh,0945920923
Ly Thi Quang,0774942868
Vu Thanh Long,0372810320
Pham Quang Cuong,0975101462
Vo Ngoc Hai,0709457421
Bui Quang Huong,0361030419
Le Huu Quang,0907938316
Tran Van Linh,0842836678
Le Thanh Thuy,0840866037
Ly Van Duc,0934894806
Bui Ngoc Hieu,0770457985
Bui Ngoc Huong,0378132926
Vu Huu Hanh,0982127708
Duong Quang Trang,0821289534
Ly Duc Linh,0794661529
Phan Minh Mai,0362223631
Vo Huu Ngoc,0854713926
Bui Minh Duc,0364311001
Vo Thi Phong,0961871488
Le Ngoc Cuong,0852929534
Duong Thanh Quang,0842535634
Ngo Ngoc Long,0937493596
Dang Thanh Huong,0392942713
Ly Duc Phong,0363962709
Huynh Huu Khanh,0813033474
Ho Quang Yen,0778848116
Ho Ngoc Thuy,0790555166
Tran Quang Mai,0381416021
Ly Thanh Cuong,0329991571
Le Thi Phuong,0782586212
Do Thanh Minh,0788320631
Hoang Thanh Long,0766928115
Tran Thanh Viet,0766428475
Ho Ngoc Tuan,0357385078
Vu Van Thanh,0702806547
Phan Huu Thao,0349693160
Phan Huu Hoa,0705789409
Duong Huu Linh,0974435820
Bui Van Khanh,0761946062
Vo Quang Chi,0972811868
Do Huu Hieu,0886689827
Ho Minh Tung,0815056101
Vo Thi Anh,0818934217
Dang Minh Nga,0356371999
Phan Minh Chi,0936544296
Phan Huu Linh,0814406118
Tran Minh Nam,0328899342
Ngo Duc Nam,0797293631
Pham Duc Hung,0964845129
Ngo Minh Trang,0777529960
Pham Duc Long,0915296376
Vu Thi Minh,0820688161
Ly Quang Dung,0868913623
Nguyen Van Kien,0905936250
Duong Huu Huong,0797244164
Ly Duc Viet,0854573311
Tran Minh Nam,0384535319
Nguyen Minh Cuong,0361648810
Ngo Thi Quang,0369800860
Bui Thanh Duc,0917736118
Hoang Ngoc An,0764056679
Hoang Duc Lan,0709877154
Le Minh Trang,0763270310
Hoang Van Mai,0825660743
Tran Thi Khoa,0933018500
Do Minh Hieu,0389187414
Vu Duc Linh,0960142206
Dang Quang Binh,0781140044
Vo Quang Anh,0966899609
Ho Thi Bao,0868812472
Do Duc Son,0867481668
Bui Thanh Kien,0393681195
Do Minh Trang,0704752935
Huynh Van Phuc,0363239337
Duong Minh Hanh,0970397627
Ly Ngoc Thuy,0851542518
Ngo Thi Thao,0979967991
Le Huu Binh,0933637715
Hoang Thi Phuong,0852043299
Ly Van Hieu,0892012881
Vu Minh Binh,0982179482
Bui Huu Huy,0919497058
Do Thi Huy,0773099902
Nguyen Van Nam,0863091420
Ngo Thi Dung,0364942041
Dang Minh Hieu,0881270273
Hoang Quang Binh,0907607523
Huynh Quang An,0367163592
Duong Minh Bao,0895425820
Vu Quang Viet,0362717339
Phan Van Son,0761241464
Phan Thi Dung,0361046686
Phan Ngoc Chi,0916519465
Ngo Thanh Huong,0381007616
Ho Duc Long,0364440339
Huynh Huu Dat,0337391619
Ho Ngoc Hoa,0988249722
Ngo Thi Tung,0346587312
Bui Thanh Phuong,0338255351
Ho Duc Kien,0862413781
Phan Huu Bao,0837235234
Do Duc Hai,0341782574
Hoang Thanh An,0884345236
Ngo Thi Linh,0860584868
Ngo Thanh Mai,0981181322
Vo Huu Quang,0844204309
Vu Thi Chi,0767480659
Hoang Duc Bao,0968350043
Pham Quang Hai,0320014556
Hoang Quang Quang,0976551231
Ngo Huu Viet,0362543551
Vu Thanh Lan,0895533643
Nguyen Huu An,0919640863
Vo Quang Hai,0968646691
Nguyen Van Khoa,0898232235
Phan Thi Tung,0817315833
Duong Quang Ngoc,0911176077
Bui Minh Huy,0833789081
Vo Thanh An,0966449562
Ho Ngoc Huong,0898087731
Bui Thi Nga,0869516773
Ho Van Viet,0836021650
Bui Quang Bao,0385080612
Phan Thi Phuong,0910926012
Pham Ngoc Hai,0901521139
Le Ngoc Hoa,0398969540
Tran Van Phong,0795705306
Nguyen Duc Phuong,0987711468
Dang Thi Thao,0764864699
Ly Thanh Phong,0903407796
Dang Thanh Anh,0339302554
Ho Minh Hieu,0976445196
Le Thanh Dat,0933204501
Hoang Quang Nam,0376544871
Hoang Quang Khoa,0866027401
Phan Huu Hung,0811423756
Hoang Quang Dung,0907348147
Dang Ngoc Chi,0703178686
Vu Van Viet,0320598917
Phan Thi Minh,0340425547
Ho Duc Nga,0709947973
Pham Thi Dat,0358207960
Le Minh Huong,0911056840
Vu Duc An,0779068958
Ly Thi Duc,0905162867
Bui Quang Linh,0818958027
Ly Huu Lan,0787538125
Ly Duc Duc,0960621473
Nguyen Thanh Lan,0380940437
Ngo Quang Thanh,0380718308
Ho Duc Dat,0911982850
Tran Ngoc Ngoc,0348776491
Tran Thanh Thuy,0889002006
Ngo Ngoc Viet,0329719808
Ngo Duc Hieu,0351208521
Huynh Thi Thanh,0972375493
Hoang Minh Kien,0810319824
Vu Duc Hieu,0810768424
Ngo Duc Phong,0352190059
Nguyen Thi Dung,0962889858
Nguyen Huu Phuong,0900838156
Tran Duc Mai,0371632292
Duong Thi Hung,0882863692
Le Van Trang,0789916047
Hoang Van Phuc,0981783941
Vu Thanh Son,0868340683
Bui Thanh Linh,0853700592
Bui Thi Dat,0983399754
Vo Thi Lan,0945659678
Ly Huu Bao,0776744585
Duong Minh Trang,0382026728
Dang Van Hung,0939663122
Ngo Duc Hieu,0832304005
Hoang Van Hieu,0383577436
Hoang Quang Phuc,0760764815
Hoang Duc Trang,0842909968
Ly Huu Tung,0381060687
Duong Ngoc Binh,0864595168
Do Thanh Lan,0326965133
Do Thanh Anh,0336206350
Ho Minh Viet,0832768343
Ly Thi Lan,0884087678
Duong Duc Hai,0840682814
Le Van Binh,0321677182
Dang Quang Bao,0776310431
Huynh Thi Huong,0762646667
Duong Van Phuong,0968169958
Nguyen Duc Khanh,0980106528
Nguyen Van Chi,0963010048
Ho Thi Cuong,0989961145
Duong Thi Dat,0376983050
Phan Thi Ngoc,0897986164
Nguyen Quang Huy,0892128901
Duong Van Tuan,0342400615
Vo Duc Tuan,0904545782
Dang Thi Hoa,0827556779
Bui Thi Anh,0944014011
Huynh Thanh Minh,0330631179
Ho Van Thuy,0853019906
Ho Huu Huong,0898386722
Phan Thanh Trang,0851476750
Tran Duc Anh,0905053293
Bui Minh Binh,0397026061
Do Van Nam,0969356827
Tran Duc Tung,0353219595
Huynh Ngoc Ngoc,0868895263
Nguyen Thi Thuy,0866071696
Ho Quang Hai,0799055046
Hoang Duc Bao,0823678843
Pham Huu Tuan,0883491484
Bui Thanh Binh,0360890350
Le Duc Lan,0341890441
Huynh Huu Thanh,0772503452
Pham Huu Duc,0937959326
Bui Thi Thanh,0812958222
Nguyen Huu Hoa,0330723359
Nguyen Minh Chi,0976110145
Vo Thi Hung,0373516332
Ngo Thanh Thanh,0944217486
Do Thi Binh,0387602555
Ly Van Minh,0971751895
Bui Thanh Kien,0700880075
Ho Huu Viet,0832950904
Do Huu Hanh,0330487633
Phan Thanh Hoa,0818638650
Hoang Minh Cuong,0861188825
Hoang Minh Mai,0357462856
Le Minh Yen,0849726788
Pham Ngoc Nam,0387030765
Ngo Huu Hoa,0345464086
Bui Thanh Long,0351847722
Huynh Huu Kien,0383821548
Ho Huu Hai,0863978185
Ngo Thanh An,0706922203
Pham Van Huong,0793354702
Phan Van Huong,0913702106
Huynh Duc Nga,0987901905
Ly Van Thao,0848127012
Huynh Huu Cuong,0977312602
Vo Duc Viet,0323626649
Hoang Ngoc Long,0857633480
Ho Duc Linh,0336498324
Le Thanh Thuy,0392288489
Huynh Quang Viet,0883257379
Duong Thi An,0906016144
Hoang Ngoc An,0363392535
Le Van Tuan,0382134259
Hoang Huu Anh,0979540629
Ngo Thi Khanh,0974707756
Duong Quang Long,0321864104
Nguyen Minh Minh,0797810369
Tran Minh Minh,0887016631
Vu Duc Khanh,0335764248
Do Huu Lan,0354951988
Le Ngoc Thao,0852630468
Huynh Minh Thao,0772851044
Ngo Quang Son,0849273700
Vu Thanh Khoa,0793853765
Ho Duc Hoa,0986907115
Ly Huu Lan,0798753827
Nguyen Huu An,0813631304
Ly Quang Kien,0847943827
Huynh Van Chi,0787763873
Ngo Thi Tung,0360243334
Ly Thanh Phuc,0707182500
Phan Thanh Khoa,0704138170
Ngo Thanh An,0355491114
Ngo Ngoc Son,0949721843
Nguyen Thi Hanh,0359928280
Ngo Thanh Hanh,0329625101
Tran Thi Kien,0967009048
Vu Minh Phuc,0970672073
Vo Duc Bao,0818459346
Huynh Van Bao,0977142021
Ly Duc Tung,0826615594
Ly Van Quang,0811644153
Vu Thanh Long,0888309504
Bui Duc Nga,0351394044
Le Thi Kien,0830208423
Ho Ngoc Quang,0896821919
Nguyen Thanh Trang,0342226537
Duong Thanh Viet,0394962539
Bui Thi Phuc,0351522188
Phan Minh Huong,0968049422
Phan Thi Cuong,0935114309
Vu Minh Lan,0337705487
Dang Thanh Thanh,0799569401
Nguyen Ngoc Minh,0709792191
Tran Van Huy,0967630962
Hoang Quang Dat,0882325723
Vo Minh Chi,0796800818
Vo Minh Tuan,0336214624
Phan Van Duc,0907789590
Ngo Van Khanh,0890022878
Tran Thi Khoa,0791186125
Nguyen Thanh Linh,0915585238
Pham Van Bao,0820548852
Duong Thi Thanh,0377145454
Pham Duc Binh,0764526314
Ngo Thanh Dung,0899100550
Ngo Minh Linh,0843475340
Phan Quang Phuong,0771358267
Pham Duc Hoa,0855632022
Huynh Duc Linh,0700919587
Dang Duc Minh,0826106747
Vu Huu Hai,0971861709
Ho Thanh Phuc,0916133596
Ngo Van Phong,0880685757
Bui Ngoc Trang,0396147725
Do Duc Anh,0339374948
Nguyen Van An,0891124172
Le Thanh Duc,0833434507
Vo Ngoc Khanh,0325619187
Nguyen Huu Thuy,0359053553
Hoang Van Lan,0868027788
Phan Quang Duc,0709732788
Do Van Hanh,0793519758
Do Thanh Phuong,0763782209
Nguyen Quang Minh,0385917519
Do Ngoc Son,0368448435
Ly Ngoc Cuong,0937095573
Vu Thi Phong,0360913687
Huynh Quang Trang,0986254777
Pham Huu An,0397590191
Duong Huu Hoa,0818412936
Pham Thanh An,0822058722
Huynh Quang Lan,0818923876
Dang Duc Phuc,0938939831
Ngo Thanh Hieu,0377582938
Do Duc Phong,0856176462
Phan Thanh Bao,0771101048
Dang Van Mai,0347681853
Le Quang Tuan,0981345036
Duong Van Long,0912999964
Le Quang Khanh,0371290961
Ngo Huu Huong,0862764318
Vu Duc Hoa,0361879460
Dang Minh Tuan,0892482256
Vu Minh Quang,0812524938
Ly Quang Thanh,0793426849
Pham Thanh Tuan,0820380679
Phan Ngoc Phuc,0376988325
Tran Minh Long,0939083771
Dang Huu Viet,0327950805
Dang Quang Trang,0397048611
Huynh Quang Khanh,0880360413
Ly Van Thao,0373171911
Le Ngoc Phong,0980369713
Ngo Ngoc Phuc,0793897818
Le Quang Hanh,0788717785
Le Minh Linh,0905635087
Vu Thi Hoa,0949709052
Duong Duc Dat,0385474513
Pham Quang Thuy,0819954882
Duong Thanh Nga,0938894713
Vo Thi Minh,0789201778
Pham Duc Nga,0887684083
Hoang Van Phuc,0379516903
Huynh Thi Khoa,0325142132
Ngo Thi Cuong,0334362201
Hoang Minh Khanh,0358124251
Ly Huu Trang,0394834292
Hoang Duc Hoa,0760793880
Vo Duc Dung,0325924385
Ngo Huu Nam,0377649177
Vu Thanh An,0332697606
Bui Ngoc Hanh,0898981123
Hoang Thi Thuy,0373058159
Duong Thi Binh,0332575047
Bui Thi Duc,0333991389
Vu Huu Hanh,0860690406
Bui Ngoc Huy,0389638932
Phan Ngoc Thao,0327396883
Bui Thi Cuong,0366202069
Ngo Van Son,0333441935
Tran Ngoc Anh,0830581986
Duong Thanh Kien,0935317433
Huynh Minh Cuong,0392482092
Duong Minh Hieu,0397523391
Bui Thanh Tuan,0832727935
Le Thanh Hai,0835059333
Ngo Minh Son,0860418175
Huynh Quang Duc,0918378825
Huynh Thanh Kien,0762439136
Phan Ngoc Yen,0885372365
Dang Minh Mai,0320072046
Pham Thanh Ngoc,0709162802
Huynh Quang Hoa,0825557966
Tran Thanh Lan,0904958621
Do Huu Khanh,0814862493
Pham Ngoc Thao,0769625551
Tran Huu Phong,0932467651
Phan Quang Viet,0779483011
Hoang Ngoc Thanh,0707417300
Huynh Quang Ngoc,0381884343
Dang Duc Bao,0708035971
Phan Ngoc Nam,0972339134
Bui Minh Viet,0939243574
Ngo Van Thuy,0865168761
Le Ngoc Phong,0966738231
Ngo Duc Phong,0853697107
Vu Huu Khoa,0885996068
Huynh Thi Huong,0985475520
Pham Minh Kien,0973274069
Bui Van Duc,0848832094
Le Minh Nam,0354662844
Phan Thanh Binh,0340378303
Huynh Duc Minh,0989033059
Ho Minh Quang,0797473546
Vo Quang Chi,0931465941
Dang Huu Trang,0826617330
Dang Van Tung,0348228643
Pham Duc Thao,0388582482
Huynh Ngoc Tung,0976057663
Ngo Thi Dung,0912482120
Huynh Duc Cuong,0897174616
Hoang Minh Mai,0396477894
Huynh Duc Dat,0390204527
Hoang Huu Anh,0375786800
Ly Quang Duc,0395168814
Tran Ngoc An,0889412572
Dang Van Mai,0983618764
Nguyen Thi Trang,0707452780
Duong Duc Long,0706972774
Pham Thanh Thanh,0777423991
Pham Thanh Huong,0372747945
Phan Minh Hai,0777110724
Huynh Thanh Son,0706949018
Hoang Ngoc Tuan,0329851246
Bui Thanh Hai,0851444148
Ly Huu Anh,0323486033
Duong Thanh Hanh,0377962686
Hoang Quang Hanh,0798813089
Phan Thanh Viet,0381109238
Duong Duc Tuan,0846304414
Le Ngoc Kien,0980111046
Hoang Thi Son,0944585697
Hoang Huu Thao,0942934217
Ly Thanh Duc,0837753086
Bui Ngoc Nam,0899528054
Vu Minh Anh,0762297254
Ho Thanh Bao,0343120669
Phan Van Cuong,0786405029
Phan Ngoc Trang,0379292345
Vo Thanh Chi,0810708550
Tran Quang Thao,0785066600
Hoang Thanh Mai,0789818165
Bui Huu Tung,0378289630
Ly Van Tuan,0837775431
Le Minh Mai,0350450300
Ngo Minh Lan,0770041048
Duong Quang Kien,0324406989
Pham Quang Anh,0377927925
Duong Ngoc Khoa,0864826621
Ho Van Viet,0943009367
Vu Minh Dung,0814106228
Tran Quang Hai,0962002438
Phan Duc Huong,0764650930
Ly Duc Mai,0811119456
Hoang Quang Hung,0856069317
Ly Van Thao,0848061215
Vu Huu Quang,0847316015
Vo Quang Dat,0794327037
Dang Ngoc Duc,0907986637
Duong Duc Quang,0892006281
Tran Minh Hai,0398598757
Ly Duc Hanh,0709651323
Pham Van Phuc,0964354311
Pham Ngoc Hai,0339758543
Do Thi Khanh,0972451774
Huynh Huu Long,0387735034
Vu Thanh Anh,0892273269
Ngo Van Quang,0392739867
Tran Minh Anh,0974574649
Huynh Thi Binh,0397038277
Le Duc Thuy,0905972425
Vu Huu Long,0974862980
Ly Ngoc Yen,0378885420
Le Thi Long,0901288937
Bui Duc Tuan,0823251673
Tran Quang Ngoc,0763074382
Pham Huu Duc,0761585592
Do Duc Minh,0852804075
Ly Minh An,0835412444
Nguyen Thanh Hung,0795305130
Dang Quang Yen,0785051155
Vo Huu Bao,0366082121
Vu Minh Son,0868966085
Huynh Ngoc Hanh,0845899361
Duong Thi Huong,0782411179
Hoang Thi Khoa,0962297630
Do Thanh Khanh,0824721406
Do Quang Tuan,0398135255
Vu Thanh Kien,0945709506
Nguyen Quang Viet,0331718286
Do Thi Thanh,0342593001
Pham Thanh Hoa,0823709668
Do Duc Tuan,0783161109
Phan Duc Son,0779372679
Vo Quang Ngoc,0858818990
Huynh Ngoc Nam,0798927083
Tran Thi Binh,0899246138
Phan Minh Lan,0891912044
Do Minh Hieu,0947725762
Ngo Thi Son,0981955647
Bui Minh Phuong,0782201710
Vu Van Dung,0968044980
Tran Quang Cuong,0395227335
Nguyen Thi Duc,0896082891
Ho Huu Thuy,0327414487
Nguyen Duc Tung,0858776515
Vu Huu Kien,0765738565
Duong Thi Phuong,0335111753
Ho Minh An,0961989725
Vo Huu Phuong,0352159470
Le Ngoc Phong,0792388393
Ngo Thanh Chi,0893801288
Do Huu Anh,0372102926
Phan Ngoc Lan,0342184699
Tran Duc Yen,0987127046
Ly Van Thuy,0891874387
Pham Thanh Dung,0980315519
Duong Quang Son,0768124448
Tran Thi Ngoc,0767235132
Duong Minh Thuy,0973294223
Duong Thanh Bao,0860550170
Dang Minh Lan,0778614751
Bui Thanh Thuy,0840994305
Dang Thanh Thao,0811995183
Vo Ngoc Binh,0360726143
Do Quang Hoa,0985060776
Hoang Quang Thanh,0930172342
Ho Quang Minh,0761619061
Ho Huu Quang,0772076911
Dang Huu Hoa,0853446060
Ho Thanh An,0843355853
Ho Huu An,0335897756
Pham Minh Dung,0961523024
Ngo Quang Thanh,0324653591
Ngo Duc Thanh,0845835728
Le Ngoc Dat,0392693705
Vo Thi Tung,0798399251
Phan Huu Thuy,0764057108
Vu Huu Linh,0829566961
Ngo Huu Thanh,0981662717
Ngo Quang Nam,0789699473
Huynh Duc Long,0760234617
Pham Van Tuan,0823640623
Hoang Quang Minh,0893213634
Tran Quang Thuy,0372881880
Phan Van Dung,0769011487
Vo Van Son,0961655671
Phan Huu Hai,0348458992
Huynh Duc Kien,0797964404
Ngo Thanh Ngoc,0399888165
Do Van Hanh,0337376368
Bui Quang Khanh,0931800606
Hoang Minh Phong,0335952931
Hoang Quang Bao,0917115080
Bui Minh Nam,0348627700
Bui Huu Huong,0356838023
Huynh Quang Hung,0865272748
Duong Thi An,0867816533
Duong Van Hanh,0868719581
Phan Ngoc Cuong,0328318412
Hoang Van Ngoc,0766060776
Vu Duc Long,0894836389
Phan Van Thao,0830681298
Tran Ngoc Lan,0985504863
Le Thi Hoa,0811941503
Bui Thi Tuan,0914758210
Huynh Huu Khoa,0885234607
Ngo Duc Huy,0937448343
Do Thanh Khanh,0359293166
Pham Ngoc Thao,0944875279
Pham Thi Thanh,0797180005
Duong Van Hoa,0341167847
Ngo Ngoc Phuong,0787980532
Do Thi Chi,0936164643
Le Duc Khoa,0330214510
Phan Minh Ngoc,0938248490
Ngo Minh Ngoc,0931764491
Ngo Ngoc Bao,0917349399
Dang Duc Hoa,0821426162
Ly Minh Hieu,0862405308
Dang Van Phuong,0916721360
Ly Huu Thao,0899907906
Phan Duc Phuong,0862830705
Ho Duc Mai,0986102041
Bui Thanh Cuong,0345681296
Huynh Duc Huong,0349981786
Tran Huu Binh,0796782844
Ngo Huu Phong,0863906904
Hoang Duc Son,0787125354
Ngo Van Quang,0708373678
Hoang Ngoc Phuong,0369762974
Bui Van Tuan,0844579723
Bui Huu Viet,0766714837
Ho Quang Huy,0397983040
Vu Ngoc Son,0936785437
Ly Van Phuong,0818580111
Phan Huu Tuan,0362472527
Tran Van Linh,0767627505
Vu Huu Hoa,0862050009
Bui Quang Hoa,0368209786
Tran Quang Hung,0813872547
Huynh Duc Dung,0902258353
Dang Ngoc Dat,0961671067
Do Van Long,0700886716
Pham Huu Thao,0781144687
Hoang Ngoc Lan,0810448771
Ngo Van Duc,0336419516
Huynh Thi Kien,0855485409
Vu Minh Mai,0325079345
Phan Ngoc Trang,0851616210
Duong Minh Mai,0761283746
Ngo Huu Khoa,0938723295
Ho Huu Trang,0768257536
Le Thanh Hai,0777818548
Phan Ngoc An,0344925168
Bui Quang Phuong,0938353359
Bui Van Huong,0818469050
Nguyen Huu An,0369100601
Tran Thanh Huy,0389068571
Ho Duc Dung,0830296459
Le Duc Huy,0760530135
Huynh Minh Yen,0941998738
Duong Van Thao,0917551685
Ho Thanh Phuong,0386313879
Huynh Huu Dung,0887711752
Vu Ngoc Kien,0970551295
Ly Huu Cuong,0339339314
Vo Duc Cuong,0935084244
Tran Van Viet,0892753883
Nguyen Minh Dung,0817225630
Vu Duc Long,0325242203
Vu Van Lan,0896527687
Hoang Minh Tung,0811835125
Le Huu Yen,0848230125
Vo Huu Hai,0939290952
Huynh Ngoc Phong,0939049502
Ho Minh An,0847882244
Bui Thi Chi,0819433080
Bui Quang Minh,0792622462
Ngo Minh Huong,0820935113
Pham Minh Long,0914418967
Dang Ngoc Hoa,0819916091
Hoang Quang Khoa,0915918393
Nguyen Thi Bao,0764772070
Bui Thanh Huy,0381030523
Nguyen Minh Cuong,0969906332
Vo Van Khanh,0972150806
Do Duc Son,0786147341
Phan Van Thao,0399797340
Hoang Ngoc Duc,0965725334
Nguyen Thanh Quang,0911633262
Hoang Quang Khanh,0945790539
Pham Huu An,0396911031
Bui Quang Phuong,0390947061
Tran Van Mai,0934097480
Vo Thanh Huong,0353936305
Huynh Minh Hanh,0905236161
Tran Duc Yen,0841425085
Ly Quang Linh,0891098911
Le Huu Thao,0795115582
Duong Van Linh,0865663891
Duong Van Hanh,0330330712
Do Van Hanh,0835471332
Ho Duc Hoa,0977732776
Do Huu Huy,0937087921
Dang Van Nam,0848636236
Dang Thi Binh,0944473122
Pham Quang An,0967880256
Do Quang Minh,0840373065
Hoang Huu Hai,0386337385
Nguyen Thi Hoa,0846548160
Duong Minh Nam,0389605604
Le Thanh Ngoc,0868193298
Hoang Quang Phong,0863454568
Ngo Van Linh,0388333769
Tran Thi Khanh,0825696526
Nguyen Minh Phuong,0335025126
Nguyen Thanh Thuy,0397314717
Pham Van Yen,0348337466
Dang Duc Son,0901263679
Vo Quang Chi,0788989803
Ho Quang Mai,0344821026
Hoang Minh Huy,0360797443
Le Ngoc Huong,0379622080
Dang Van Thanh,0913789737
Phan Thi Chi,0851542796
Duong Huu Binh,0899700473
Phan Thi Nga,0869929841
Pham Thanh Hung,0384586302
Phan Van Minh,0989503089
Do Van Minh,0778909769
Pham Ngoc Chi,0817165647
Duong Quang Minh,0345827003
Phan Ngoc Bao,0771286168
Nguyen Van Tung,0905064152
Le Thanh Bao,0825031638
Ly Duc Mai,0949058817
Dang Ngoc Thao,0383356734
Phan Quang Tuan,0946749490
Huynh Huu Hieu,0368646460
Dang Ngoc Hanh,0889186574
Vu Thi Cuong,0330312111
Ngo Thanh Huy,0908660803
Phan Ngoc Thao,0793129604
Hoang Duc Khoa,0848375247
Ngo Thanh Lan,0347839914
Huynh Thi Dung,0368937547
Bui Quang Khoa,0777276689
Nguyen Duc Bao,0841004647
Le Thi Lan,0823366315
Nguyen Ngoc Son,0397759239
Do Duc Duc,0324032805
Ly Duc Yen,0325037789
Tran Minh Khoa,0797304611
Vu Thanh Hung,0945346113
Ho Thi Trang,0791080914
Vo Ngoc Binh,0903415137
Hoang Huu Son,0796919567
Ly Huu Dat,0364815809
Ly Van Phuc,0902694157
Nguyen Duc Yen,0363961601
Nguyen Minh Hoa,0914001087
Vu Huu Phuong,0862515949
Pham Ngoc Long,0340464798
Duong Thi Lan,0355210006
Ngo Minh Kien,0888143364
Hoang Thanh Chi,0837317096
Phan Ngoc Tuan,0940620819
Do Minh Ngoc,0342673591
Pham Thi Thao,0362288926
Nguyen Ngoc Nga,0964335179
Le Duc Linh,0774660240
Ly Thi Phuc,0939239315
Vo Thanh Mai,0330708541
Dang Thanh Hieu,0708151075
Tran Quang Son,0770334013
Nguyen Van Mai,0971408104
Hoang Duc Hieu,0384999260
Ho Van Trang,0791066723
Ho Minh An,0946097414
Hoang Ngoc Lan,0931515088
Tran Minh Cuong,0912358208
Vo Duc Hung,0351877913
Phan Van Thanh,0848392777
Do Ngoc Linh,0868756994
Nguyen Thanh Nga,0939737827
Pham Huu Bao,0768812402
Duong Thanh Lan,0368329067
Pham Ngoc Phuong,0983994266
Ngo Minh Bao,0852051464
Ho Minh Hanh,0765258152
Huynh Huu Khoa,0389803367
Bui Thi Huong,0706542286
Nguyen Duc Thanh,0773958384
Ly Quang Hanh,0943657573
Huynh Ngoc Dat,0321792041
Dang Minh Hieu,0333592146
Bui Huu Hung,0367373173
Nguyen Duc Hanh,0944266545
Ly Thi Cuong,0799889849
Do Quang An,0978226851
Tran Van Tuan,0836286506
Nguyen Van Phuong,0891895176
Phan Duc Ngoc,0389156082
Vo Thi Nga,0947966730
Pham Minh Nam,0934133011
Hoang Van Hoa,0362431212
Pham Thanh Mai,0397972898
Dang Duc Duc,0896169641
Duong Quang Ngoc,0785170258
Do Thi Cuong,0960584005
Vo Duc Chi,0780917249
Le Huu Tuan,0894021093
Ngo Minh Son,0369273235
Vo Huu Son,0915188664
Vu Duc Cuong,0906087698
Vu Thanh Nam,0772047722
Hoang Thi Minh,0833965830
Vu Van Kien,0797422287
Do Thi Chi,0910131971
Duong Thi Phong,0914287143
Vo Van Dat,0371514149
Hoang Van Binh,0783950370
Tran Duc Thuy,0373529699
Ly Thi Hung,0792688166
Do Thi Mai,0885321470
Duong Huu Hieu,0776816395
Huynh Thi Tuan,0770568440
Le Thi Viet,0361343763
Ngo Quang Khoa,0788249220
Ngo Thanh Mai,0816928341
Bui Van Thao,0785582152
Vo Thanh Phuc,0897086125
Bui Quang Viet,0781684358
Hoang Van Anh,0782690114
Tran Thanh Dat,0894378351
Do Thanh An,0821113457
Vo Minh Cuong,0397061035
Le Thi Mai,0859189346
Hoang Thanh Tung,0705482263
Ly Ngoc Thao,0880458871
Hoang Thi Hoa,0760874073
Pham Van An,0903082639
Le Thanh Chi,0907439100
Phan Thanh Dung,0772283248
Tran Quang Viet,0966721990
Bui Thi Thanh,0345126237
Ly Huu Duc,0389660477
Le Duc Hung,0981859388
Huynh Thanh Minh,0334187652
Tran Huu Hieu,0822182597
Vo Duc Quang,0799965936
Bui Van Duc,0936883963
Vo Ngoc Chi,0775358628
Phan Thi Duc,0888025640
Vo Duc Hung,0792239922
Le Minh Long,0362910495
Huynh Minh Huong,0939949231
Pham Huu Son,0785495887
Bui Huu Lan,0774727774
Phan Minh Bao,0341415979
Tran Huu Kien,0946167297
Bui Quang Thanh,0336601736
Le Ngoc Binh,0919569565
Phan Huu Huy,0350347869
Nguyen Ngoc Thao,0969370578
Ly Minh Son,0903837070
Phan Thi Tung,0987758202
Bui Quang Duc,0344391992
Hoang Duc Hai,0892831255
Nguyen Quang Phuc,0976728249
Le Quang Phuc,0857195804
Do Minh Thanh,0854364723
Dang Thanh Kien,0321494200
Le Quang Phuong,0392854188
Ly Huu Tung,0841968815
Tran Duc Thao,0968822092
Pham Van Thuy,0947611954
Pham Ngoc Thuy,0788290445
Ngo Duc Dat,0863766215
Nguyen Quang Tuan,0893408213
Vo Van Linh,0344466142
Phan Huu Phong,0378290765
Do Minh Kien,0912184382
Vu Quang Hoa,0943466272
Nguyen Thi Hung,0853616607
Dang Thi Lan,0784747402
Ho Thi Huong,0703176986
Phan Minh Lan,0943026104
Ly Quang Thuy,0942448514
Le Van Hai,0964868629
Le Van Yen,0363950793
Pham Minh Kien,0857566133
Do Huu Minh,0356201492
Huynh Minh Chi,0847686718
Phan Thi Trang,0980173144
Ho Quang Phuc,0812234807
Ngo Thi Cuong,0795423167
Ngo Thanh Viet,0896669861
Huynh Quang Khoa,0933560421
Ngo Minh Thuy,0896433986
Nguyen Huu Mai,0897101643
Do Duc Phong,0704298752
Tran Minh Duc,0981598523
Pham Ngoc Nga,0830985700
Dang Thanh Nam,0975584506
Duong Ngoc Minh,0357900934
Hoang Van Tung,0390763562
Ly Van Hanh,0964255656
Do Thanh Bao,0826391073
Phan Van Tuan,0376621913
Do Thanh Hanh,0936222689
Hoang Thanh Phong,0329387865
Hoang Thanh Hoa,0979738954
Tran Duc Khanh,0334366969
Do Huu Bao,0338451467
Duong Van Lan,0815690441
Vo Quang Hoa,0882213242
Ngo Van Phong,0985323702
Phan Thanh Anh,0898899034
Ngo Quang Trang,0942378937
Do Minh Bao,0361960284
Ho Duc Hieu,0380740918
Nguyen Thi Ngoc,0328375364
Duong Van Hieu,0794714408
Ly Duc Dat,0706049733
Hoang Quang Mai,0944746702
Le Duc Hung,0364425123
Hoang Thanh Phuong,0825251441
Hoang Thanh Khoa,0942767969
Ho Minh Son,0388242223
Dang Quang Phuong,0762537801
Duong Minh Dat,0837381800
Bui Van Bao,0973169550
Do Minh Thuy,0320915485
Vu Huu An,0353072601
Do Ngoc Phuong,0977889444
Pham Duc Binh,0362743996
Pham Van Nga,0897837188
Bui Minh An,0941946560
Le Ngoc Anh,0810684371
Le Huu Anh,0885981414
Pham Thanh Trang,0899409577
Dang Van Hanh,0817679933
Ly Van Phuong,0811887283
Phan Thi Viet,0792483929
Bui Huu Son,0865865386
Ly Van Khoa,0983418084
Tran Huu Cuong,0794766683
Duong Duc Huong,0332823521
Vo Minh Viet,0708535203
Tran Van Son,0784576682
Ho Huu Khanh,0849826036
Ho Ngoc Minh,0349790300
Pham Minh Dung,0968825074
Vu Quang Quang,0769576230
Pham Minh Viet,0336986351
Bui Thi Huy,0984129836
Hoang Ngoc Lan,0768356912
Tran Quang Son,0931582179
Ho Ngoc Ngoc,0380435572
Phan Ngoc Kien,0372046668
Bui Van Ngoc,0916267268
Le Thi Long,0841779557
Duong Thi Huong,0785428072
Bui Thanh Viet,0320484433
Phan Ngoc Khanh,0987721431
Hoang Duc Thao,0788050632
Ly Thanh Tung,0884518413
Nguyen Duc Dat,0850097397
Tran Quang Minh,0380735630
Huynh Quang Thao,0907601790
Nguyen Ngoc Dung,0389548894
Ngo Quang Hanh,0323546147
Tran Thi Hieu,0790816752
Hoang Minh Dat,0774747180
Ly Thi Khoa,0380931723
Hoang Quang Hung,0701186553
Nguyen Minh Khoa,0836398678
Pham Minh Tuan,0986691735
Huynh Minh Thanh,0362986525
Bui Duc Tuan,0356692721
Huynh Thi Hung,0980344134
Phan Duc Ngoc,0793493397
Ngo Quang Long,0336517997
Ho Thi Hanh,0766751088
Huynh Huu Linh,0372585950
Vo Thi Viet,0865008781
Hoang Thanh Nam,0817253770
Phan Van Nam,0705202636
Nguyen Thi Tung,0932202624
Tran Quang Huy,0391612483
Duong Duc Tuan,0786164902
Huynh Thanh Duc,0823353283
Pham Ngoc Minh,0817473283
Do Thi Hai,0917993331
Huynh Quang Chi,0369446530
Vo Minh Duc,0857097946
Hoang Thi Anh,0987088983
Le Minh Tuan,0776177975
Bui Minh Khoa,0853126532
Phan Thi Khanh,0947147380
Do Ngoc Huong,0980678438
Hoang Minh Nga,0825733527
Vu Van Quang,0883761958
Ngo Duc Phong,0902601637
Bui Thanh Son,0818846268
Duong Thanh Dat,0908802632
Hoang Duc Nam,0984877187
Do Thanh Hung,0887337608
Vo Huu Dat,0988012989
Le Thanh Phuc,0372493203
Nguyen Minh Hieu,0325040020
Pham Thi Duc,0784171713
Phan Thanh An,0827176148
Vo Huu Hoa,0379538446
Ngo Duc Linh,0979244150
Pham Thanh Phong,0980756566
Bui Minh Hung,0821805768
Do Huu Linh,0827128865
Ho Quang Khanh,0941585184
Ho Van Nga,0889537481
Ho Thi Cuong,0784251016
Ngo Quang Anh,0394275844
Vo Quang Viet,0841371865
Bui Ngoc Binh,0768446398
Tran Quang Duc,0961911520
Nguyen Ngoc Tuan,0707765820
Vo Thi Hanh,0333056945
Nguyen Minh Mai,0786592730
Huynh Duc Lan,0971397383
Vo Thi Son,0944993696
Ly Huu Yen,0389851721
Duong Thi Huong,0707633602
Phan Quang Thao,0767548873
Do Thi Quang,0854447210
Huynh Thanh Duc,0383140556
Le Ngoc Quang,0343105251
Do Minh Huong,0984350628
Vu Van Yen,0791783932
Tran Ngoc Hanh,0948965341
Duong Thanh Hanh,0960098097
Nguyen Thi Son,0911957536
Le Ngoc Bao,0962881241
Ly Quang Hung,0908004743
Vo Quang Quang,0886796309
Ho Duc Quang,0798165848
Do Thanh Minh,0376052024
Bui Ngoc Binh,0896626953
Tran Quang Anh,0775077736
Tran Thanh Linh,0982098653
Ho Duc Tuan,0320232799
Huynh Quang Duc,0341877580
Hoang Duc Bao,0780266510
Ly Ngoc Quang,0893157826
Pham Ngoc Hung,0790449886
Huynh Huu Hai,0348071807
Ngo Thi Trang,0902435283
Duong Thi Huy,0904056398
Hoang Thanh Cuong,0949035915
Pham Minh Duc,0341444410
Duong Van Nam,0377774990
Tran Quang Lan,0327952217
Pham Quang Dung,0940366025
Do Ngoc Quang,0862786787
Bui Thanh Minh,0327470322
Huynh Quang Phong,0817910276
Bui Minh Hoa,0967541631
Pham Duc Phuong,0844070650
Nguyen Ngoc Khoa,0344946450
Phan Minh Viet,0846572195
Phan Thi Huy,0975601074
Hoang Duc Dung,0961722408
Do Ngoc Trang,0907244199
Do Thi Lan,0948316519
Nguyen Ngoc Phong,0709708325
Ho Thi Huong,0859299686
Ly Thanh Thuy,0370621045
Tran Duc Ngoc,0816705523
Bui Minh Huong,0818612679
Vo Thi Phuong,0848185628
Vo Huu Phong,0351018455
Ho Van Trang,0820319096
Dang Huu Binh,0949670443
Ho Minh Khanh,0389282090
Pham Ngoc Kien,0984493758
Hoang Huu Huong,0906998405
Pham Van Bao,0811961940
Tran Minh Trang,0815817736
Ngo Minh Phuc,0887318725
Ngo Van Thao,0962706725
Tran Thi Nga,0373224602
Ngo Duc Khanh,0815768801
Vo Ngoc Nga,0883894044
Duong Ngoc Dat,0823685993
Bui Van Hung,0845690043
Huynh Thanh Son,0857859576
Tran Van Duc,0324922335
Bui Huu Duc,0706549342
Le Quang Hoa,0946044085
Vo Thi Mai,0777924295
Ngo Thanh Minh,0772718341
Do Minh Dung,0853476383
Do Quang Binh,0371446060
Pham Thanh Dat,0938101545
Ho Huu Quang,0322907342
Ho Duc Tuan,0342622515
Tran Thi Hai,0858257506
Tran Thanh Hanh,0866979059
Le Thanh Lan,0815094433
Do Quang Chi,0353513701
Tran Thanh Viet,0830789356
Duong Huu Huy,0966019442
Do Huu Chi,0365990202
Nguyen Thi Trang,0932660958
Bui Ngoc Linh,0338446974
Hoang Thanh Hanh,0971068131
Bui Thanh Chi,0387224612
Dang Huu Huong,0863803231
Phan Minh Hai,0869428484
Le Quang Phuong,0358159855
Ly Thanh Hung,0365709692
Vo Thi Dung,0775959954
Pham Thanh Phong,0760783099
Ho Thanh Tung,0769345284
Huynh Quang Mai,0362536352
Huynh Thanh Nga,0798646766
Huynh Quang Mai,0851747213
Vu Thanh Huong,0890845941
Hoang Thi Minh,0887669463
Duong Quang Binh,0781861110
Do Ngoc Lan,0861709062
Tran Van Mai,0789436728
Nguyen Thanh Phong,0978511177
Huynh Quang Dat,0862802571
Bui Thi Bao,0901980707
Tran Duc Chi,0793445809
Huynh Duc Tuan,0392634568
Le Quang Thuy,0704901010
Ho Van Khoa,0897407441
Bui Huu Thao,0768487536
Dang Thi Minh,0811665880
Nguyen Duc Dat,0326102492
Ly Duc Nga,0382311438
Le Huu Duc,0863387157
Huynh Thanh Bao,0886975124
Phan Quang Nam,0760110521
Huynh Quang Chi,0357946752
Ly Van Hung,0384811005
Vo Quang Nam,0822873296
Ly Thanh Cuong,0984463001
Bui Quang Long,0396962689
Ly Thi Phong,0394117989
Dang Ngoc Viet,0328886057
Pham Thanh Chi,0943828258
Le Minh Huy,0327194453
Le Huu Dat,0946867070
Pham Duc Binh,0888659648
Bui Quang Dat,0776069566
Vo Quang Trang,0967425238
Bui Thi Long,0320166911
Ngo Thi Trang,0898679670
Le Van Yen,0981422342
Tran Thi Phuong,0385281544
Tran Minh Hai,0912756910
Nguyen Van Linh,0941031267
Phan Huu Khanh,0910622329
Vo Van Cuong,0932532555
Ngo Thi Binh,0840969887
Huynh Duc Cuong,0908720433
Ly Thanh An,0377034775
Phan Minh Phuong,0919288041
Dang Quang Phuong,0795105693
Duong Duc Khanh,0705262932
Duong Van Nam,0390132577
Bui Ngoc Linh,0784693941
Dang Duc Dat,0822463932
Ngo Minh Hanh,0896776956
Bui Thi Tung,0883441570
Ly Huu Anh,0837417942
Phan Huu Quang,0895792344
Bui Thi Kien,0776786479
Hoang Duc Cuong,0763310073
Pham Quang Hai,0371413999
Ngo Huu Viet,0979016637
Hoang Huu Lan,0386543005
Ngo Thi Lan,0702114023
Ho Van Tung,0829072954
Bui Thi Hanh,0373585870
Le Van Khanh,0988584425
Dang Huu Quang,0835238726
Nguyen Thanh Long,0825716146
Huynh Ngoc Ngoc,0762684813
Bui Minh Thuy,0960467937
Ngo Quang Hieu,0779058566
Huynh Thanh Lan,0844340101
Bui Thi Phuc,0355099302
Do Quang Quang,0707092498
Dang Thanh Ngoc,0821852907
Tran Ngoc Lan,0701005722
Do Thanh Phong,0786257547
Duong Quang Dung,0368514426
Ngo Ngoc Son,0392077237
Ho Minh Phong,0972092954
Vu Thanh Hieu,0884998957
Do Van Phong,0840087466
Ngo Thanh Minh,0885687145
Vo Duc Mai,0359757525
Bui Huu Hung,0848947098
Vu Huu Dung,0799991652
Huynh Ngoc Anh,0355877681
Hoang Van Huong,0374773713
Ly Huu Hung,0939609414
Ly Ngoc Khanh,0932348331
Tran Van Nam,0896336179
Huynh Huu Huy,0824154597
Duong Van Huy,0865500359
Ngo Ngoc Hieu,0829770531
Hoang Thi Hieu,0346061063
Nguyen Huu Huy,0881643963
Ly Duc Binh,0327141928
Do Quang Hai,0786913101
Vo Duc Cuong,0981547674
Tran Duc Minh,0977128416
Hoang Thi Minh,0327990200
Phan Huu Linh,0347485391
Phan Duc Chi,0986195728
Pham Minh Thanh,0938829103
Vu Quang Duc,0919869020
Pham Quang Ngoc,0838706452
Bui Quang Kien,0766623350
Bui Thanh Long,0794424046
Pham Thi Binh,0848368933
Ngo Thanh Hieu,0907103845
Ly Minh Trang,0888213136
Vo Van Yen,0706994796
Huynh Duc Bao,0782732048
Dang Van Kien,0328485679
Le Thanh Anh,0328132997
Vu Thi Nga,0897679146
Ngo Ngoc Kien,0328609823
Phan Quang Tuan,0798877514
Pham Thi Huong,0863567549
Ho Huu Kien,0887941588
Dang Quang Thao,0972631333
Ngo Ngoc Trang,0836196363
Nguyen Van Anh,0866855503
Bui Thi Tuan,0862027802
Vo Van Kien,0399592620
Bui Quang Thuy,0370675822
Duong Van Phuong,0822572022
Ngo Ngoc Ngoc,0866232188
Tran Quang Thanh,0376282392
Bui Ngoc Hoa,0374932187
Tran Quang Khoa,0810469389
Bui Ngoc Phong,0772396950
Ho Minh Dung,0329892253
Le Van Nga,0940816229
Dang Minh Dung,0374756043
Duong Huu Phuong,0343071524
Tran Huu An,0788200596
Dang Minh Duc,0962052321
Le Thi Binh,0835849358
Bui Huu Khanh,0980749647
Nguyen Thi Long,0948072800
Vu Ngoc Lan,0845195935
Ngo Huu Hieu,0847589583
Ho Van Chi,0386330138
Huynh Minh Hanh,0812228175
Huynh Thi Hieu,0762324018
Le Quang Khoa,0827733225
Huynh Duc Hung,0767548562
Nguyen Ngoc Chi,0937534223
Hoang Thanh Khoa,0325456223
Duong Thanh Nga,0986872422
Pham Minh Hai,0913906109
Vu Van Huy,0915687440
Dang Minh Son,0830768727
Bui Minh Dat,0937433920
Pham Huu Thanh,0704653581
Ho Thi Chi,0901485285
Bui Thi An,0792778554
Ly Ngoc Linh,0890416143
Bui Quang Dung,0845181610
Phan Thi Tuan,0832076710
Vu Duc Hanh,0909384383
Tran Quang Tuan,0983228384
Duong Thi Phuong,0859090471
Nguyen Ngoc Linh,0840887084
Pham Quang Kien,0848753576
Dang Ngoc Hoa,0347983198
Vu Quang Huy,0820313131
Dang Van Ngoc,0868923120
Huynh Quang Hieu,0330318323
Do Huu Mai,0363452834
Pham Quang Nam,0359723281
Vo Thanh Nam,0881420156
Vo Minh Mai,0778951380
Tran Van Huong,0855375942
Duong Thanh An,0919879985
Tran Van Bao,0978245549
Tran Thanh Lan,0790390292
Ngo Thanh Huong,0387331935
Dang Van Nam,0336961478
Duong Huu Nga,0968856721
Huynh Huu Phong,0386409080
Pham Quang Hai,0361527147
Ly Van Kien,0861666541
Pham Van Duc,0832821189
Ly Thi Hieu,0372416493
Nguyen Minh Trang,0334287493
Ngo Quang Mai,0761503717
Ly Quang An,0325147152
Vu Van Phuong,0942838554
Vo Thanh Duc,0975457472
Vu Huu An,0330455856
Ly Huu Thuy,0890981497
Duong Thanh Binh,0376542102
Ho Minh Tung,0865369404
Ho Thi Cuong,0326926017
Do Duc Duc,0384327419
Bui Van An,0912029477
Vo Huu Quang,0973398383
Phan Huu Dung,0359831936
Hoang Minh Cuong,0358270822
Le Minh Ngoc,0828462784
Vu Van An,0911930745
Ngo Thi Phuc,0361017235
Vo Ngoc An,0387798444
Pham Minh Quang,0836829609
Ngo Van Hanh,0988123050
Pham Duc Bao,0966836611
Ly Minh Ngoc,0903921514
Duong Thanh Trang,0964515751
Nguyen Duc Huong,0839834345
Duong Duc Hung,0931703045
Tran Thanh Mai,0359306446
Duong Huu Duc,0902106737
Vu Ngoc Khanh,0379533579
Hoang Thanh Anh,0947482340
Dang Ngoc Khanh,0988395862
Dang Quang Khoa,0342388522
Ly Van Anh,0399067074
Duong Van Mai,0334113127
Ngo Huu Khanh,0837109386
Pham Ngoc Long,0837578973
Pham Duc Nga,0970016794
Do Thanh Hoa,0787795567
Ho Thanh Lan,0784852800
Vu Huu Nam,0902808198
Vu Quang Phuong,0961009569
Huynh Minh Binh,0814585262
Ngo Thanh Dat,0854209218
Ly Ngoc Thuy,0786377917
Huynh Quang Hoa,0393569422
Do Duc Son,0848561890
Huynh Duc Tung,0370763107
Hoang Ngoc Lan,0338960531
Ho Huu Thuy,0841173318
Ly Van Dung,0371505169
Huynh Thanh Lan,0912063211
Dang Thanh Hoa,0782342942
Ly Thanh Kien,0709336169
Ho Thanh Thanh,0367247127
Do Quang Dung,0348469478
Ho Quang An,0775340253
Bui Minh Huy,0935748465
Ngo Thanh An,0904384902
Hoang Quang Lan,0767595349
Vu Quang Thao,0364125991
Nguyen Duc Thuy,0935396194
Ho Van Chi,0383533682
Duong Thanh Khanh,0885510598
Nguyen Thanh Khanh,0962243545
Do Duc Thuy,0900034351
Dang Thanh Quang,0857994829
Duong Quang Duc,0960160702
Bui Thi Hoa,0932911451
Duong Minh Binh,0949324619
Vo Ngoc Hung,0898203667
Hoang Minh Phong,0766589940
Nguyen Thanh Thuy,0831361450
Vo Thi Phong,0771300622
Huynh Duc Son,0830519213
Phan Duc Thao,0787468826
Nguyen Van Duc,0932070570
Phan Van Nam,0396314548
Dang Thanh Duc,0786005668
Bui Huu Cuong,0912972698
Phan Huu Nga,0780141455
Huynh Thanh Binh,0867762692
Hoang Ngoc Huong,0393237849
Tran Huu Nga,0880157090
Bui Huu Cuong,0350331881
Dang Huu Nga,0764716653
Hoang Huu Anh,0936003240
Ly Thanh Yen,0341509387
Do Quang Long,0785086491
Dang Quang Ngoc,0773710242
Le Thi Duc,0358284734
Bui Huu Dung,0390617335
Duong Thi Khoa,0368268447
Bui Thi Tuan,0893507886
Hoang Minh Phuc,0963289790
Bui Minh Phuc,0786645223
Vo Quang Lan,0864653119
Ngo Thanh Nam,0848394071
Duong Minh Phong,0812860131
Duong Thanh Chi,0833250925
Pham Ngoc Tuan,0939490989
Bui Ngoc Son,0939481479
Do Duc An,0331096569
Ngo Thanh Viet,0842151617
Vu Thi Tuan,0701091346
Huynh Quang Duc,0324355775
Vu Minh An,0843824620
Tran Van Bao,0824602459
Vo Huu Minh,0340387847
Ngo Ngoc Dung,0898941274
Tran Quang Son,0854243311
Bui Duc Khoa,0939397186
Vu Thanh Duc,0880032798
Tran Ngoc Tung,0940870113
Ho Van Dung,0795419028
Le Ngoc Ngoc,0946826244
Tran Huu Huy,0362042084
Ly Thi Hung,0938695551
Dang Ngoc Hung,0888314364
Ly Huu Binh,0398678130
Do Minh Thanh,0760729216
Ho Quang Lan,0703767293
Bui Van Dat,0974662942
Phan Thanh Tung,0948932362
Do Van Thao,0885305659
Vo Minh Quang,0966574301
Duong Van Dung,0345615431
Le Ngoc Trang,0989593541
Vu Huu Thuy,0770425670
Ly Ngoc Yen,0703785409
Ho Minh Mai,0897110523
Hoang Quang Anh,0984194038
Duong Huu Hai,0342759542
Le Huu Hanh,0385214457
Vu Duc Huy,0981622794
Pham Huu Minh,0968052500
Huynh Huu Linh,0940403047
Bui Duc Duc,0845608665
Le Duc Son,0784201173
Huynh Van Nam,0351809265
Dang Van Yen,0813999003
Do Minh Lan,0380913231
Ngo Huu Ngoc,0785596685
Ngo Duc Mai,0823971899
Ly Ngoc Chi,0987357303
Ngo Duc Anh,0761605088
Hoang Thanh Tung,0907490291
Do Thi Phuc,0842094239
Le Quang Anh,0981018157
Vo Thanh Tuan,0976331639
Do Van Mai,0381090992
Vu Thi Anh,0772139695
Ly Duc Linh,0977414160
Tran Thanh Hung,0975057845
Pham Minh Cuong,0857245056
Phan Huu Khoa,0981708383
Ho Ngoc Huy,0930936000
Pham Ngoc Minh,0830875823
Vo Ngoc Thao,0376399761
Tran Thi Tung,0911607764
Bui Huu Duc,0856897247
Le Van Huong,0350177948
Pham Huu Hieu,0886441109
Phan Huu Dat,0887182422
Phan Thanh Trang,0851699161
Ho Thi Hanh,0380435739
Ly Huu Binh,0888677392
Ngo Thanh Hanh,0389861871
Hoang Quang An,0341812049
Phan Duc Thao,0860206168
Hoang Thanh An,0851133208
Do Van Hung,0843248312
Hoang Duc Anh,0842113620
Duong Ngoc Dung,0908537891
Duong Ngoc Mai,0365962475
Ly Thanh Duc,0948076540
Pham Quang Phong,0707459558
Do Duc Thanh,0334079421
Hoang Duc Minh,0320739385
Huynh Huu Anh,0972142127
Vu Ngoc Tung,0379806656
Duong Huu Long,0948608821
Dang Thanh Lan,0906001942
Do Van Son,0379792289
Bui Van Ngoc,0832443176
Ngo Thanh Khanh,0327877301
Nguyen Quang Phuong,0375752912
Tran Thanh Hoa,0376187940
Tran Thi Ngoc,0968685239
Phan Thanh Yen,0842425991
Phan Van An,0973982698
Dang Duc Phuong,0829386012
Ly Huu Ngoc,0790916158
Ngo Thanh Khoa,0945768277
Le Van Dat,0343361682
Ngo Van Duc,0903376603
Phan Ngoc Phuc,0771147624
Bui Thanh Khoa,0383176859
Bui Thi Hieu,0937981342
Ly Minh Hai,0897841710
Nguyen Minh Ngoc,0855555698
Dang Ngoc Binh,0799704122
Ho Huu Viet,0845631448
Ho Thi Linh,0855026983
Vo Minh Khoa,0945513312
Vu Ngoc Hieu,0331759055
Huynh Quang Hai,0880707866
Ho Huu Phuong,0813681019
Hoang Thi Son,0963741740
Le Thanh Thanh,0893863356
Duong Ngoc Kien,0883575870
Hoang Huu Hanh,0358065582
Ly Duc Thanh,0705561900
Tran Duc Hung,0776306753
Phan Thanh Mai,0346716130
Ngo Thi Son,0330112833
Vo Minh Nga,0390165961
Ngo Thanh Yen,0986004341
Hoang Huu Hung,0969306180
Ly Huu Khanh,0862389108
Tran Ngoc Hung,0377388822
Ly Thi Viet,0349826187
Phan Van Tuan,0766038275
Vo Thi Minh,0970498041
Ngo Ngoc Hieu,0343318952
Tran Quang Tuan,0372921695
Pham Thi Son,0354395611
Tran Ngoc Dung,0702924009
Hoang Quang Tuan,0389303049
Phan Minh Thanh,0352995428
Pham Ngoc Phong,0340360576
Do Huu An,0334392083
Duong Quang Chi,0860352216
Duong Van Kien,0782302564
Do Huu Thanh,0911861751
Bui Quang Huy,0383527197
Vu Duc Khoa,0377653827
Vu Thi Thao,0356201541
Tran Duc Phuc,0776247000
Tran Thi Cuong,0932874940
Hoang Huu Cuong,0827276581
Huynh Thi Yen,0891096852
Ngo Duc Son,0862423170
Ly Thanh Nga,0323181650
Ngo Duc Lan,0348934785
Bui Quang Thao,0916278962
Hoang Thi Minh,0387206488
Vo Van Khanh,0904102862
Ho Duc Linh,0979853693
Ho Duc Quang,0348983668
Hoang Ngoc Anh,0372492539
Le Minh Phuong,0384146852
Tran Thanh Hanh,0974698850
Duong Duc Trang,0792121622
Phan Ngoc Phuong,0798527346
Bui Thanh Linh,0848203901
Hoang Quang Kien,0341365794
Do Thanh Kien,0777896486
Pham Duc Hanh,0771088389
Le Van Nga,0338533123
Pham Thanh Duc,0918542262
Phan Van An,0398364914
Pham Ngoc An,0827789112
Vo Thanh Nam,0335399296
Le Huu Huy,0896272644
Hoang Thi Thanh,0828108379
Dang Van Nam,0898301232
Nguyen Thi Anh,0814501921
Huynh Quang Cuong,0846726758
Nguyen Ngoc Tung,0909797602
Duong Van Thao,0900614121
Ngo Van Cuong,0343683039
Ngo Huu Phong,0347584644
Nguyen Thanh Hung,0793932320
Vu Ngoc Binh,0913667394
Hoang Minh Son,0377130700
Pham Thanh Hung,0919586004
Tran Ngoc Thuy,0336276479
Ngo Thanh Long,0369236729
Le Quang Quang,0982253688
Ngo Huu Trang,0761409758
Do Minh Thanh,0377457561
Vo Ngoc Kien,0825898448
Bui Minh Yen,0359797260
Vo Van Hieu,0977805651
Ho Quang Nga,0825643418
Le Thanh An,0947569061
Pham Quang Son,0887256240
Duong Ngoc Huong,0946165827
Pham Duc Ngoc,0778347387
Hoang Huu Ngoc,0384580506
Phan Minh Hung,0910414702
Dang Ngoc Huong,0337410303
Nguyen Quang Huy,0354456445
Vu Thanh Quang,0901273196
Hoang Duc Ngoc,0391382753
Tran Ngoc Phuc,0378418218
Ngo Huu Bao,0829171296
Dang Ngoc Cuong,0901311290
Ngo Ngoc Tuan,0774637641
Ly Huu Ngoc,0351651030
Hoang Duc Thuy,0861197032
Le Duc Nam,0390642255
Pham Ngoc Kien,0833360587
Ngo Thanh Son,0383299177
Ly Ngoc Mai,0935523752
Tran Duc Tung,0365078724
Vu Duc Dung,0704604751
Bui Duc Hanh,0342312992
Hoang Quang Hai,0799112136
Ngo Thi Ngoc,0360143174
Le Minh Nam,0765024342
Vo Huu Khanh,0375815525
Ly Huu Phuc,0776774826
Hoang Ngoc Anh,0919730009
Phan Huu Hieu,0760199493
Pham Quang Huy,0818600788
Ngo Van Huong,0762504521
Nguyen Ngoc Hieu,0796669032
Huynh Thi Khoa,0353807191
Hoang Ngoc Hoa,0703521118
Dang Thanh Khanh,0813921224
Phan Minh Yen,0829848286
Ly Duc Tuan,0779271345
Hoang Thanh Hanh,0767864124
Bui Van Bao,0707741026
Vu Duc Hai,0381440757
Duong Ngoc Yen,0383151542
Ho Duc Ngoc,0947007639
Vu Duc Long,0347359842
Pham Huu Binh,0889369182
Phan Thi Thuy,0966286425
Duong Thi Thanh,0329688983
Tran Thi Cuong,0792153282
Vo Thi Hung,0370162422
Bui Thi Duc,0815950248
Huynh Huu Khoa,0383783105
Duong Ngoc Ngoc,0947142385
Do Huu Huong,0936767404
Vu Van Son,0769019498
Ngo Minh Cuong,0375470706
Dang Van Thanh,0840389899
Bui Quang Lan,0840540377
Vo Duc Thao,0322578511
Nguyen Minh Duc,0389532661
Tran Ngoc Tung,0909628087
Tran Ngoc Viet,0796557976
Ho Huu Hai,0913425984
Ngo Ngoc Tuan,0911068863
Phan Ngoc Huong,0836483284
Vu Minh Minh,0347965447
Bui Quang Anh,0865517042
Huynh Huu Cuong,0847575505
Duong Ngoc Linh,0905111102
Nguyen Van Phuong,0982876011
Vo Ngoc Viet,0869276236
Ly Ngoc Yen,0330537863
Do Thanh Huong,0788197571
Ngo Van Mai,0963132173
Nguyen Quang An,0341165866
Bui Thi Phuc,0914761669
Phan Ngoc Huong,0343909752
Do Van Viet,0378797899
Ho Ngoc Tung,0987627990
Nguyen Quang Thao,0976184958
Nguyen Quang Tung,0820185339
Ngo Huu Phuong,0335482325
Ngo Quang Khoa,0796893107
Huynh Huu Thuy,0912634617
Tran Huu Nga,0862166570
Vo Huu Chi,0837019808
Vu Thanh Hai,0811153651
Nguyen Duc Phong,0913464154
Huynh Minh Ngoc,0323450687
Do Duc Nam,0377251124
Hoang Van Anh,0787965487
Nguyen Van Thuy,0339648432
Huynh Huu Anh,0379856479
Nguyen Quang Hanh,0348430131
Phan Ngoc Chi,0897700011
Nguyen Huu Tung,0363384010
Nguyen Huu Mai,0962393974
Vu Quang An,0881073239
Do Duc Hanh,0786698083
Ho Quang Tuan,0854141290
Duong Huu Viet,0825517883
Tran Quang Thanh,0848236918
Do Quang Cuong,0887762741
Ly Ngoc Khoa,0840655733
Dang Thi An,0701528449
Nguyen Huu Thuy,0377655554
Duong Van Nam,0394990361
Bui Huu Tung,0912938131
Phan Van Huong,0944179788
Do Duc Khanh,0337249042
Duong Minh Dat,0886453607
Nguyen Duc Linh,0933077684
Phan Thanh Hung,0899539781
Pham Thi Hanh,0866602695
Dang Quang Tung,0890732568
Vu Thanh Hanh,0352649663
Dang Van Dung,0369021738
Vu Ngoc Phuc,0371119776
Phan Quang Nam,0893644931
Pham Van Thanh,0816900102
Ngo Minh Tung,0769274845
Bui Duc Kien,0866186297
Huynh Thi Thao,0981765375
Do Huu Hieu,0825469592
Pham Minh Bao,0947565450
Dang Duc Thuy,0334240720
Dang Thi Yen,0348490354
Ly Huu Nga,0977753883
Ly Duc Lan,0961228016
Ly Huu Hoa,0907749462
Vu Minh Linh,0915765619
Ngo Quang Huong,0706699844
Phan Thanh Linh,0793261550
Bui Thanh Bao,0910633753
Vo Van Bao,0964204466
Dang Thi Tung,0862289764
Duong Quang Phuc,0387788747
Ly Van Huong,0817740286
Hoang Huu Phong,0981384936
Huynh Thanh Quang,0834065012
Duong Ngoc Khanh,0897343784
Le Duc Binh,0327898507
Huynh Duc Hoa,0784683223
Hoang Ngoc Phong,0782707281
Do Minh Kien,0330303099
Le Huu Hieu,0851686363
Hoang Duc Khanh,0334934928
Duong Ngoc Trang,0868970002
Le Ngoc Nga,0706557366
Vu Huu Khanh,0331301665
Vu Minh Long,0930188082
Tran Duc Thanh,0934584412
Pham Thanh Nam,0327393014
Le Thanh Minh,0392985341
Ngo Minh Nga,0340577888
Pham Van Cuong,0938930492
Vu Duc Tuan,0347416504
Nguyen Huu Thao,0890801213
Le Huu Lan,0788772377
Bui Thi Yen,0901724585
Tran Thanh Anh,0915172822
Hoang Quang Hanh,0880879382
Dang Quang Dat,0850078278
Le Ngoc Kien,0976331646
Vu Quang Thao,0763384602
Tran Minh Hung,0356285495
Tran Huu Dung,0353355203
Vo Ngoc Chi,0980269080
Duong Van Anh,0940468825
Huynh Minh Binh,0965655878
Huynh Minh Linh,0783223772
Ho Van Tung,0931059841
Bui Ngoc Phuong,0351620732
Duong Thi Phuc,0772816607
Dang Huu Tung,0702802587
Ngo Minh Dung,0976973953
Tran Duc Cuong,0821806634
Vo Thi Minh,0785488523
Do Van Bao,0389429703
Nguyen Thanh Yen,0903180079
Phan Minh Anh,0853474885
Vo Thanh Anh,0836628072
Bui Quang Nga,0942026754
Nguyen Minh Minh,0353586633
Tran Minh Khoa,0865982358
Hoang Thanh Hai,0382912886
Dang Van Thanh,0966746781
Ho Van Binh,0905305630
Hoang Minh Bao,0966529468
Pham Thi Phuong,0347696982
Pham Minh Kien,0351107569
Bui Duc Binh,0934671743
Tran Duc Trang,0906190456
Vu Thanh Hanh,0971129631
Ly Huu Thuy,0346897060
Bui Ngoc Nga,0378381494
Hoang Ngoc Huong,0868995633
Ngo Huu Cuong,0779549676
Pham Quang Thuy,0334226854
Pham Duc Thanh,0865441761
Vo Huu Viet,0906519046
Ho Duc An,0932230219
Ngo Duc Kien,0382941566
Le Ngoc Dung,0905334600
Duong Thanh Anh,0798088805
Ngo Huu Linh,0985622132
Ngo Van Lan,0969815290
Pham Thi Duc,0886415127
Duong Duc An,0823899452
Phan Ngoc Nga,0829856086
Hoang Van Huy,0890222997
Ly Huu Kien,0350355901
Phan Duc Trang,0852081317
Vo Minh Chi,0373966072
Dang Thanh Son,0707189001
Dang Huu Yen,0764086019
Vu Ngoc Phuong,0851331937
Ho Huu Hoa,0972307798
Ho Thi Hung,0398367241
Pham Van Minh,0373389195
Vo Ngoc Anh,0326304004
Le Ngoc Mai,0340635969
Huynh Minh Thanh,0357444490
Huynh Minh Phuong,0705514500
Ly Ngoc Phuc,0324666187
Dang Quang Huong,0380664503
Bui Thi Hieu,0826960756
Nguyen Huu Phong,0904839473
Huynh Duc Huy,0760397508
Ly Thanh Yen,0355557792
Phan Van Nam,0384064263
Nguyen Huu Son,0349048149
Phan Ngoc Trang,0974166421
Vo Quang Ngoc,0773731991
Phan Thanh Viet,0856400271
Tran Minh Hoa,0825396173
Pham Minh Nga,0337421584
Ho Quang Thuy,0900101379
Le Huu Kien,0988248388
Hoang Ngoc Binh,0983229034
Le Minh Thanh,0972374513
Pham Quang Trang,0342106564
Vo Ngoc Dung,0982913796
Ngo Ngoc Long,0849208126
Phan Van Dat,0783428815
Vo Minh Chi,0358513171
Pham Thi Hoa,0987151117
Le Thanh Thuy,0707836205
Hoang Van Binh,0372754127
Bui Duc Phuong,0703314108
Pham Quang Binh,0357113821
Duong Thi An,0334177013
Huynh Thi Phong,0374787427
Hoang Van Viet,0847520742
Hoang Huu Khanh,0903378948
Phan Huu Huong,0368072704
Vu Thanh Lan,0986032783
Vo Ngoc Phuc,0916337047
Pham Thi Thuy,0337897261
Bui Minh Lan,0887091683
Duong Huu Nga,0827271756
Tran Minh Phuong,0762615206
Ly Thi Thuy,0788086630
Hoang Huu Linh,0966399154
Huynh Minh Thanh,0941396415
Bui Thi Binh,0765037049
Phan Quang Binh,0859012681
Ly Ngoc Viet,0329275319
Ly Ngoc Khanh,0702947745
Do Ngoc Thanh,0366382895
Vo Van Phuc,0885131265
Ngo Huu An,0884751739
Dang Quang Hoa,0919431179
Do Duc Phong,0858067229
Ho Quang Khoa,0985590741
Ho Van Khanh,0327872850
Bui Minh Viet,0342595845
Do Thanh Thanh,0340070138
Dang Duc Thuy,0968400348
Do Huu Nga,0706279004
Ho Thi Binh,0816787310
Vo Van Son,0946621123
Hoang Thi Minh,0706260332
Phan Duc Nam,0918213304
Vo Van Yen,0379870187
Dang Huu Trang,0986858317
Ngo Ngoc Long,0972088386
Hoang Van Long,0919489337
Pham Ngoc Ngoc,0333258608
Ly Huu Khoa,0767319864
Duong Ngoc Viet,0365848179
Huynh Duc Khanh,0828197714
Phan Quang Hieu,0906177044
Dang Ngoc Hai,0890968122
Dang Thi Mai,0906464817
Dang Quang Anh,0944140479
Ly Thanh Hieu,0358014904
Dang Thi Thao,0976063525
Nguyen Minh Hai,0900474058
Ly Minh Mai,0892481086
Hoang Minh Long,0367641531
Pham Ngoc Dung,0932472414
Phan Van Linh,0364150931
Phan Ngoc Thanh,0859702965
Vu Minh Tung,0932708302
Hoang Van Tuan,0961958415
Bui Minh Hoa,0761548634
Le Quang Dung,0906448284
Le Ngoc Nam,0919834140
Bui Quang Minh,0988699607
Vu Thi Minh,0347095837
Nguyen Quang Hanh,0337161714
Dang Duc Bao,0365070402
Phan Duc Cuong,0828945633
Nguyen Huu Khoa,0936422127
Ly Thi Kien,0845167027
Nguyen Minh Tung,0706905652
Nguyen Minh Tuan,0761491048
Hoang Minh Son,0869606830
Le Ngoc Duc,0765777952
Le Van Chi,0782394334
Tran Minh Tuan,0363515255
Dang Ngoc Cuong,0706676832
Duong Thanh Hoa,0895169066
Huynh Van Duc,0962825261
Hoang Thanh Minh,0788249747
Do Thi Yen,0961625220
Tran Quang Huong,0987010185
Bui Quang Phuong,0826993453
Tran Ngoc Viet,0904837546
Hoang Van Mai,0707230134
Ly Thanh Thuy,0332959522
Ngo Thi Tuan,0393127273
Duong Minh Dung,0892253718
Phan Van Huy,0348161633
Vo Minh Lan,0338432459
Phan Van Khanh,0867560833
Le Van Thao,0843566389
Hoang Minh Thanh,0333371228
Dang Thanh Minh,0973065690
Nguyen Ngoc Hieu,0773219293
Huynh Duc Dat,0366858398
Huynh Ngoc Bao,0881831995
Tran Ngoc Hung,0792787134
Hoang Quang Thanh,0984917831
Bui Thi Khanh,0986337233
Le Duc Viet,0864643299
Do Thi Nam,0985740356
Ho Huu Cuong,0969825516
Pham Ngoc Phong,0358017783
Dang Ngoc Hieu,0811691296
Ngo Minh Thao,0961024357
Vo Huu Phuong,0360121243
Phan Van Thuy,0939771813
Pham Van Lan,0770702283
Bui Van Trang,0863541139
Dang Huu Thuy,0820121835
Le Quang Huong,0918725395
Do Quang Hai,0764459984
Ly Duc Hanh,0817939511
Vo Minh Yen,0765654424
Duong Quang Hanh,0857205036
Duong Duc Phuong,0386220742
Ngo Thanh Hoa,0935755884
Do Huu Huong,0384019771
Le Huu Dung,0396685239
Do Thanh Thao,0910960353
Dang Huu Hanh,0395540763
Tran Van Phuc,0771680697
Nguyen Duc Phuong,0967665833
Dang Van Quang,0796741225
Ly Huu An,0702329735
Ngo Ngoc Son,0962061828
Le Thanh Tuan,0798902483
Ho Ngoc Long,0364169769
Ho Van Duc,0397581927
Phan Thanh Minh,0857972523
Ngo Ngoc Phong,0826931114
Huynh Thi Hai,0933153025
Ho Ngoc Thanh,0965405343
Duong Huu Long,0966043247
Tran Van Ngoc,0790767629
Pham Minh Khanh,0775461406
Pham Duc Phong,0937454220
Le Huu Hai,0358129167
Huynh Thanh Hanh,0911365149
Pham Ngoc Yen,0397179243
Do Huu Khoa,0811685367
Ly Thi Hoa,0706456854
Ho Minh An,0373272848
Huynh Minh Cuong,0892401850
Pham Duc Lan,0798725065
Dang Thi Nga,0848466397
Do Thi Khanh,0972145157
Phan Van Nga,0811461125
Bui Thi Thao,0379206441
Nguyen Minh Bao,0797831655
Le Quang Anh,0337487448
Dang Minh Duc,0868089445
Tran Huu Thuy,0939070902
Ho Quang An,0354082836
Pham Huu Hoa,0342859391
Vo Thanh Huong,0761500416
Pham Thi Thanh,0867296300
Nguyen Minh Thanh,0890490260
Vu Van Yen,0335477774
Pham Thi Huy,0914703624
Duong Van Thuy,0354322289
Nguyen Thi Anh,0937991026
Huynh Quang Khanh,0932065243
Tran Van Thanh,0932277614
Pham Van Tuan,0838253698
Phan Van Hoa,0985583476
Le Thi Phong,0793754845
Hoang Quang Kien,0841084932
Vo Duc Hieu,0905758373
Bui Ngoc Hai,0916403032
Bui Duc Linh,0909427116
Ngo Duc Son,0797331010
Tran Huu Khoa,0773915256
Vo Minh Khanh,0354346875
Le Huu Dat,0864881775
Pham Thanh Linh,0981868688
Ly Quang Cuong,0985708243
Huynh Thanh Viet,0709935475
Hoang Thi Cuong,0341947939
Vo Minh Son,0846169603
Vo Huu Phuong,0325257514
Duong Huu Binh,0919679058
Vo Minh Trang,0700028160
Bui Thi Khoa,0371038256
Huynh Quang Hieu,0848985927
Huynh Quang Lan,0346512001
Vu Van Chi,0945362719
Vo Duc Kien,0766124083
Bui Huu Phuong,0772119085
Le Van Phuong,0829911576
Dang Huu Long,0351788215
Vu Quang Mai,0910154157
Ho Ngoc Long,0837727632
Dang Quang Hieu,0382427676
Bui Quang Hieu,0784979872
Huynh Huu Tung,0783672603
Tran Thi Khanh,0817646795
Ho Duc Duc,0324754542
Ngo Huu Hieu,0320576194
Huynh Minh Quang,0855371047
Bui Huu Duc,0378428504
Pham Thanh Hai,0892071382
Pham Van Hung,0369629651
Vu Quang Dat,0813618930
Ngo Minh Khoa,0814890476
Le Thi Thuy,0896320122
Ho Duc Khoa,0975589238
Ngo Minh Khanh,0323533501
Nguyen Huu Thanh,0793776077
Ho Minh Tung,0890881916
Ngo Minh Huy,0793003461
Duong Quang Nam,0798178970
Vo Huu Thanh,0706573445
Ho Ngoc Quang,0372670819
Hoang Huu Trang,0969192956
Vu Quang Thanh,0915660802
Nguyen Huu Hieu,0947942696
Bui Thanh Tung,0396565976
Bui Van Duc,0911204993
Huynh Ngoc Chi,0824748621
Vo Minh Bao,0373273103
Dang Duc Cuong,0899194082
Ho Duc Phong,0911632751
Dang Thi Hieu,0325426063
Vu Thi Huong,0769737222
Do Minh Binh,0790908038
Hoang Huu Nam,0795101515
Vu Thi Khanh,0882746337
Pham Minh Quang,0842307889
Vo Van Ngoc,0888094028
Huynh Huu Duc,0372429724
Hoang Thi Phuong,0343659722
Ly Quang Nam,0773282547
Nguyen Thanh Lan,0700153218
Le Minh Khanh,0399658342
Do Thanh Khanh,0862476408
Le Ngoc Huy,0917165734
Ngo Ngoc Thao,0932822312
Duong Quang Chi,0971611413
Ho Ngoc Nam,0397950315
Le Ngoc An,0330880336
Ho Quang Anh,0868647567
Tran Duc Chi,0905678849
Huynh Quang Dat,0847278315
Huynh Duc Dat,0326777894
Pham Thanh Binh,0350570305
Do Thi Kien,0864040883
Tran Van Dung,0918197782
Bui Thanh Khoa,0372893851
Duong Van Kien,0906297691
Do Thanh Khoa,0761503425
Do Van Khanh,0767779155
Phan Minh Tung,0796410589
Nguyen Thi Hanh,0367467845
Dang Thi Nam,0390194656
Ly Huu Lan,0861956687
Vo Thi Hai,0982047685
Le Ngoc Huong,0818552160
Phan Van Thuy,0350386324
Hoang Thi Binh,0849613041
Nguyen Thanh Yen,0848044647
Vu Thanh Long,0361586340
Duong Van Kien,0779946859
Nguyen Minh Tuan,0336441777
Vu Minh Tuan,0817275548
Tran Van Binh,0379586888
Dang Quang Cuong,0321668347
Le Van Tuan,0381065324
Vu Minh Long,0899017939
Le Quang Nga,0336800317
Huynh Duc Kien,0780331289
Bui Thi Thanh,0919329141
Ngo Thi Hieu,0788999580
Nguyen Huu Nga,0778893395
Ly Ngoc Hai,0811072595
Pham Van Anh,0829809999
Pham Quang Chi,0832081873
Huynh Huu Dat,0763480664
Le Thi Linh,0931968404
Do Ngoc Cuong,0333018851
Hoang Minh Chi,0969306686
Dang Thanh Nam,0885273013
Vu Minh Chi,0860656713
Pham Minh Dat,0329648258
Hoang Van Hieu,0342704659
Bui Minh Nam,0989437120
Dang Minh Thao,0360587291
Hoang Ngoc Thanh,0982092406
Nguyen Minh Hieu,0825009306
Ly Minh Thuy,0399133971
Bui Ngoc Yen,0337097623
Ly Minh Dat,0930001435
Do Minh Thao,0355043230
Vo Huu Khanh,0978714808
Vu Duc Chi,0774922381
Vu Huu Anh,0938960751
Dang Minh Dung,0882346378
Ly Huu Thuy,0848228265
Ly Thi Thuy,0895250195
Ho Quang Khanh,0825907545
Nguyen Duc Tuan,0859029656
Le Huu Phuong,0823520522
Le Quang Nam,0891661097
Ho Duc Thao,0930750538
Pham Thanh An,0350616293
Nguyen Quang Ngoc,0342376783
Do Thanh Huong,0373610673
Vu Ngoc Mai,0329262208
Tran Van Kien,0349928473
Do Huu Bao,0394653927
Vu Quang Hanh,0327080237
Ngo Thanh Trang,0989224928
Do Van Bao,0364373391
Huynh Quang Hoa,0912740044
Dang Minh Tung,0917651547
Tran Quang Phuong,0984264422
Ho Van Hai,0937136077
Le Ngoc Lan,0892403234
Vu Duc Phuong,0833418574
Hoang Ngoc Son,0984519776
Phan Thanh Nga,0903231751
Tran Van Tuan,0896243511
Ngo Thanh Thao,0848580328
Le Duc Son,0852752186
Hoang Thanh Minh,0942575158
Huynh Thanh Dat,0387275056
Vu Thanh Quang,0910434695
Vu Quang Hoa,0854152322
Bui Minh Anh,0984531949
Ly Duc Mai,0868916589
Duong Quang Tung,0869200101
Vu Thi Phuong,0941106614
Nguyen Ngoc Thao,0381492738
Vo Thanh Chi,0395595492
Ho Huu Khanh,0764584424
Do Van Khoa,0323787716
Tran Duc Yen,0360165479
Ho Duc Tung,0866327627
Huynh Ngoc Thanh,0356352396
Bui Duc Phuc,0862072044
Le Thanh An,0338832796
Ngo Huu Binh,0705143048
Ho Duc Hieu,0848214437
Do Duc Yen,0868874478
Phan Huu Minh,0399599219
Dang Thanh Khoa,0794731119
Hoang Thi Khanh,0834547530
Vu Ngoc Hung,0851662054
Tran Huu Hanh,0972864666
Pham Duc Linh,0386535788
Nguyen Ngoc Binh,0335791040
Pham Ngoc Hanh,0778920146
Pham Minh Dung,0839976017
Tran Van Hieu,0796755367
Pham Quang Phuc,0819937314
Vu Duc Phuong,0324346322
Pham Duc Son,0968616197
Dang Minh Nga,0892608710
Ngo Ngoc Phuong,0932120109
Ngo Thanh Nam,0326355220
Ngo Thanh An,0844485722
Duong Minh Tung,0976210098
Ho Thi Hai,0894179399
Do Minh Viet,0937016965
Nguyen Duc Hung,0897680384
Hoang Van Huy,0337364526
Dang Ngoc Hieu,0397862907
Nguyen Ngoc Nga,0824812035
Ho Quang Huy,0367176707
Ngo Minh Minh,0823838024
Ly Huu Bao,0371458649
Bui Thi Phuong,0376820186
Ho Huu Phuong,0765246854
Nguyen Duc Hung,0791512308
Duong Thanh Phuong,0901333367
Nguyen Minh Nam,0984027148
Nguyen Thanh Duc,0982770138
Nguyen Thanh Linh,0840963205
Ly Duc Lan,0984795781
Do Huu Anh,0838268659
Duong Quang Quang,0770179426
Hoang Thi Lan,0948534273
Huynh Thi Duc,0702288888
Huynh Quang Long,0818351785
Phan Ngoc Quang,0828932346
Le Thanh Duc,0892091977
Pham Ngoc Nam,0910233207
Vo Ngoc Huong,0853190758
Le Duc Long,0780122310
Pham Thi Phong,0897129962
Duong Van Huy,0898964482
Tran Minh Hanh,0705789156
Dang Thi Phong,0358860239
Vo Minh An,0930710615
Phan Thi Mai,0857527132
Le Ngoc Huy,0338783147
Nguyen Thanh Dung,0352932895
Do Huu Tung,0986158092
Huynh Van Hanh,0782236718
Huynh Thi Lan,0825927248
Duong Thanh Hoa,0977092102
Vu Duc Yen,0816360154
Pham Huu Yen,0336262661
Ly Quang Hung,0865670004
Duong Quang Chi,0934190365
Dang Huu Thanh,0789044926
Phan Van Tung,0791977453
Ho Ngoc Viet,0375019373
Nguyen Thanh An,0814924868
Bui Thi Phong,0363574653
Hoang Duc Anh,0969543584
Nguyen Duc Huong,0913648426
Ho Huu Hanh,0378649141
Vu Minh Linh,0780594402
Vo Quang Huy,0888191751
Nguyen Thanh Phuong,0975968395
Tran Quang Bao,0967723456
Ngo Van Thuy,0385005493
Le Thi Long,0391797914
Vu Ngoc Viet,0965867356
Duong Quang Hieu,0703123208
Bui Van Hieu,0915948065
Hoang Thi Cuong,0961700165
Vo Van Linh,0948255164
Vu Minh Thuy,0341421764
Huynh Thi Nam,0828628834
Vo Ngoc Thanh,0326890722
Nguyen Huu Phong,0868177419
Phan Minh Phong,0962611044
Tran Minh Phuong,0764196564
Pham Ngoc Minh,0357897013
Vo Minh Lan,0916279870
Bui Huu Lan,0376115223
Ngo Huu Cuong,0943056507
Bui Ngoc Thanh,0834521152
Ly Huu Cuong,0867358018
Le Huu Khoa,0937371182
Le Thi Kien,0332346703
Do Van Tung,0397280643
Vu Minh Phuc,0966026992
Phan Van Thanh,0793329683
Vu Duc Quang,0863180407
Tran Duc Long,0370675388
Vo Quang Khanh,0326619383
Vu Quang Quang,0945556840
Le Huu Duc,0972689597
Bui Thi Phong,0933338530
Tran Van Hieu,0814459377
Duong Ngoc Duc,0867064807
Pham Thi Mai,0819229543
Phan Ngoc Khoa,0812137987
Vu Quang Khanh,0386708806
Ngo Minh Tung,0826523795
Vo Quang Chi,0321841010
Vu Thanh Phuong,0860354875
Vo Ngoc Hung,0322609561
Nguyen Thi Dung,0398388623
Vo Quang Phong,0963967894
Tran Duc Hai,0975740173
Ly Quang Dat,0940134702
Ho Quang Phong,0948056301
Nguyen Huu Kien,0374734922
Vu Thi Thuy,0811386047
Tran Duc Nga,0767196619
Tran Minh Phuc,0352558453
Nguyen Minh Minh,0708577181
Pham Huu Long,0334185358
Vo Thanh Phuc,0361929715
Hoang Huu Bao,0794421311
Le Huu Linh,0894149917
Pham Huu Phuc,0937200092
Ly Thanh Huy,0347950602
Ho Duc Dung,0891729141
Bui Van Anh,0898427765
Phan Ngoc Hung,0853039834
Ly Duc An,0349918626
Ho Ngoc Huong,0902495209
Duong Duc Dung,0352021003
Ngo Huu Tuan,0326732414
Ho Van Linh,0974594635
Do Minh Khanh,0342452982
Le Minh Cuong,0940296308
Pham Thanh Phuong,0853349462
Tran Thanh Dat,0980854889
Hoang Van Minh,0916833312
Vu Quang Phuc,0825141309
Duong Van Cuong,0893882711
Phan Duc Hai,0355640128
Dang Thanh Ngoc,0948039562
Do Thanh Hoa,0978554093
Vu Thi Huy,0940866635
Hoang Quang Nga,0371846415
Phan Van Bao,0366099795
Duong Ngoc Phong,0365889214
Huynh Ngoc Thao,0897014121
Dang Quang Duc,0355366039
Pham Thi Anh,0973049286
Vo Thi Chi,0970008991
Le Minh Hanh,0975396217
Vo Duc Dung,0344786824
Hoang Duc Anh,0814700293
Ngo Thi Dung,0851690500
Dang Thanh Yen,0943101100
Ho Quang Lan,0368242417
Nguyen Minh Dung,0395608323
Vo Thanh Bao,0371871139
Bui Quang Thanh,0860229203
Pham Thanh Thanh,0939257134
Ly Ngoc Hai,0762186206
Vo Van Thuy,0386049339
Vo Minh Long,0706063033
Huynh Duc Hieu,0709880288
Dang Thanh Hoa,0826234284
Le Ngoc Dung,0354629621
Pham Van Tuan,0349803383
Vo Van Ngoc,0911463496
Tran Duc Kien,0862189181
Do Huu Minh,0902019210
Duong Minh Mai,0979840868
Nguyen Thi Lan,0903194945
Vo Quang Mai,0347478776
Nguyen Thi Hai,0861256271
Nguyen Huu Chi,0835752873
Ngo Minh Phuong,0377955730
Ngo Thi Long,0763388982
Pham Duc Phuc,0832578194
Le Minh Khoa,0972144664
Phan Duc Lan,0347016442
Hoang Ngoc Chi,0834236674
Phan Duc Cuong,0769401046
Ho Thanh Mai,0396140662
Duong Minh Dat,0881970130
Le Van Nam,0941135960
Ho Huu Lan,0817029723
Ngo Duc Khoa,0828453526
Duong Van Phong,0770366999
Ly Thi Minh,0334599450
Duong Huu Binh,0892163157
Ngo Minh Dat,0370762444
Huynh Van Anh,0841019943
Ngo Ngoc Huong,0773190874
Bui Quang Dung,0706668839
Le Van Long,0818933361
Dang Quang Hung,0798614893
Do Thi Hai,0982776934
Ho Thanh Viet,0888544273
Do Quang Lan,0919437160
Pham Thi Ngoc,0766547256
Hoang Quang Tuan,0914554916
Huynh Minh An,0343088120
Le Minh Tuan,0962684405
Vo Thanh Son,0843654207
Dang Thi Nam,0840148668
Vu Huu Trang,0778603283
Le Minh Lan,0888452659
Le Duc Linh,0898809266
Pham Huu Tung,0365090377
Phan Thanh Son,0793696630
Bui Quang Kien,0374504928
Bui Huu An,0831998223
Vu Ngoc Hanh,0333756912
Phan Minh Phuong,0978951748
Dang Ngoc Dung,0354896318
Ngo Ngoc Hoa,0972485367
Le Thi Nam,0362230889
Tran Duc Minh,0360864361
Dang Quang Viet,0904177662
Ho Van Binh,0783522752
Dang Duc Quang,0831949258
Ngo Thi Hai,0965829443
Vu Quang Duc,0906192640
Duong Minh Thuy,0381396638
Do Duc Long,0899215306
Phan Huu Tuan,0362241630
Vo Thi Thao,0944947522
Ly Thanh Khoa,0380960720
Bui Thanh Bao,0900174620
Huynh Ngoc Duc,0785964017
Ngo Thanh Hieu,0354692416
Dang Quang Nam,0334294752
Ngo Duc Cuong,0969015886
Le Thanh Khoa,0939785499
Phan Quang Nga,0866408577
Huynh Huu Bao,0904317535
Phan Van Tuan,0799242195
Dang Ngoc Hai,0347418631
Ly Duc Hanh,0355440230
Pham Van Binh,0363421186
Do Ngoc Bao,0846634775
Vo Quang Phuc,0327483576
Duong Minh Huong,0357279693
Tran Thi Duc,0392488634
Pham Quang Son,0811571875
Bui Quang Duc,0813045291
Bui Van Quang,0883104255
Vo Huu Tuan,0782954644
Dang Duc Anh,0349557275
Duong Duc Trang,0813026721
Phan Ngoc Ngoc,0904731917
Vo Quang Hoa,0965203625
Dang Duc Minh,0332981886
Huynh Duc Phong,0786613533
Do Thanh Viet,0933151566
Duong Van Bao,0982407905
Nguyen Ngoc Phuc,0987153721
Phan Huu Phong,0357634038
Vo Huu Hai,0906752901
Ngo Huu Nam,0868837877
Hoang Ngoc An,0320197778
Phan Thi Trang,0851673190
Do Huu Phong,0916442292
Duong Van Huong,0961846089
Duong Ngoc Mai,0780227365
Nguyen Duc Yen,0760733836
Do Van Phuc,0324166503
Vo Minh Trang,0761402500
Ngo Duc Thanh,0362393028
Do Van An,0900226440
Ho Minh Cuong,0770157641
Le Minh Chi,0771784071
Le Minh Khanh,0835677240
Do Huu Yen,0791425479
Ho Thi Trang,0342335893
Phan Duc Dat,0819443076
Vu Thanh Long,0882737109
Dang Thi Duc,0375565947
Bui Thi An,0812592303
Le Duc Hai,0350937435
Phan Van Thuy,0834487177
Vu Van Nam,0909120311
Hoang Quang Chi,0860355809
Ngo Van Cuong,0780747019
Vo Ngoc Son,0869137578
Nguyen Quang Linh,0371720773
Hoang Duc Mai,0826967320
Phan Thi Hai,0320020307
Duong Quang Huy,0350402667
Do Thanh Kien,0357166143
Huynh Minh Huong,0912472567
Huynh Van Khoa,0394812480
Ly Minh Bao,0356454929
Do Thi Nga,0931885904
Ly Thanh Hung,0812844728
Huynh Thanh Tuan,0863766861
Tran Ngoc Minh,0864728058
Duong Thi Hanh,0391279932
Ho Thanh Khoa,0855598972
Vu Ngoc Linh,0866048077
Do Thanh Ngoc,0980727239
Ly Quang Cuong,0852535087
Hoang Van Son,0337191191
Duong Duc Thanh,0825617751
Dang Ngoc Hanh,0853042807
Le Minh Minh,0937134419
Pham Ngoc Son,0325059400
Dang Quang Tuan,0854815154
Do Duc Dung,0391743531
Vu Quang Hoa,0368376038
Pham Thi Nam,0936192680
Le Duc Nga,0361281267
Hoang Thanh Phong,0770036553
Ly Huu Bao,0792493814
Pham Thi Viet,0762459356
Le Ngoc Kien,0382479340
Phan Duc Nam,0917494305
Tran Minh Phuc,0708026757
Ho Minh Chi,0781129335
Hoang Minh Tung,0869694594
Ho Thanh Binh,0944672054
Duong Huu Ngoc,0321517449
Vu Minh Duc,0382139694
Bui Thi Trang,0336459520
Nguyen Huu Quang,0395357229
Vo Thanh Mai,0817110722
Ngo Duc Lan,0816944833
Ngo Thanh Phong,0855594616
Hoang Quang Tuan,0324125653
Nguyen Minh Khanh,0917023943
Tran Thanh Duc,0838339992
Vu Thanh Phuc,0838955185
Dang Minh Phong,0818933438
Bui Thanh An,0833860680
Huynh Quang Cuong,0911402872
Ho Duc Quang,0847077313
Tran Thi Phuc,0829695157
Huynh Thanh Mai,0763679813
Dang Minh Huy,0891463815
Pham Minh Thanh,0356068477
Bui Ngoc Dung,0963410466
Nguyen Van Nga,0790287807
Ngo Ngoc Lan,0399367969
Phan Huu Viet,0812241313
Duong Thi Quang,0860999542
Ngo Thanh Minh,0396054201
Hoang Minh Nam,0792337892
Ho Van Hung,0377724035
Duong Ngoc Tuan,0329252641
Nguyen Thanh Hung,0944068431
Tran Thanh Nam,0343767947
Le Quang Mai,0972311922
Nguyen Duc Phuc,0862400426
Huynh Van Hanh,0910442027
Do Quang Long,0897125430
Le Van Kien,0390907367
Duong Van Bao,0891778549
Vu Minh Tung,0939757747
Vo Quang Tuan,0987999822
Le Duc Chi,0789964418
Nguyen Thanh Khanh,0792653705
Tran Van Tung,0962464349
Le Huu Bao,0392370243
Nguyen Thanh Kien,0984111186
Le Ngoc Minh,0980209341
Ly Huu Chi,0846987624
Tran Thi Kien,0323060575
Ngo Minh Mai,0812350695
Tran Van Hieu,0708849143
Nguyen Quang Bao,0895024905
Ly Huu Ngoc,0816904201
Vo Thi Tuan,0705659575
Phan Thi Tung,0880221617
Vo Duc Long,0371866744
Ly Duc Kien,0321006646
Nguyen Huu Tuan,0900538869
Bui Huu Minh,0852912192
Ngo Van Trang,0822690206
Ngo Van Khoa,0966650332
Do Minh Hoa,0787107177
Ly Ngoc Huy,0937621830
Vo Ngoc Huy,0834329433
Duong Thi Hung,0848420022
Huynh Minh Hung,0373813710
Vo Quang Yen,0942630678
Ngo Van Thanh,0361542438
Vo Van Huy,0826334410
Vo Ngoc Bao,0323554492
Huynh Quang Dung,0910939470
Phan Duc Thuy,0356581550
Tran Duc Linh,0339383401
Bui Duc Tung,0851295356
Bui Minh Hieu,0787859053
Ly Duc Long,0815254450
Phan Minh Hanh,0906796448
Ngo Thi Hoa,0786383228
Do Ngoc Hai,0330917238
Le Van Hoa,0776232368
Nguyen Ngoc Kien,0907117262
Ho Huu Cuong,0344528498
Tran Thanh Huy,0861751542
Tran Minh Huong,0986085123
Phan Ngoc Long,0855628280
Ly Minh Tuan,0964018645
Nguyen Huu Thao,0372730666
Huynh Quang Thuy,0831786178
Ly Ngoc Nga,0983555258
Ly Thi Hai,0850184163
Vo Duc Bao,0765186174
Pham Van Viet,0349255845
Phan Minh Chi,0340543024
Hoang Duc Phong,0354515889
Le Quang Khanh,0989565072
Duong Van Phuong,0840752869
Ly Van Dat,0848116934
Vu Huu Lan,0970806126
Bui Thi Ngoc,0381563819
Vu Duc Bao,0370142249
Bui Duc Lan,0394737922
Vo Thanh Khanh,0918392233
Phan Minh Duc,0345275972
Phan Duc Thuy,0766553873
Nguyen Ngoc Viet,0705969959
Do Thanh Chi,0321633762
Nguyen Ngoc Thao,0386833134
Hoang Thi Tung,0708448643
Duong Duc Hai,0868425133
Huynh Duc Kien,0772519714
Vo Ngoc Nam,0969851170
Hoang Thanh Hanh,0776410771
Do Ngoc Trang,0819837458
Tran Minh Hanh,0790627606
Nguyen Duc Hai,0372704873
Hoang Thanh Hieu,0327769633
Vu Thi Hung,0981565160
Le Ngoc Huong,0893885101
Le Thi Hung,0342363282
Ngo Duc Khanh,0762701920
Vu Thi Phuong,0828662089
Tran Quang Yen,0708779300
Duong Duc Hoa,0765727998
Vu Ngoc Chi,0882201130
Hoang Quang Dat,0384879512
Pham Thi Hung,0397229326
Le Ngoc Nga,0976503423
Bui Van Huy,0353503428
Ly Ngoc Huong,0851258262
Duong Quang Khoa,0329511018
Bui Quang Anh,0908347047
Dang Ngoc An,0860250681
Huynh Quang Viet,0325193258
Pham Ngoc Phuc,0831462431
Tran Van Minh,0811578970
Tran Minh Binh,0885263326
Le Thi Cuong,0334959482
Le Ngoc Minh,0331143565
Do Duc Ngoc,0369672260
Vu Thi Khanh,0395928539
Pham Quang Khoa,0981193429
Do Thanh Chi,0337729953
Pham Thi An,0367940001
Bui Duc Hoa,0367416290
Pham Quang Duc,0902356313
Pham Ngoc Tung,0869541763
Tran Quang Phong,0810664254
Ly Thanh Huong,0394808770
Tran Minh Nam,0916862438
Vu Huu An,0792163996
Vo Ngoc Huy,0886152746
Nguyen Huu Mai,0825262096
Dang Minh Tuan,0391400738
Ho Van Quang,0936932248
Duong Huu Trang,0827551295
Vo Van Long,0360715977
Vu Minh Hung,0850957285
Ngo Duc Anh,0704107344
Ngo Minh Hieu,0899408669
Nguyen Duc Cuong,0962593123
Bui Ngoc Nam,0791766607
Pham Duc Khanh,0376305241
Hoang Van Khoa,0339565256
Bui Thanh Kien,0911224379
Tran Thi Thao,0356513301
Pham Van Viet,0797755747
Ho Minh Quang,0931568722
Vu Duc Viet,0397816129
Le Duc Binh,0888977752
Le Duc Nam,0787798939
Ho Duc Thao,0861439863
Vo Huu Hoa,0331817783
Vo Minh Tuan,0917266453
Bui Duc Nga,0346736395
Vu Minh An,0381081652
Do Van Linh,0385744913
Phan Huu Tung,0858158676
Dang Ngoc Thao,0347989636
Huynh Huu Son,0864670358
Ngo Quang Trang,0880642271
Ho Thi Thuy,0832612902
Le Ngoc Hanh,0812441316
Vo Thi Thao,0903581434
Huynh Huu Nga,0389532924
Vu Van Huong,0976380120
Hoang Ngoc Mai,0976064842
Do Minh Hieu,0777216043
Nguyen Ngoc Nam,0813580607
Ly Thi Tung,0973548261
Hoang Van Khoa,0790384915
Tran Duc Huong,0767095426
Bui Van Phuong,0364229054
Bui Thanh Chi,0902954562
Nguyen Minh Kien,0982377967
Ho Huu Phuong,0984595368
Ngo Huu Cuong,0911370851
Huynh Huu Dat,0377573586
Ho Ngoc Thanh,0797041764
Tran Van Hieu,0823592084
Pham Thanh Binh,0934352802
Nguyen Minh Minh,0330901645
Ngo Thanh Hai,0987189612
Ngo Thanh Viet,0384981239
Duong Thanh Huy,0333332044
Tran Duc Phong,0397031349
Phan Van Binh,0817977556
Ly Van Binh,0832695916
Nguyen Minh Son,0897328019
Tran Quang Lan,0399568329
Phan Huu Thuy,0910166623
Duong Van Kien,0833331283
Vo Ngoc Trang,0989705440
Duong Quang Hai,0852426274
Huynh Duc Yen,0385310245
Ly Quang Long,0962525076
Tran Thanh Mai,0882474414
Dang Ngoc Khoa,0815308442
Huynh Huu Trang,0866818036
Hoang Duc Minh,0368735757
Hoang Van Lan,0700061687
Le Ngoc Kien,0882109184
Ho Huu Hoa,0907538483
Ho Thanh Thanh,0909703556
Vu Van Phuc,0860612133
Phan Quang An,0343148361
Le Duc Tuan,0949161806
Hoang Quang Bao,0762786712
Huynh Van Mai,0856334348
Vo Van Hung,0345839906
Phan Thanh Phuong,0343207115
Ngo Thanh Phuc,0939677709
Ngo Ngoc Thanh,0966211871
Vu Huu Long,0786103458
Duong Thi Hoa,0965065787
Do Duc Hoa,0378423591
Phan Thanh Thuy,0782092879
Dang Minh Tung,0898374022
Le Van Hai,0907650368
Phan Thanh Mai,0946885148
Vo Huu Yen,0395909123
Ly Ngoc Dat,0789101086
Nguyen Ngoc Hai,0948777333
Vo Huu Thuy,0765634235
Vo Duc Ngoc,0862949666
Nguyen Huu Long,0887187084
Vo Huu Khoa,0392967808
Ngo Quang Dat,0839980628
Bui Van Dung,0339106050
Do Van Anh,0946401570
Nguyen Van Phuc,0377339925
Phan Ngoc Lan,0904752118
Ho Huu Minh,0891664720
Phan Thi Khoa,0981741677
Ho Quang Chi,0980275590
Vu Huu Tung,0856900127
Bui Van Hanh,0868328292
Hoang Van Bao,0709139115
Tran Minh Long,0867450817
Ly Thanh Son,0829751481
Ly Quang Mai,0770547533
Huynh Thi Hoa,0934863789
Bui Quang Thao,0797057182
Bui Van Trang,0343739295
Dang Van Hoa,0767627423
Hoang Minh Long,0836393458
Tran Duc Phuc,0863280956
Hoang Huu Long,0797878148
Le Minh Mai,0865882321
Le Quang Duc,0777783741
Hoang Thanh Quang,0946640565
Huynh Huu Son,0966285479
Phan Ngoc Dung,0773757032
Vu Ngoc Ngoc,0824758092
Hoang Duc Lan,0364437558
Do Huu Hai,0376957788
Vu Ngoc Thao,0934052611
Do Thanh Nam,0966955106
Huynh Van Tuan,0970260551
Nguyen Van An,0962573211
Le Minh Cuong,0776281485
Dang Van Nga,0788706758
Vu Thi Linh,0785326278
Phan Ngoc Thao,0382859017
Hoang Thi Huy,0847214533
Ly Duc Hung,0359323762
Bui Thanh Hieu,0913232305
Dang Duc Nga,0856598776
Phan Ngoc Son,0780865385
Nguyen Minh Phong,0779694774
Tran Minh Hung,0942162087
Ngo Thi Phuc,0906550021
Bui Thanh Khanh,0702914492
Nguyen Minh Cuong,0915337250
Vu Ngoc Trang,0822658243
Nguyen Ngoc Khanh,0943875025
Hoang Van Quang,0862119470
Ngo Quang Minh,0821985964
Vo Duc Hai,0909679342
Hoang Ngoc Dung,0776576872
Do Quang Tuan,0784365936
Ly Duc Thao,0789276215
Ly Van Huong,0335409052
Vo Thi Phuc,0341564549
Vo Thanh Phong,0980430171
Duong Quang Hanh,0940193577
Pham Duc Thuy,0909953724
Tran Duc Yen,0320466714
Duong Minh Mai,0859121310
Pham Van Kien,0989593108
Tran Minh Hieu,0910424293
Hoang Van Cuong,0702190232
Hoang Ngoc Mai,0886008279
Duong Huu Nam,0334021865
Do Van Son,0903720435
Tran Thi Long,0373251909
Do Thanh Hai,0834114686
Huynh Duc Ngoc,0706343582
Ngo Thi Tung,0764370124
Ho Minh Quang,0930868201
Le Huu Nga,0361391894
Vo Thi Trang,0320388238
Vo Ngoc Chi,0909719956
Ly Huu Linh,0791735086
Phan Thanh Hai,0867702884
Huynh Quang Khanh,0852058301
Duong Ngoc Chi,0862379602
Dang Ngoc Ngoc,0374395541
Vu Minh Chi,0331556542
Dang Thi Yen,0988292055
Phan Ngoc Binh,0796063240
Le Van Nga,0783489198
Ly Van Hung,0911688991
Ho Thi Thao,0810368376
Ngo Huu Phuong,0941234399
Hoang Huu Nga,0811280314
Ngo Ngoc Tuan,0347044872
Pham Thi Thao,0915261082
Ho Quang Linh,0907564486
Vu Van Dung,0772702870
Ho Quang Nam,0335012276
Dang Minh Binh,0962997703
Ly Van Tung,0939517611
Duong Thanh Quang,0900527651
Do Van Hoa,0865751404
Phan Van Hoa,0398118679
Tran Duc Ngoc,0859168459
Huynh Ngoc Huong,0962657314
Nguyen Ngoc Khoa,0824269818
Pham Quang Minh,0863235406
Le Ngoc An,0850495854
Ly Thi Anh,0830386516
Ngo Thanh Quang,0828585651
Bui Thanh Phuc,0762555942
Le Huu Phuong,0346121849
Do Van Linh,0863639947
Bui Quang Minh,0965495204
Dang Duc Khoa,0323686979
Vu Thanh Hieu,0982123664
Nguyen Thanh Mai,0364591361
Dang Minh Long,0813342651
Vu Quang Huy,0985847755
Dang Minh Binh,0899252586
Huynh Ngoc Phong,0904937884
Duong Thanh Phuong,0888318172
Le Duc Chi,0948600949
Pham Quang Long,0913238912
Vo Huu Phong,0362901779
Le Duc Minh,0344715786
Pham Van Phuc,0911726284
Ly Minh Phong,0849857937
Ly Duc Khoa,0372779198
Nguyen Van Anh,0773453284
Duong Ngoc Nga,0708184459
Dang Ngoc Minh,0947485284
Bui Thanh Viet,0944557932
Le Quang Thuy,0785347715
Vo Huu Phuong,0851804542
Pham Quang Long,0856426442
Tran Thanh Son,0943350758
Nguyen Minh Dung,0845920939
Bui Duc Khanh,0391078208
Do Thanh Son,0882805973
Duong Duc Minh,0978579143
Ly Minh Thanh,0369846032
Huynh Van Huy,0944923669
Ho Quang Phong,0858900282
Ly Minh Hoa,0396682477
Pham Minh Khoa,0961923507
Bui Thi Khanh,0335413691
Hoang Duc An,0943119134
Vu Thi Phong,0394115755
Dang Thanh Thao,0983610191
Dang Thanh Son,0936235425
Hoang Van Nga,0392433361
Hoang Thi Phong,0765275644
Ly Van Viet,0860161614
Bui Duc Anh,0380182888
Vu Huu Hai,0895517512
Nguyen Minh Thao,0347807724
Pham Ngoc Bao,0845394902
Le Ngoc Trang,0359422765
Phan Thanh Yen,0986469141
Pham Minh Khanh,0373559708
Le Quang Dung,0823648430
Tran Huu Phuc,0869411325
Bui Duc Dung,0361255341
Dang Thi Tuan,0847075793
Do Minh Ngoc,0937301537
Ly Duc Duc,0385370746
Duong Thi Nam,0343307179
Le Ngoc Phuong,0978286841
Tran Minh Duc,0810785036
Huynh Minh Hoa,0367067188
Le Duc Huy,0862081929
Hoang Minh Duc,0882871248
Huynh Thi Viet,0855484048
Le Quang Yen,0846423283
Ly Huu Phong,0359670619
Le Duc Thao,0964782125
Tran Minh Bao,0969659628
Duong Ngoc Hieu,0967747246
Ho Thi Khoa,0372198789
Pham Thi Hanh,0786758043
Phan Quang Hanh,0978950091
Ly Thi Huy,0820656328
Vo Van Huy,0380273003
Pham Minh Hung,0987883502
Vo Minh Phong,0866963867
Vu Quang Binh,0705049913
Ngo Van Thao,0365321559
Nguyen Huu Viet,0765801971
Vu Thanh Long,0911338271
Vu Thi Duc,0835254198
Do Huu Dat,0810789750
Dang Van Trang,0915007056
Dang Thi Dung,0897626616
Duong Thi Dung,0812036971
Nguyen Ngoc Huy,0786273103
Le Duc Nam,0851723751
Do Van An,0963758337
Hoang Thi Hieu,0970174416
Dang Quang Trang,0321763884
Pham Duc Phuong,0387309538
Do Thanh An,0352855338
Pham Ngoc Phuc,0983207127
Huynh Huu Phuc,0706188771
Ngo Thanh Nam,0789018732
Ly Minh An,0960880652
Ho Thi Phuong,0360722698
Vo Duc Bao,0860805363
Do Van Nga,0371258998
Pham Minh Hung,0365525223
Ngo Thanh Thao,0896367900
Tran Van Viet,0362857807
Huynh Minh Dung,0329788720
Phan Duc Lan,0882011612
Duong Duc Anh,0325357513
Ngo Thi Binh,0792483052
Ly Thi Linh,0769800080
Do Ngoc Phong,0796933921
Phan Huu Dung,0907495720
Tran Duc Minh,0932053083
Huynh Van Phuc,0828851473
Vo Thi Tuan,0359695296
Tran Huu Thao,0818222577
Phan Minh Khanh,0365400776
Nguyen Thi Kien,0768098468
Ngo Thi Chi,0351540137
Hoang Huu Mai,0364969984
Phan Minh Duc,0891389057
Phan Minh Phuc,0399370330
Nguyen Minh Hai,0784066398
Huynh Ngoc Anh,0933454281
Vo Minh Nga,0891308903
Ngo Ngoc Mai,0988298107
Do Van Hanh,0973564746
Le Duc Hung,0963626151
Ho Thi Binh,0886460238
Phan Ngoc Hanh,0348181335
Vo Minh Binh,0865711805
Dang Minh Tung,0349907333
Do Thi Nga,0768852408
Le Quang Chi,0825257292
Nguyen Ngoc Long,0765231562
Dang Van Anh,0897617224
Tran Duc Hieu,0902583673
Tran Minh Hieu,0798464296
Vu Quang An,0862182053
Le Ngoc Tuan,0356100930
Ho Huu Mai,0917590547
Tran Duc Anh,0798614497
Ngo Thi Dung,0346714324
Bui Thi Hung,0341151576
Hoang Huu Cuong,0367098339
Vo Ngoc Nam,0335153067
Dang Huu Thao,0799684518
Pham Ngoc Thuy,0901712355
Huynh Huu Dat,0327733526
Duong Ngoc Chi,0861848835
Ngo Huu Son,0350278299
Le Duc Minh,0883137838
Hoang Van Quang,0360479597
Nguyen Thanh Huong,0818906779
Le Huu Phuong,0885904855
Ngo Huu Khoa,0361985184
Ngo Ngoc Long,0831410406
Nguyen Huu Thanh,0397238926
Bui Duc Ngoc,0342526985
Huynh Ngoc Nam,0918425356
Tran Huu Hanh,0948521598
Huynh Thanh Hoa,0380891827
Huynh Quang Binh,0884573282
Vu Huu Binh,0391641024
Duong Quang Long,0976417663
Hoang Huu Ngoc,0707089856
Dang Minh Khoa,0344932600
Nguyen Thanh Tuan,0346756052
Pham Quang Hieu,0339966491
Tran Ngoc Quang,0368884588
Vu Duc Hung,0858281506
Huynh Thi Thao,0827274019
Ngo Thi Hieu,0860836704
Pham Van Hanh,0904176591
Dang Thi Chi,0863683937
Do Duc Viet,0860891503
Phan Duc Hieu,0979650766
Do Quang Kien,0364005847
Ly Quang Hung,0988927688
Bui Thi Duc,0864621443
Phan Ngoc Mai,0356787380
Hoang Minh Phuong,0916591523
Tran Quang Hai,0863689113
Vo Quang Nga,0704500772
Ly Ngoc Thuy,0813451163
Le Quang An,0333415429
Duong Van Linh,0394831713
Phan Duc Khanh,0894831479
Do Huu Phuong,0700052124
Pham Quang Tung,0863105107
Tran Thi Dung,0827998677
Nguyen Minh Phong,0705122489
Bui Huu Tung,0794003370
Bui Duc Khanh,0335286710
Ngo Thanh Phuc,0931165255
Bui Thi Phong,0333143117
Ly Thi An,0387637262
Hoang Ngoc Ngoc,0320213654
Hoang Duc Linh,0937962478
Le Thanh Minh,0945604498
Le Huu Minh,0962978208
Dang Minh Mai,0361291460
Vu Quang Hieu,0330163307
Ngo Ngoc Thuy,0855907989
Ho Thi Khanh,0819783782
Ly Quang Huong,0968192437
Pham Thanh Tuan,0794152535
Le Ngoc Hanh,0811835192
Vo Thanh Quang,0970291769
Tran Quang Bao,0844876441
Duong Duc Duc,0783830031
Pham Ngoc Kien,0828441397
Phan Quang Khanh,0332459253
Huynh Thi Phuc,0761575550
Vo Duc Linh,0865110378
Vu Van Hanh,0775631731
Tran Huu Long,0888231939
Do Thanh Phuong,0705885129
Le Van Dat,0834317440
Vo Thanh Phuc,0938162003
Vo Van Cuong,0366111760
Duong Duc Linh,0880227516
Hoang Thi Huong,0785916088
Tran Ngoc Hanh,0375599209
Dang Ngoc Hai,0829994918
Vo Duc Ngoc,0811891816
Ngo Thi Hoa,0368712557
Vu Thi Phuc,0700347746
Bui Ngoc Thao,0326884009
Bui Huu Anh,0793695275
Huynh Thanh Tung,0932376209
Phan Quang Binh,0398352238
Duong Ngoc Phong,0964099811
Dang Thanh Phong,0847226291
Tran Ngoc Lan,0393461265
Dang Thi Hanh,0701497768
Le Van Huong,0346338067
Vu Minh Dat,0901810792
Huynh Duc Quang,0369142180
Ly Minh Khoa,0888840030
Le Thi Khoa,0334451151
Pham Thanh Bao,0935852648
Do Ngoc Son,0386560331
Vo Duc Thao,0847001036
Ho Duc Son,0365189583
Vu Minh Dat,0340689543
Bui Ngoc Duc,0848725456
Dang Huu Dung,0895759189
Vu Duc Phuc,0782062947
Ly Quang Huong,0947634097
Bui Minh Dung,0845821657
Vo Ngoc Viet,0371848691
Le Minh Mai,0968370606
Ly Van Chi,0932468450
Le Quang Phuong,0882520403
Hoang Duc Phuong,0824861731
Ngo Huu Phuong,0859364049
Le Duc Mai,0932728089
Duong Thi Chi,0378167564
Vu Minh Phuc,0371084084
Pham Huu Phuong,0774944694
Phan Quang Thuy,0967614476
Hoang Huu Thanh,0973646113
Dang Thanh An,0379950090
Le Thanh Cuong,0860892435
Dang Huu Hung,0815130833
Le Minh Chi,0967219619
Ly Thanh Trang,0390010766
Phan Thi Minh,0974218353
Do Thanh Chi,0325875686
Dang Minh Binh,0378422048
Bui Quang Hanh,0939407809
Le Thi Minh,0321442898
Pham Thi Huy,0894541070
Ho Duc Thuy,0323300538
Huynh Huu Quang,0949818443
Vu Thanh An,0984878848
Duong Duc Viet,0350539164
Nguyen Van Tung,0815949741
Hoang Thanh Hanh,0356480045
Hoang Quang Trang,0946696015
Ly Duc Linh,0864383230
Pham Duc Khoa,0375213281
Dang Quang Hanh,0339460799
Bui Minh Phuc,0945410314
Ngo Van Anh,0779700039
Huynh Van Chi,0323347166
Do Duc Quang,0362276513
Do Huu Viet,0949299338
Tran Thi Phuc,0345050986
Phan Duc Phuc,0371436094
Hoang Thi Phuc,0379507062
Hoang Ngoc Viet,0907736886
Ly Van Thanh,0833076474
Vu Ngoc Ngoc,0917329845
Vo Huu Minh,0862325487
Tran Thi Tung,0827413874
Pham Huu Hoa,0895255638
Hoang Thanh Minh,0825998844
Le Minh Mai,0885942386
Nguyen Ngoc Trang,0947827453
Nguyen Minh Dat,0946882997
Do Thi Thao,0880464274
Le Thi Phuc,0830443289
Hoang Minh Duc,0767061842
Hoang Thi Huong,0982358634
Pham Van Tung,0855073262
Hoang Quang Phuc,0774070918
Dang Quang Hai,0848593404
Dang Thanh Nam,0392135317
Pham Van Tuan,0859114550
Vo Quang Tuan,0844921482
Pham Huu Viet,0976587730
Dang Thanh Trang,0326760247
Phan Huu Minh,0930099872
Tran Van Thuy,0888690736
Ly Quang Chi,0880911778
Huynh Thi Bao,0980917592
Pham Thanh Son,0361795982
Ho Van Trang,0389971365
Nguyen Van Hoa,0864875071
Huynh Ngoc Huy,0848077690
Nguyen Thi Khoa,0895558419
Huynh Huu Lan,0791021141
Dang Quang Phong,0869808253
Vu Thi Dat,0938570152
Nguyen Van Nam,0700889532
Bui Quang Viet,0893440410
Dang Quang Nga,0822418467
Vo Thi Huy,0838309833
Vu Van Son,0323750438
Ho Huu Quang,0932596701
Do Van Phuc,0375215882
Le Van Minh,0700108226
Pham Minh Trang,0778136197
Le Quang Hoa,0853367185
Le Huu Thao,0861126456
Ly Quang Bao,0962567284
Nguyen Van Bao,0852030620
Vu Quang Hung,0821625102
Pham Quang Khoa,0353427478
Bui Thanh Thuy,0867948078
Vo Duc Dat,0968485991
Vo Huu Thanh,0886555091
Ho Duc Hai,0972043656
Ho Duc An,0376787345
Dang Quang Kien,0813087744
Do Van Linh,0783941435
Le Van Tuan,0789172426
Do Van Dung,0367367376
Phan Minh Hung,0792066894
Ly Duc Minh,0942453606
Ngo Huu Hung,0900363358
Hoang Thanh Linh,0332377099
Nguyen Huu Cuong,0784037972
Le Duc Ngoc,0338581797
Do Ngoc Binh,0709171785
Do Quang Hai,0347988612
Nguyen Van Thao,0814865999
Bui Minh Bao,0371678051
Bui Ngoc Anh,0848270565
Huynh Duc Hanh,0394616776
Vo Van Duc,0916472998
Hoang Ngoc Thuy,0891800796
Do Huu Minh,0886994362
Bui Ngoc Tung,0787127514
Hoang Thi Linh,0320469269
Hoang Minh Dat,0377668568
Bui Van Trang,0869465857
Le Huu Yen,0910184878
Dang Quang Son,0845079496
Dang Ngoc Phong,0977457126
Duong Ngoc Khoa,0975951329
Hoang Thi Huy,0327850178
Vu Duc Phong,0707689839
Ngo Huu Kien,0360153009
Pham Quang Phong,0336002009
Hoang Minh Thanh,0828442389
Do Quang Linh,0345852464
Bui Duc Bao,0898808972
Ly Quang Hai,0918607469
Duong Thanh Huong,0982927571
Vo Thi Anh,0902540116
Dang Duc Chi,0399448051
Phan Thanh Trang,0387708824
Le Duc Thanh,0892349469
Ly Ngoc Phuong,0365082320
Bui Quang Khoa,0911144375
Huynh Quang Cuong,0788115888
Vu Thanh Anh,0917914690
Hoang Duc Duc,0853026182
Vo Minh Nam,0848505716
Tran Ngoc Khanh,0768815318
Bui Huu Viet,0362171340
Le Duc Long,0895437103
Ly Thanh Son,0849742944
Ngo Minh An,0399806169
Do Thanh Thuy,0856774201
Phan Minh Mai,0980753785
Duong Ngoc Chi,0962670591
Huynh Thi An,0351619679
Pham Ngoc An,0931782083
Phan Thanh Thanh,0817992883
Le Ngoc Trang,0383884505
Phan Van Kien,0763969777
Ngo Thi Khanh,0862919201
Pham Quang Duc,0706443851
Huynh Duc Anh,0767047372
Vu Ngoc Kien,0981038956
Pham Ngoc Son,0854202421
Bui Duc Huong,0860627774
Ngo Huu Phong,0791222751
Le Van Lan,0886280082
Duong Ngoc Long,0850494247
Vo Duc Nga,0335388157
Ly Van Thuy,0867541520
Nguyen Quang Quang,0912235004
Do Thanh Lan,0909626425
Ly Van Bao,0833350987
Le Quang Duc,0344236162
Nguyen Ngoc Tuan,0817340281
Tran Ngoc Dat,0934799782
Duong Van Tung,0353375454
Bui Minh Ngoc,0702719411
Hoang Quang Anh,0948867252
Phan Duc Kien,0773226188
Hoang Thi Thuy,0989766150
Tran Quang Linh,0961614070
Nguyen Quang Kien,0340557661
Bui Van Lan,0772358248
Vu Thi Huong,0966032432
Nguyen Minh An,0766845563
Do Duc Cuong,0849170104
Do Thanh Quang,0791207374
Phan Duc Huong,0383108891
Pham Thi Nam,0938860962
Ly Ngoc Cuong,0813189967
Nguyen Thi Lan,0783480849
Pham Minh Khoa,0847947918
Duong Van Thanh,0825907359
Vu Ngoc Hai,0399373385
Phan Van Hai,0792313134
Tran Quang Phong,0771126668
Hoang Duc Dat,0887172456
Ngo Huu Cuong,0906310216
Duong Thi Bao,0791188961
Duong Quang Binh,0841311035
Dang Van Phong,0328677962
Bui Huu Ngoc,0371693039
Tran Van Thao,0868367003
Huynh Van Thuy,0350863674
Phan Thi Thanh,0859068723
Hoang Thanh Thanh,0380378200
Ly Huu Thuy,0354863655
Ngo Quang Quang,0784217487
Phan Minh Binh,0916004652
Hoang Van Ngoc,0982648501
Huynh Ngoc Huong,0371254551
Phan Quang Hanh,0839652869
Do Quang Linh,0358686567
Duong Duc Long,0858389396
Bui Quang Thuy,0376697794
Ngo Thi Binh,0850950399
Phan Thanh Ngoc,0831860164
Tran Thanh Chi,0847901711
Ngo Quang Binh,0360502947
Ly Van Dat,0975671458
Duong Van Phong,0944376858
Bui Thi Hung,0345612670
Ly Minh Long,0760996431
Phan Ngoc Thao,0323426466
Dang Ngoc Tung,0835529924
Ly Thanh Hai,0761045698
Ly Minh Quang,0358280480
Ho Ngoc Huy,0989459937
Huynh Ngoc Lan,0850593277
Ho Thanh Viet,0391187207
Le Van Linh,0941352134
Pham Quang Long,0838032452
Tran Duc Hai,0324538377
Le Thi Minh,0700700297
Do Duc Hai,0860597270
Le Van Duc,0818516186
Phan Van Minh,0355876348
Huynh Minh Yen,0948012674
Pham Van Tung,0373821097
Phan Duc Thao,0960928728
Tran Ngoc Thao,0963291258
Tran Thi Nam,0836365080
Huynh Minh Tuan,0930303581
Ho Huu Khanh,0838089526
Le Minh Nga,0976494876
Ho Huu Trang,0766328832
Nguyen Thi Phuong,0892101134
Le Duc Bao,0947161079
Pham Quang Hai,0832311404
Dang Duc Phong,0867347629
Ly Huu An,0866169127
Le Thi Thuy,0393248834
Hoang Van Binh,0387323671
Ly Huu Minh,0973995833
Tran Van Huong,0351543349
Do Thi Phuc,0840168605
Pham Minh Chi,0356930088
Pham Quang Tuan,0708996238
Phan Thi Son,0840768056
Do Huu Dung,0770249956
Do Ngoc Long,0794193002
Nguyen Ngoc Minh,0780954349
Nguyen Huu Thuy,0980950506
Ho Ngoc Trang,0327357746
Vu Minh Dung,0334741173
Tran Thi Thanh,0975270157
Nguyen Duc Khoa,0394097740
Vo Thanh Nga,0372176277
Ngo Thanh Hoa,0856674289
Vu Huu Anh,0812053134
Do Minh Ngoc,0931288554
Le Duc Hanh,0984197640
Ngo Huu An,0833453773
Ngo Thanh Hai,0815988766
Hoang Duc Huong,0793695807
Bui Thanh Hieu,0885078780
Le Minh Phuc,0399251054
Duong Thi Dung,0374097093
Pham Thanh Quang,0824488496
Huynh Thanh Thao,0389083506
Phan Quang Ngoc,0821751175
Vu Van Quang,0975815577
Nguyen Ngoc Tung,0948157211
Dang Thanh Son,0361316106
Tran Ngoc Huy,0342300684
Le Thanh Lan,0788740844
Nguyen Ngoc Nga,0355116030
Do Duc Nam,0709277224
Le Huu Khanh,0342059370
Ly Minh Long,0392381714
Do Thi Duc,0973944411
Nguyen Duc Nam,0897386629
Tran Duc Tung,0907612879
Dang Minh Binh,0860357181
Ho Quang Dat,0810566334
Dang Van Chi,0364663517
Phan Quang Nga,0846445414
Ngo Quang Khanh,0371417562
Vo Quang Dat,0974682394
Dang Van Huong,0796441381
Le Ngoc Phong,0810316224
Ly Minh Thanh,0796418764
Vo Duc Binh,0917449415
Bui Duc Thao,0973765620
Ho Huu Viet,0346364050
Hoang Minh Nga,0337232405
Nguyen Van Long,0830876771
Huynh Van Hung,0935119535
Ho Quang Son,0979085687
Do Quang Binh,0765835191
Pham Ngoc Hai,0965640806
Vo Duc Tung,0784404568
Tran Huu Thanh,0779914640
Vo Thi Trang,0340458775
Phan Duc Duc,0387282586
Phan Thanh Khanh,0797173085
Ho Quang Dung,0770958290
Nguyen Ngoc Phuc,0771832243
Duong Duc Hieu,0836511414
Bui Thanh Chi,0704822081
Tran Huu Mai,0798971807
Vo Duc Hieu,0887110771
Phan Thanh Huong,0849534543
Vo Duc Chi,0768705913
Ho Quang Mai,0362727117
Nguyen Thanh Long,0917840537
Do Ngoc Minh,0703996784
Nguyen Quang Lan,0320254735
Do Thanh Kien,0364603547
Dang Van Khanh,0984193173
Ho Quang Nga,0769106749
Ly Ngoc Nga,0375662853
Hoang Duc Binh,0846620309
Nguyen Thi Khanh,0974601485
Dang Thanh Cuong,0394508832
Vo Huu Viet,0934202915
Nguyen Quang Binh,0770207016
Hoang Ngoc Dat,0865148846
Huynh Minh Mai,0845385308
Duong Huu Duc,0784437867
Dang Van Hung,0792999504
Ho Thanh Viet,0887763225
Bui Duc Hieu,0967380453
Nguyen Thanh Hai,0967825556
Vu Quang Phuc,0976018384
Tran Duc Chi,0819338339
Pham Duc Khanh,0346855353
Tran Van Chi,0979723576
Vo Thanh Hieu,0984637988
Tran Thi Long,0859251760
Hoang Van Binh,0381074471
Do Ngoc Kien,0883016609
Huynh Quang Lan,0364632933
Tran Ngoc Anh,0368303529
Hoang Huu Huong,0323815456
Duong Thi Hieu,0902927545
Vu Quang Phuong,0320831808
Nguyen Thi Khanh,0351920094
Vu Duc Duc,0900645952
Ly Van Binh,0338501337
Vo Huu An,0797387157
Nguyen Ngoc Thao,0845323988
Ly Quang Huong,0979284640
Hoang Ngoc Hoa,0893824407
Phan Van Trang,0974346217
Phan Van Huy,0360270418
Pham Minh Huy,0935927978
Ly Minh Trang,0830750496
Hoang Quang Quang,0853937559
Hoang Ngoc Long,0391831459
Tran Thanh Quang,0988505007
Huynh Ngoc Binh,0881898888
Tran Duc Viet,0821299399
Do Duc Chi,0353423255
Pham Thi Hanh,0389569151
Vo Minh Phuc,0396978813
Vo Quang Phuong,0987155068
Ho Huu Thanh,0372400475
Ngo Van Bao,0965478441
Le Ngoc Hung,0856044611
Ngo Minh Cuong,0386847411
Duong Thi Thanh,0906286684
Do Thi Thanh,0814933559
Do Thi Binh,0850522734
Ngo Duc Duc,0336179080
Bui Ngoc Phuc,0974880032
Phan Duc Huong,0329919150
Ho Quang Hieu,0961782278
Dang Ngoc Thao,0853548039
Hoang Thanh Dung,0775253043
Phan Ngoc Tung,0828525883
Duong Duc Hoa,0779755724
Hoang Minh Dung,0895772247
Dang Quang Kien,0346355875
Duong Duc Dung,0789775853
Vo Thanh Mai,0972517835
Hoang Thanh Lan,0911316088
Duong Van Trang,0983767844
Do Duc Hoa,0848447259
Le Quang Duc,0849197823
Vu Thi Duc,0707014220
Vo Huu Yen,0832034109
Vu Thanh Quang,0798854283
Phan Quang Yen,0770862877
Do Van Nga,0857924368
Nguyen Ngoc Hung,0938798778
Duong Duc Yen,0827399044
Pham Van Phuc,0384516136
Ho Van Nga,0349650988
Huynh Duc Linh,0374094127
Ly Thanh Phuc,0384078093
Do Thi Phong,0776072764
Huynh Thanh Cuong,0357647410
Phan Quang Tung,0381936374
Tran Huu Kien,0894044088
Nguyen Minh Huy,0886877413
Dang Minh Hanh,0391336977
Tran Ngoc Nam,0399402910
Ly Duc Khanh,0821282513
Vo Duc Binh,0398122764
Ngo Huu Khanh,0853864628
Vu Thanh Dung,0887027140
Ngo Quang Phuong,0359551977
Ho Ngoc Tung,0782101870
Hoang Van Minh,0834109477
Dang Huu Khoa,0766838685
Do Quang Thanh,0939810566
Dang Duc Phuong,0932317607
Pham Minh Nam,0854366756
Do Thi Duc,0774813134
Phan Minh Chi,0385265434
Vo Minh An,0861367443
Duong Thi Viet,0947063586
Phan Huu Hoa,0822489714
Dang Thi Linh,0848291304
Dang Van Nam,0903323637
Phan Minh Khoa,0337618016
Nguyen Ngoc Nga,0962797952
Tran Huu Linh,0867023372
Hoang Van Kien,0369304287
Ho Quang Khoa,0897882947
Tran Thanh Minh,0701694421
Vo Thi Phuc,0320571694
Phan Minh Tuan,0787238024
Hoang Thi Phuong,0962800715
Duong Quang Tuan,0982220930
Ly Van Son,0828880342
Ho Huu Viet,0917086002
Dang Duc Hai,0392138306
Phan Thanh Son,0919343915
Hoang Van Nga,0354922299
Duong Duc Hieu,0865650705
Le Thi An,0785647890
Le Huu Bao,0841808110
Ly Thi Viet,0700758962
Bui Van Dung,0985955200
Bui Duc Nam,0886859779
Tran Quang Tung,0907545615
Phan Quang Khanh,0707309667
Ly Thi Khanh,0378004511
Do Thanh Thuy,0892258306
Le Minh Cuong,0703077793
Tran Quang Kien,0709891144
Bui Duc Nam,0788545877
Hoang Thanh Long,0982554438
Bui Thanh Chi,0969958171
Duong Huu Cuong,0846205454
Ho Quang Hoa,0937608923
Duong Huu Duc,0915376038
Do Van Khoa,0882964907
Hoang Van Tuan,0829866359
Phan Van Long,0361625688
Ho Quang Huy,0354988680
Pham Duc Nam,0815722997
Phan Thi Linh,0979464553
Pham Ngoc Tung,0828811287
Ho Duc Khanh,0848526649
Ho Huu Cuong,0797158662
Ho Minh Yen,0375415686
Do Van Khoa,0915344856
Nguyen Quang Dat,0762993320
Ly Minh Long,0320703542
Phan Duc Hoa,0783534635
Le Thi Thuy,0948709639
Huynh Van Hai,0369649211
Nguyen Quang Khoa,0855274209
Do Van Nga,0865827492
Duong Thanh Duc,0372778181
Nguyen Ngoc Long,0864829206
Huynh Van Linh,0368164392
Ho Duc Long,0883751945
Le Thi Nam,0334839871
Ngo Quang Trang,0361780388
Ho Van Bao,0354674614
Ngo Huu Hieu,0321610210
Vo Van Son,0349263765
Duong Minh Khanh,0788534539
Do Minh Hung,0762832873
Dang Thi Viet,0960666811
Duong Thi Huy,0839024731
Tran Minh Binh,0773273782
Vo Thanh Nam,0968193420
Le Van Bao,0780432471
Dang Duc Quang,0393408139
Vu Huu Thao,0379582561
Ly Minh Viet,0947462919
Nguyen Huu Huy,0822116927
Ho Thanh Son,0787614329
Pham Huu Lan,0371839032
Vu Quang Son,0892012269
Ho Van Ngoc,0887252219
Huynh Duc Chi,0814413356
Le Thanh Phuc,0982295425
Vo Minh Minh,0361953918
Do Duc Huy,0391326525
Nguyen Duc Tuan,0703731953
Phan Huu Viet,0701247391
Bui Huu Tung,0382629445
Huynh Duc Binh,0825626024
Huynh Huu Tung,0367607864
Vu Huu Khoa,0908604096
Le Thanh Dung,0931242998
Vo Duc Duc,0895281634
Ngo Ngoc Son,0977270870
Pham Huu An,0868745909
Phan Thanh Viet,0383194359
Ly Ngoc Phong,0789364543
Do Minh Long,0930597875
Phan Ngoc Thanh,0900133724
Dang Thi Hai,0352296375
Le Van Thuy,0846311740
Do Huu Mai,0793694503
Vo Van Son,0933282937
Le Duc Hoa,0367887227
Ho Duc Phuc,0328128681
Pham Thanh Son,0783139098
Nguyen Ngoc Anh,0708333686
Do Huu Nga,0372211101
Pham Van Duc,0341488335
Do Duc Dung,0823593496
Vo Thi Dung,0967286660
Ngo Thi Yen,0988232431
Vu Ngoc Hieu,0833498837
Ly Quang Dung,0892988274
Ho Minh Huy,0977015549
Ngo Van An,0894413646
Duong Ngoc Mai,0856380211
Le Ngoc Yen,0909796198
Vo Van Ngoc,0355850278
Le Thi Nam,0818899661
Dang Quang Dat,0933020978
Vo Duc Mai,0373890524
Hoang Ngoc Trang,0378137955
Duong Minh Khoa,0816580192
Phan Minh Tung,0855991611
Ly Van Phong,0838069153
Ho Van Lan,0371619558
Ly Van Cuong,0351885212
Nguyen Thanh Cuong,0764819613
Tran Ngoc Kien,0947502316
Pham Ngoc Cuong,0384150620
Huynh Van Ngoc,0937128056
Duong Thi Hung,0862956052
Bui Ngoc Duc,0885350354
Nguyen Quang Khanh,0931904822
Hoang Thi Thanh,0396678830
Le Thanh Son,0892148454
Dang Thanh Anh,0768115789
Hoang Van Bao,0788206984
Phan Duc Thao,0856912261
Phan Quang Minh,0933940297
Do Ngoc Dung,0964880999
Vu Thi Trang,0368514225
Duong Quang An,0346861979
Hoang Duc Yen,0979433112
Ho Ngoc Hanh,0765422262
Do Ngoc Chi,0365328751
Phan Thanh Bao,0946566239
Do Thanh Hanh,0777414716
Duong Duc Nam,0946688732
Ho Huu Tung,0360916595
Le Duc An,0368145428
Vu Duc Thanh,0703673341
Tran Van Phong,0380765519
Tran Huu Kien,0377510091
Tran Thi Huong,0943712966
Tran Quang Thao,0842793996
Ho Minh Mai,0833459475
Pham Duc Phuc,0761850788
Huynh Quang Trang,0855531182
Huynh Thi Cuong,0329055792
Vo Thi Khanh,0960354296
Do Quang Huy,0776361721
Duong Van Phong,0985591646
Tran Huu Tung,0399276025
Phan Ngoc Hai,0980825694
Ngo Quang Tuan,0823530989
Huynh Quang Mai,0398983740
Huynh Thanh Ngoc,0342633903
Nguyen Minh Hieu,0788987534
Phan Huu Thuy,0913847593
Hoang Van Phuc,0372707912
Le Thi Anh,0395561682
Tran Minh Quang,0943617421
Bui Duc Nga,0834172556
Le Thanh Thanh,0960605237
Do Huu Trang,0790336020
Nguyen Thi Nam,0768834133
Vo Huu Hieu,0868413762
Tran Thanh Mai,0918135271
Dang Van Huong,0972633108
Do Ngoc Hoa,0375057767
Pham Duc Dung,0963858847
Ho Quang Huy,0904149152
Do Quang Dat,0974571090
Huynh Quang Viet,0702074382
Duong Quang Huy,0786339384
Nguyen Van Quang,0906723485
Ngo Minh Thanh,0324529825
Ly Huu Anh,0791424664
Huynh Duc Kien,0981239672
Dang Duc Phuong,0826968920
Phan Thanh Hung,0960247326
Hoang Huu Khoa,0709088183
Hoang Ngoc Minh,0852547579
Ngo Quang Phong,0869868287
Vu Thi Quang,0776561970
Duong Minh Thanh,0345237674
Tran Huu Thuy,0775431233
Duong Van Hieu,0948595901
Vo Minh Tung,0700393122
Tran Duc Hung,0374597791
Do Thi Chi,0883400182
Ngo Van Ngoc,0864433714
Ngo Thi Tung,0909667051
Le Thi Ngoc,0816317976
Vu Ngoc Minh,0377206394
Huynh Quang Hanh,0983728785
Ho Thi Quang,0949411955
Duong Minh Hai,0368109259
Do Minh Khoa,0378945677
Do Ngoc Dung,0824103942
Ly Quang Huong,0910288778
Hoang Duc Chi,0816604270
Ho Thi Minh,0399170114
Ho Quang Minh,0891817044
Ly Duc Nam,0883759117
Le Thanh Hung,0840417616
Tran Minh Khoa,0913894252
Ho Duc Dat,0886204577
Hoang Quang Linh,0819448144
Bui Duc Long,0865211168
Bui Van Khoa,0382412081
Vu Van Hanh,0771403154
Dang Huu Cuong,0869410095
Tran Duc Hanh,0333484322
Tran Quang Thanh,0798217672
Do Thanh Anh,0844193784
Hoang Huu Phong,0982371133
Nguyen Thanh Yen,0917944257
Pham Thanh Thao,0829506628
Ngo Duc Minh,0763899524
Vo Thanh Viet,0978278176
Huynh Van Tung,0366909840
Pham Huu Nam,0375668492
Dang Van Binh,0782526849
Duong Quang Yen,0975392918
Duong Van Binh,0899484367
Nguyen Ngoc Quang,0856820513
Vu Thi Nga,0790093478
Vo Quang Mai,0363510199
Ngo Ngoc Hoa,0769435665
Vo Duc Lan,0778199476
Dang Thanh Hung,0838385512
Hoang Quang Phong,0383955049
Nguyen Quang Lan,0387740538
Phan Quang Long,0898103333
Ho Thanh Bao,0829308120
Dang Duc Cuong,0791366240
Nguyen Thi Tung,0867142094
Ho Duc Cuong,0891300308
Vo Van Son,0912135445
Vu Ngoc Dat,0760228581
Bui Quang Quang,0338723129
Vu Minh Yen,0702038057
Pham Duc Quang,0333311279
Phan Duc Minh,0881906975
Phan Ngoc Hieu,0977116596
Huynh Duc Duc,0812864241
Ly Van Cuong,0908801144
Nguyen Thanh Dat,0812346551
Ngo Duc Linh,0709178564
Phan Duc Phuc,0946700915
Do Minh Phuc,0964978656
Vu Thi Lan,0867306131
Huynh Duc Son,0374548431
Ngo Thi Minh,0825408741
Huynh Quang Linh,0856234947
Ly Van Nga,0842784106
Huynh Thi Hai,0324868694
Ho Quang Chi,0823430300
Bui Thi Tuan,0776228596
Nguyen Van Phuong,0824215097
Ngo Van Viet,0817765840
Huynh Minh Binh,0345539453
Vo Huu Minh,0702270615
Tran Thanh Cuong,0338797610
Ly Huu Long,0897950226
Ngo Thanh Khoa,0965329920
Phan Thanh Son,0943006909
Ly Van Cuong,0327893570
Bui Minh Duc,0980093993
Ho Duc An,0373148654
Ngo Van Hoa,0341574505
Vo Thanh Dat,0837693923
Pham Duc Yen,0381589046
Phan Huu Hanh,0977863382
Vu Thi Kien,0852624846
Dang Thi Dung,0985879622
Vo Ngoc Lan,0909381082
Vo Minh Phuong,0355787425
Bui Huu Hanh,0900237053
Nguyen Van Trang,0344606698
Ly Duc Long,0377149873
Ly Ngoc Hieu,0845129639
Vu Thanh Khanh,0396765720
Duong Van Mai,0369413902
Nguyen Ngoc Son,0833398864
Le Quang Ngoc,0989942834
Vu Minh Phuc,0321727655
Do Thi Nam,0703631285
Duong Duc Hoa,0362991801
Pham Thanh Huong,0369456641
Bui Van Hung,0862125741
Do Huu Thanh,0778763038
Do Minh Yen,0846424776
Ho Quang Yen,0389657900
Ho Minh Son,0769934963
Dang Quang Tuan,0854651273
Phan Huu Kien,0777942448
Tran Minh Tung,0342820239
Tran Thanh Mai,0963889479
Le Thanh Khanh,0341532401
Ho Van Huy,0772457722
Bui Thi Long,0322765193
Nguyen Ngoc Viet,0810004141
Le Huu An,0381305056
Ngo Minh Hai,0972298057
Dang Quang Huong,0827376757
Nguyen Quang Thuy,0947913629
Ly Van Lan,0385076086
Phan Duc Trang,0821967908
Dang Van Viet,0359397675
Ngo Minh Dung,0916330203
Phan Huu Phong,0766468117
Ngo Thanh Dung,0897960419
Tran Duc Khanh,0395230495
Do Van Kien,0788757466
Dang Huu Huong,0388903425
Vo Quang An,0983588635
Duong Thanh Linh,0334659649
Dang Thi Huong,0892397195
Tran Thi Khoa,0787335724
Bui Duc Duc,0837409604
Ngo Thi Long,0814203347
Duong Duc Dat,0932017289
Vo Thanh An,0837305024
Do Van Phuc,0905841499
Ngo Thanh Kien,0330424388
Duong Quang Huy,0796135212
Vu Duc Hai,0797819455
Duong Thi Hai,0765804775
Le Minh Dung,0707114847
Pham Van Mai,0349391785
Vo Huu Hai,0346416570
Ly Minh Huong,0393003215
Ly Thanh Hung,0700179053
Dang Huu Binh,0347416881
Le Quang Chi,0398824859
Huynh Duc Thuy,0340094196
Ly Minh Thao,0845207491
Ho Duc Hieu,0381578878
Pham Duc Hieu,0394257391
Vo Duc Phong,0820218011
Le Thi Hieu,0854580646
Pham Ngoc Tung,0974612919
Le Thi Hung,0908031838
Le Thanh Dung,0910736811
Dang Duc Binh,0894245272
Pham Van Ngoc,0360960109
Ho Huu Bao,0840510471
Nguyen Van Khoa,0797898869
Dang Huu Phuong,0857624921
Bui Duc Phong,0812915393
Nguyen Ngoc Bao,0819153436
Hoang Ngoc Mai,0771742939
Do Thi Huy,0976199749
Tran Van Hanh,0962570131
Pham Quang Lan,0892968018
Vu Huu Viet,0792208690
Nguyen Ngoc Anh,0987039259
Phan Minh Hoa,0782003648
Ly Ngoc Viet,0977438648
Duong Ngoc Thuy,0901045647
Vu Huu Nam,0381635366
Duong Ngoc Ngoc,0799128206
Dang Thi Ngoc,0363257839
Ly Van Trang,0900279750
Ly Van Lan,0385309658
Ly Minh Phuc,0892838932
Phan Van Phong,0846144765
Do Duc Ngoc,0820237753
Pham Thanh Tung,0936764121
Pham Thanh Nga,0941031520
Do Ngoc Ngoc,0983236994
Le Van Binh,0788414204
Do Minh Duc,0324473408
Tran Ngoc Anh,0982895499
Vo Van Khoa,0880746727
Pham Huu Minh,0363333354
Dang Ngoc Khoa,0898480309
Do Quang Duc,0942901925
Ly Thi Son,0900054096
Ho Van Phuc,0374592983
Nguyen Duc Tuan,0835883514
Ngo Huu Anh,0865728622
Le Thi Tuan,0889532365
Le Thi Kien,0781444438
Huynh Duc Nga,0847767941
Nguyen Thi Linh,0981950547
Duong Quang Cuong,0983061858
Pham Quang Hoa,0701449847
Hoang Van Hoa,0335326787
Le Duc Nam,0840337345
Tran Thi Huong,0762840983
Phan Thi Phuc,0770175132
Hoang Huu Hai,0346283563
Duong Van Phong,0881363567
Le Ngoc Son,0704139478
Dang Quang Yen,0373205892
Nguyen Thi Thao,0702226920
Ho Thanh Thanh,0370894817
Huynh Minh Son,0914816345
Vo Huu Phuong,0334680229
Vo Van Quang,0329479797
Phan Thi Kien,0386945478
Ngo Minh Kien,0353158231
Do Thi Hieu,0363342434
Dang Duc Chi,0334948143
Nguyen Thanh Tuan,0367375236
Phan Van Cuong,0361550417
Hoang Thi Minh,0815958480
Vu Ngoc Quang,0846100417
Vu Van Thao,0398775200
Phan Ngoc Hanh,0882860089
Phan Duc Lan,0979818412
Pham Thanh Viet,0912612283
Huynh Minh Binh,0839541392
Bui Huu Mai,0347278852
Ho Quang Hieu,0394843397
Bui Duc Phong,0345740847
Tran Thanh Anh,0898451778
Ly Quang Huong,0834512234
Ho Minh Binh,0988611282
Do Quang Thao,0763535328
Pham Thi Ngoc,0363661709
Huynh Thanh Hanh,0884376268
Tran Duc Phong,0971934382
Huynh Thanh Son,0823127701
Huynh Thanh Tuan,0812345711
Do Huu Bao,0889845218
Dang Huu Hoa,0386245868
Bui Van Cuong,0846340280
Ho Thi Long,0939871559
Ly Ngoc Khanh,0975408505
Vu Huu Phong,0891755114
Vu Minh Ngoc,0906021076
Le Duc Anh,0790132511
Vo Thanh Phuc,0337070049
Phan Thanh Phong,0815615543
Tran Minh Chi,0381681206
Pham Van Chi,0336006319
Huynh Minh Nam,0372730418
Vo Huu Huy,0889173414
Huynh Quang Yen,0330364903
Ho Ngoc Hanh,0887657887
Duong Minh Nam,0849663092
Tran Duc Cuong,0897297560
Hoang Minh Kien,0706699704
Pham Ngoc Phuc,0814086740
Le Van Viet,0366261504
Huynh Thanh Son,0855668656
Vo Thi Khanh,0816730232
Do Quang Hanh,0370673252
Hoang Duc Huy,0358505390
Bui Ngoc Tuan,0867062972
Hoang Van Dung,0944519127
Tran Huu Khanh,0846723471
Phan Duc Hoa,0840479076
Bui Van An,0338593363
Hoang Quang Minh,0335042941
Phan Thi Hanh,0858792694
Le Duc Yen,0349529261
Vu Ngoc Tung,0762341247
Le Duc Khanh,0325589281
Ly Thanh Hieu,0770902615
Duong Ngoc Hieu,0985188748
Nguyen Thanh Trang,0772373320
Dang Minh Quang,0775806635
Hoang Van Cuong,0886643674
Tran Ngoc Nam,0337727379
Dang Van Duc,0962474488
Phan Van Tuan,0342886829
Hoang Thi Cuong,0375159442
Bui Ngoc Hung,0983096967
Bui Thanh Huong,0353411176
Bui Ngoc Dung,0941512749
Le Duc Phuong,0704105930
Vo Thanh Phuong,0329317197
Do Duc An,0796279004
Hoang Thi Son,0968008504
Bui Thanh Dung,0335783305
Phan Thanh Mai,0867898724
Vo Thanh Dung,0836611016
Bui Duc Dung,0893565022
Huynh Minh Tung,0816313125
Do Thanh Dat,0787775970
Ly Ngoc Dung,0894072535
Pham Quang Long,0761607674
Vo Thanh Hanh,0912155912
Duong Thi Mai,0382240199
Bui Quang Hoa,0915488025
Nguyen Ngoc Phuc,0377123479
Ngo Minh Lan,0856607712
Vo Ngoc Hung,0831202201
Bui Minh Hung,0398192471
Tran Quang Dat,0939838645
Huynh Ngoc Phong,0963719408
Le Thanh Phong,0852989029
Phan Ngoc Hanh,0763945289
Ly Quang Minh,0396078057
Huynh Thi Cuong,0388413034
Nguyen Huu An,0780026701
Vo Quang Tung,0856680364
Huynh Duc Ngoc,0983859992
Do Ngoc Quang,0328387763
Dang Huu Hanh,0340742356
Vu Huu Ngoc,0345065677
Le Thanh Bao,0941557770
Nguyen Ngoc Thao,0386443567
Huynh Thanh Phong,0903017812
Ly Van Binh,0942529124
Le Thanh Linh,0375219258
Duong Quang Huong,0918064003
Huynh Huu Bao,0974379180
Vu Huu Tung,0943011811
Pham Van Minh,0336680958
Pham Quang Cuong,0938679668
Le Ngoc Son,0781785608
Le Ngoc Viet,0881386477
Bui Van Khanh,0391701295
Vo Thi Duc,0906785940
Ho Minh Chi,0770205092
Le Huu Phong,0335352364
Le Ngoc An,0329641567
Nguyen Ngoc Hai,0826442287
Huynh Duc Binh,0937628467
Hoang Quang Binh,0968156065
Vu Thanh Thuy,0906739464
Tran Huu Long,0940914547
Ly Ngoc Hieu,0377130001
Bui Huu Dung,0361945459
Do Huu Bao,0857554276
Ly Thi Nga,0826254970
Ly Minh Duc,0767944805
Tran Thanh Huy,0895621432
Dang Huu Dat,0798976215
Ly Duc Trang,0391873547
Huynh Thi Bao,0773000429
Pham Thanh Son,0948920640
Ho Ngoc Hieu,0766433589
Le Thi Minh,0791342330
Bui Van Phong,0320116714
Hoang Thi Chi,0389901124
Tran Duc Quang,0363315396
Huynh Thanh Phong,0827633454
Huynh Van Son,0940814426
Hoang Van Hung,0884726375
Phan Quang Viet,0972039294
Pham Quang Huong,0798214484
Huynh Quang Nga,0886158985
Le Quang Bao,0976195765
Ly Huu Mai,0367142103
Vo Minh Lan,0384968479
Ly Minh Khanh,0760394773
Duong Minh Viet,0834483468
Huynh Duc Cuong,0334919745
Tran Thanh Nam,0396997109
Vu Van An,0967495559
Pham Duc Yen,0384994297
Le Van Linh,0900597521
Dang Thanh Dung,0851873734
Huynh Thi Khoa,0390614253
Le Van Lan,0836647377
Ngo Huu Phong,0352939932
Dang Quang Long,0988975562
Do Minh Chi,0862114845
Duong Quang Khoa,0702426728
Hoang Thanh Hanh,0908278722
Dang Thanh Phuc,0944608638
Ngo Quang Viet,0397684482
Hoang Ngoc Duc,0894095330
Pham Huu Mai,0788783858
Hoang Ngoc Mai,0847691004
Do Huu Anh,0971284063
Phan Duc Huong,0386254467
Vu Minh Cuong,0972462063
Nguyen Minh Lan,0851696557
Vu Thi Hieu,0918600542
Vu Thi Anh,0701321455
Ly Thanh Hieu,0385066483
Ly Huu Nga,0946723294
Vo Duc Hanh,0963085839
Nguyen Minh Phuong,0704309362
Bui Thi Tuan,0701330152
Tran Thi Yen,0787271837
Ngo Van Nga,0863215246
Nguyen Van Huy,0844378446
Dang Huu Tung,0378624152
Hoang Minh Phuc,0834089486
Vu Duc Lan,0890819251
Bui Van Long,0399618982
Vu Minh Tung,0813610612
Hoang Quang Mai,0767330731
Duong Thanh Hung,0363115755
Huynh Minh Huy,0368414832
Vu Minh Phuc,0930767426
Do Huu Long,0856688583
Ly Van Dung,0334780038
Ho Duc Tung,0360084742
Do Thi Long,0943475171
Huynh Duc Nga,0966951217
Pham Minh Khanh,0932177128
Huynh Minh Phuc,0364480410
Phan Duc Phuong,0885337828
Ngo Duc Hung,0863713195
Le Quang Binh,0350303213
Nguyen Minh Phong,0895446032
Ho Huu Chi,0351069085
Ly Thanh Thanh,0854829008
Pham Minh Phuc,0707728326
Dang Quang Trang,0847059261
Do Ngoc Anh,0909986315
Pham Thanh Mai,0389084156
Vu Van Linh,0917979292
Ngo Huu Hoa,0830210843
Ly Duc Nga,0385714252
Duong Thi Anh,0385811062
Vu Thi Kien,0787455510
Do Thi Quang,0327750193
Do Duc Mai,0798371405
Dang Quang Minh,0348929511
Nguyen Duc Mai,0892852351
Le Quang Nga,0936544141
Phan Van Long,0366760181
Ly Ngoc Thao,0979585046
Phan Huu Hung,0988162761
Ly Quang Khanh,0835793159
Ly Quang Phong,0983482131
Phan Thanh Cuong,0708885075
Vu Huu Minh,0395100822
Le Quang Chi,0375290495
Bui Duc Cuong,0887841337
Dang Ngoc An,0962615576
Duong Duc Phuong,0859813612
Pham Thanh Son,0335899311
Ho Van Hoa,0847239885
Vu Duc Phuc,0940392726
Ly Thi Thanh,0764762844
Tran Ngoc Phong,0838233534
Ly Huu Khanh,0356296226
Bui Duc Cuong,0832209515
Vu Thanh Hai,0912071885
Ly Ngoc Dat,0866639578
Pham Quang Hieu,0343545112
Tran Huu Khanh,0869575512
Hoang Duc Tuan,0372996787
Tran Huu Nam,0792669548
Ho Van Duc,0766729618
Duong Thi Huy,0836853764
Tran Duc Thao,0393653282
Ngo Minh Khanh,0944678825
Pham Huu Tuan,0386093060
Huynh Thi Chi,0901772324
Duong Thanh Huy,0935331381
Duong Duc Thao,0828986330
Duong Minh Minh,0836579577
Ly Ngoc Dat,0356777424
Phan Duc Phuong,0817783184
Hoang Thi Huong,0377540619
Duong Huu Dat,0332980080
Phan Huu Cuong,0914838680
Pham Huu Thao,0968936647
Duong Duc Thao,0785604510
Pham Duc Phong,0767784988
Do Minh Binh,0902890222
Vo Huu Trang,0931649587
Tran Ngoc Yen,0919733433
Ho Ngoc Hieu,0907014552
Ho Duc Thanh,0946883587
Huynh Minh Quang,0340487227
Dang Quang Son,0853761327
Bui Duc Hieu,0328445000
Pham Van Nga,0989572822
Vu Huu Binh,0706858110
Nguyen Quang Nga,0965452935
Tran Van Yen,0854193310
Bui Ngoc Mai,0339551372
Bui Thanh Hoa,0907917395
Vu Thanh Ngoc,0931526163
Huynh Van Nga,0390381170
Ly Ngoc Ngoc,0706532030
Phan Duc Hung,0838578785
Le Huu Duc,0793238532
Vo Duc Bao,0792707494
Ly Thanh Binh,0886191871
Pham Huu Ngoc,0704015044
Ly Thi Viet,0337921679
Le Van Huong,0893351841
Tran Huu Hung,0382225498
Huynh Ngoc Binh,0371087378
Ngo Quang Linh,0963473005
Nguyen Thi Cuong,0847737309
Ho Thanh Ngoc,0884111205
Vo Thi Lan,0937443265
Pham Thi Linh,0352967518
Vo Ngoc Quang,0888392214
Duong Thi Phong,0901864909
Pham Minh Mai,0775557607
Ngo Quang Mai,0792672049
Huynh Ngoc Nga,0357754634
Vo Thi Chi,0701171758
Hoang Huu Phuong,0960542282
Duong Quang Dung,0936817366
Do Minh Huy,0798720251
Ly Thanh Thuy,0816464522
Ly Van Tuan,0986997602
Hoang Thi Thanh,0369015093
Nguyen Ngoc Khoa,0868961899
Duong Duc Viet,0890397957
Nguyen Huu Kien,0888066612
Do Van Dat,0781003047
Dang Quang Kien,0376683988
Phan Duc Phuong,0780669519
Phan Thi Son,0396701313
Le Duc Tuan,0898582547
Vu Van Hoa,0907382743
Pham Thanh Thanh,0942081328
Ly Thanh Thanh,0862449200
Huynh Thanh Minh,0794404004
Bui Minh Hieu,0769727630
Nguyen Ngoc Lan,0761875419
Le Thi Long,0702834568
Do Huu An,0396927195
Vu Quang Nga,0935701478
Hoang Huu Nga,0324078015
Tran Duc Thuy,0778096533
Tran Minh Binh,0344437702
Do Quang Minh,0865536912
Vo Duc An,0901242680
Le Minh Duc,0888247292
Pham Huu Thuy,0764105861
Ngo Duc Chi,0764362068
Ho Duc Minh,0384954178
Duong Duc Binh,0897460359
Nguyen Minh Dung,0387556058
Vu Huu Phong,0894327209
Ly Ngoc Hanh,0844618750
Duong Thanh Quang,0850599695
Vo Ngoc Khoa,0762349162
Phan Van Phong,0328754003
Vo Minh Thuy,0370435209
Le Duc Anh,0356221849
Tran Quang Phuc,0846085502
Tran Quang Huy,0894885832
Duong Thanh Linh,0372655874
Vo Thanh Bao,0845112711
Duong Van Viet,0817379665
Nguyen Minh Viet,0934947259
Dang Van Viet,0322156762
Hoang Huu Son,0324904531
Ngo Quang Lan,0796446253
Bui Thanh Viet,0363823830
Huynh Thi Thao,0963551099
Vu Quang Anh,0845082767
Ho Thi Bao,0329801833
Ly Thi Anh,0964352365
Bui Van Thao,0398532750
Do Thanh Dat,0708670766
Huynh Ngoc Bao,0918002301
Duong Van Khanh,0852859007
Vo Minh Phuong,0392615179
Phan Quang Anh,0848406983
Phan Thi Phong,0388780144
Tran Thanh Quang,0396341430
Vu Duc Tung,0798141073
Duong Thanh Thao,0902837377
Huynh Quang Dung,0798812012
Bui Minh Ngoc,0812942511
Huynh Duc Khanh,0816373200
Huynh Thi Thuy,0961086368
Ly Quang Hung,0383771940
Tran Thi Khoa,0373463308
Huynh Quang Phuc,0352518067
Le Minh Kien,0362006411
Pham Ngoc Cuong,0903304141
Le Minh Phuong,0398368311
Ly Duc Thanh,0889553080
Ho Thi Khoa,0900204695
Le Duc Nga,0788793246
Bui Quang Khanh,0353397889
Vo Van Thanh,0390550972
Phan Ngoc Huy,0911658260
Pham Duc Viet,0388513036
Pham Thanh Hanh,0984554570
Ly Thi Quang,0838971681
Ngo Duc Tung,0799021597
Bui Quang Thanh,0791332904
Pham Ngoc Quang,0770939101
Le Thi An,0889507684
Pham Ngoc Mai,0824160278
Phan Ngoc Khoa,0354296176
Tran Huu Trang,0773064939
Le Minh Anh,0894111878
Le Huu Chi,0357651518
Hoang Thanh Nam,0330674994
Ngo Quang Hanh,0854458768
Do Huu Hung,0834655284
Phan Minh Duc,0983187908
Bui Ngoc Khoa,0701068187
Huynh Duc Huy,0328767063
Do Thi Nam,0371021147
Vo Van Hai,0343818263
Duong Thi Cuong,0359826036
Ngo Quang Khanh,0769752099
Ly Huu Yen,0817789179
Ngo Thi Linh,0869008251
Hoang Minh Kien,0770857027
Bui Van Phong,0381225651
Huynh Van Phong,0348024526
Do Huu Viet,0867413819
Ngo Quang Phuong,0987986555
Phan Thi Thanh,0341675639
Vo Ngoc Dung,0839888086
Huynh Quang Viet,0348174374
Do Van Minh,0379551760
Pham Huu Phong,0969759533
Nguyen Van Phuong,0941871060
Le Van Hoa,0707426297
Ly Duc Phuc,0763268180
Huynh Duc Nga,0847654679
Vo Quang Ngoc,0964223626
Duong Van Ngoc,0766831160
Huynh Ngoc Anh,0854542317
Vu Thi Chi,0812961713
Ngo Thi Hung,0388510963
Ly Ngoc Hai,0818626848
Ngo Ngoc Bao,0375027079
Vu Duc Thao,0368928667
Ly Huu Thuy,0355723417
Ly Van Cuong,0369416452
Dang Thi Lan,0825180871
Ngo Van Hanh,0907382709
Pham Huu Binh,0863056477
Huynh Quang Binh,0810109341
Hoang Van Bao,0388548795
Pham Huu Thanh,0818317941
Vu Minh Phong,0332999685
Pham Van Phuc,0987248007
Phan Ngoc Duc,0935111027
Huynh Thi Cuong,0867435634
Ly Minh Huong,0389036042
Phan Duc Phong,0783064453
Duong Minh Cuong,0341823879
Vo Thanh Thuy,0763889005
Tran Thanh Chi,0345153966
Ngo Duc Duc,0825123490
Duong Minh Dat,0388898627
Bui Ngoc Hoa,0811726662
Pham Van Thanh,0935034195
Do Van Anh,0853528113
Le Thi Hai,0842593718
Le Van Cuong,0382623750
Pham Ngoc Trang,0346647803
Do Duc Nga,0772881944
Huynh Van Yen,0792649846
Bui Quang Viet,0852636248
Dang Thanh Duc,0388664866
Ho Van Ngoc,0819986296
Dang Minh Anh,0776994575
Hoang Thanh Huy,0764519499
Ngo Thi An,0354409982
Vo Van Anh,0815093866
Nguyen Quang Huy,0392432470
Bui Duc Phuc,0375598928
Ngo Thi Kien,0705938019
Bui Van Phuong,0785290638
Pham Minh Duc,0885167665
Le Minh Nam,0949450377
Huynh Ngoc Hieu,0916998173
Phan Thanh Tung,0966779356
Duong Minh Kien,0976858320
Huynh Ngoc Khoa,0392347640
Duong Thanh Lan,0884600435
Ly Van Dung,0963392572
Nguyen Van Nam,0344293781
Duong Ngoc Thuy,0376265873
Vu Van Thanh,0965399676
Le Quang Ngoc,0946415713
Nguyen Quang Viet,0389362830
Phan Huu Huy,0833346251
Vo Thanh Huy,0773606763
Ngo Ngoc Huong,0858437990
Nguyen Huu Minh,0884596336
Vo Thi Hieu,0861248676
Ho Quang Thao,0352691366
Huynh Thanh Phong,0388047740
Hoang Minh Quang,0709947886
Tran Ngoc Cuong,0810771751
Vo Minh Cuong,0766544171
Ly Quang Binh,0898171197
Do Van Tung,0354700013
Hoang Van Lan,0859833367
Le Quang Yen,0910995171
Nguyen Thi Thanh,0860941446
Nguyen Duc Thao,0905749416
Do Minh Dat,0369024392
Duong Ngoc Thao,0397350507
Bui Thi Trang,0371862787
Le Ngoc Tung,0812252923
Vo Van Linh,0701241325
Ngo Minh Phong,0386942032
Do Ngoc Huy,0782546321
Le Ngoc Trang,0792523621
Ho Ngoc Mai,0845013965
Phan Huu Phuc,0843355347
Bui Quang Khanh,0831476481
Dang Van Hoa,0884114220
Vo Minh Tung,0389608868
Do Huu Huong,0834374141
Ho Huu Minh,0838909162
Phan Thanh Tuan,0784889205
Dang Thi Long,0890366612
Ngo Huu Khoa,0321140916
Nguyen Quang Dat,0795267395
Nguyen Duc Phong,0796060427
Do Duc Chi,0767479960
Nguyen Van Khanh,0703603961
Huynh Quang Trang,0335389968
Duong Van Huy,0883819874
Le Quang Mai,0886076771
Ly Van Lan,0383338417
Nguyen Van Trang,0934345732
Do Duc Thanh,0360388196
Nguyen Huu Binh,0321999683
Le Thanh Dat,0906891727
Phan Quang Nga,0946648944
Dang Thanh Hung,0778159725
Nguyen Huu Yen,0770805827
Ho Van Huong,0788865037
Huynh Huu Thao,0978594324
Ly Minh Dat,0390271812
Tran Huu Khanh,0847335114
Tran Ngoc Chi,0978459266
Pham Thi Yen,0795487324
Ly Duc Quang,0779039721
Vo Huu Thao,0814742020
Vu Huu Chi,0845599438
Tran Ngoc Quang,0901125910
Bui Minh Anh,0701267561
Le Quang Cuong,0841545911
Duong Van Dung,0831884667
Ho Minh Phong,0832654556
Dang Quang Thao,0778615106
Phan Quang Thanh,0791471869
Ly Quang Hanh,0847859233
Hoang Van Anh,0853202560
Dang Minh Tuan,0761226138
Ngo Van Hieu,0767230086
Vo Van Kien,0784645022
Vo Huu Long,0887571366
Ngo Ngoc Anh,0702553581
Tran Thi Phong,0905543686
Ngo Duc Lan,0983047980
Nguyen Huu Nam,0909650653
Vo Huu Anh,0387617645
Huynh Minh Lan,0827254420
Ho Quang Hung,0966735482
Ngo Minh Nam,0844929377
Ly Ngoc Trang,0966542233
Le Thi Kien,0960143242
Ngo Ngoc Kien,0355408711
Vu Duc Binh,0942524885
Bui Thanh Ngoc,0363739473
Duong Thanh Duc,0845479762
Le Van Hung,0837679826
Vu Huu Phuong,0903361005
Ngo Quang Yen,0769637477
Hoang Minh Tung,0399678039
Do Thi Duc,0323168333
Pham Minh Mai,0762487789
Huynh Thanh Huong,0345175463
Duong Ngoc Hung,0331692762
Vu Huu Linh,0968949336
Pham Minh Binh,0850661904
Duong Huu Son,0762136134
Le Thi Mai,0835847188
Bui Thi Duc,0985493884
Pham Thanh Binh,0795290464
Hoang Duc Chi,0353503204
Le Huu Khoa,0345082313
Hoang Thanh Khanh,0337118298
Do Duc Chi,0363908736
Tran Thi Khoa,0345961695
Nguyen Duc Huong,0962303715
Vu Minh Khoa,0882065444
Do Thanh Son,0786293367
Huynh Huu Mai,0967448286
Bui Quang Ngoc,0793499464
Tran Ngoc Nga,0910825678
Hoang Ngoc Son,0887357595
Hoang Quang Chi,0913332588
Hoang Ngoc Phuong,0346383812
Pham Van Hanh,0842091268
Nguyen Duc Thao,0982937636
Duong Minh Duc,0829702323
Ngo Thanh Dung,0708665368
Do Ngoc Hung,0862732723
Pham Ngoc Tung,0763517141
Le Minh Binh,0868205877
Vu Ngoc Bao,0706012792
Le Duc Tung,0705316357
Vo Ngoc Nam,0943204131
Tran Ngoc Nam,0341523219
Ngo Minh Phuong,0778504541
Vo Thanh Hanh,0398019156
Phan Thanh Tung,0368535161
Tran Huu Thuy,0867666411
Dang Duc Linh,0960121728
Vo Huu Thao,0917046664
Duong Huu An,0911678829
Huynh Thi Thao,0396046381
Vo Minh Hoa,0371095646
Vo Thi Khoa,0945044815
Pham Quang Kien,0351416860
Tran Minh Chi,0906537849
Vo Van Hai,0810265919
Huynh Van Thao,0365423586
Ngo Thanh Nga,0972361155
Phan Ngoc Binh,0794177495
Le Huu An,0339472068
Do Thanh Lan,0962146616
Vu Huu Hanh,0822613190
Do Huu Binh,0327882149
Nguyen Huu Yen,0760654157
Huynh Thanh Long,0973520289
Dang Duc Kien,0794917143
Vo Thanh An,0396960470
Phan Ngoc Linh,0782642121
Duong Thanh Huong,0942892727
Bui Duc Nga,0338700658
Dang Ngoc Cuong,0323046988
Ho Duc Viet,0391835286
Phan Thanh Tung,0772724178
Duong Ngoc Huy,0968347594
Ho Van Trang,0345134915
Do Van Son,0916260990
Ly Duc Hoa,0784449004
Dang Duc Minh,0855386706
Vu Thanh Binh,0960433356
Vo Van Trang,0380478098
Pham Quang Khoa,0810574162
Le Thanh Phuong,0702421636
Pham Huu Huy,0940780131
Huynh Ngoc Yen,0836325627
Do Quang Hanh,0768811471
Ngo Huu Phuc,0332653695
Pham Minh Kien,0860250625
Bui Minh Hanh,0393736280
Do Quang Phuong,0987044465
Le Thanh Hai,0981885936
Tran Van Yen,0817791898
Do Quang Hanh,0949004788
Do Minh Anh,0882254948
Pham Van Hung,0790012106
Pham Ngoc Huong,0377990039
Pham Thanh Thao,0814309422
Dang Minh Hanh,0325416968
Bui Quang Yen,0939059463
Pham Thanh Minh,0391617294
Vo Minh Hung,0818267840
Duong Thi Hoa,0709583809
Vu Ngoc Tuan,0342111127
Vu Van Viet,0358635804
Do Van Mai,0322392356
Ngo Thi An,0351378902
Vu Van Cuong,0701590298
Le Van Bao,0896775286
Pham Van Anh,0371765436
Do Huu Anh,0353795398
Vo Quang Dat,0363097522
Pham Van Thao,0705051756
Duong Van Tung,0387753576
Vo Ngoc Phong,0939911721
Vo Minh Dung,0828672216
Phan Ngoc Anh,0844474917
Tran Quang Kien,0762209678
Vo Huu Tung,0387080336
Nguyen Van Cuong,0392436404
Tran Quang Kien,0840574205
Dang Thanh Ngoc,0706459731
Huynh Duc Cuong,0900805615
Duong Duc Hoa,0773320146
Do Duc Minh,0330240278
Dang Quang Dung,0320572338
Phan Ngoc Dat,0783990114
Ho Thi Phuc,0336656588
Do Van Yen,0380196503
Ngo Minh Son,0848066089
Duong Minh Chi,0815769714
Do Ngoc Hanh,0349683833
Pham Thanh Bao,0917585048
Ho Duc Hai,0347603326
Hoang Huu Tuan,0854409130
Vu Ngoc Viet,0837379676
Dang Van Long,0864685963
Do Minh Binh,0908631725
Ho Minh Ngoc,0385658193
Bui Huu Khanh,0334282961
Huynh Van Hanh,0388176462
Ho Duc Chi,0769209027
Nguyen Duc Mai,0881619058
Do Van Linh,0935744099
Vo Ngoc Nam,0768708598
Nguyen Thanh Trang,0361058940
Ngo Ngoc Huong,0776130767
Pham Duc Linh,0940426375
Bui Huu Cuong,0832117757
Vu Thanh Hoa,0863810526
Bui Minh Linh,0881864568
Pham Huu Khoa,0869235266
Do Huu Tuan,0894961248
Huynh Duc Lan,0325832167
Ngo Duc Hieu,0377592777
Hoang Thi Huong,0949282809
Dang Minh Huong,0988467858
Pham Quang Phuc,0336669918
Nguyen Thi Dung,0788571557
Tran Van Nam,0342377472
Dang Thanh Hoa,0783722144
Nguyen Minh Anh,0760280502
Vo Ngoc Khanh,0345938069
Huynh Ngoc Thao,0822546298
Ngo Duc Thanh,0848901345
Tran Duc Bao,0820788448
Huynh Quang Kien,0778944877
Ly Quang Chi,0399050590
Duong Thanh Nga,0358906521
Ho Duc Yen,0336282599
Nguyen Huu Long,0331680038
Vu Thanh Thuy,0932778902
Tran Minh Thao,0903795970
Huynh Thi Tuan,0782550993
Le Minh Yen,0837113803
Do Thi Thao,0793392288
Ho Quang Phuong,0360820610
Ly Huu Duc,0914974384
Vo Duc Phuc,0918753488
Ly Quang Khoa,0947995112
Phan Van Son,0885400942
Nguyen Thi Hung,0325033050
Nguyen Thi Hanh,0961256118
Do Van Hai,0369324061
Do Thanh Bao,0935227870
Vo Ngoc Thao,0349965413
Vu Thi An,0980993584
Ho Thi Anh,0766884958
Hoang Duc Linh,0322412422
Ly Duc Hieu,0812688598
Le Ngoc Khoa,0764067855
Phan Huu Son,0912675009
Pham Thanh Hoa,0907029809
Le Ngoc Quang,0919922320
Tran Quang Huong,0344170367
Ly Ngoc Nam,0785878859
Hoang Minh Khoa,0983796768
Vu Van Khanh,0362356197
Ngo Thanh Huy,0912071506
Vu Ngoc Phuong,0709830269
Hoang Quang Lan,0932547556
Tran Ngoc An,0347438704
Hoang Ngoc Trang,0324621624
Ly Thi Anh,0765494025
Hoang Quang Binh,0961967833
Tran Huu Son,0825220408
Dang Thanh Yen,0821721547
Vo Duc Kien,0767903903
Dang Thanh Anh,0357352983
Huynh Huu Huy,0372094878
Huynh Van Huy,0837623020
Le Quang Linh,0321181161
Nguyen Huu Cuong,0765727358
Duong Thanh Hanh,0360687389
Ly Thi Duc,0914285779
Duong Minh Thanh,0867827002
Phan Van Bao,0949814311
Hoang Quang Minh,0338175606
Phan Duc Linh,0764883963
Ho Ngoc Phong,0358771788
Nguyen Van An,0861486007
Dang Huu Hai,0706082569
Bui Ngoc Trang,0358296866
Ngo Quang Linh,0787255765
Bui Minh Tuan,0940950471
Huynh Huu Lan,0901764796
Hoang Thanh Phuc,0794701035
Phan Thanh Phuong,0784628257
Do Thi Phuong,0368519865
Le Duc Ngoc,0387040480
Nguyen Minh Hung,0934215259
Bui Thi Huy,0391394075
Ngo Van Thao,0961696696
Phan Minh Cuong,0898146156
Do Van Long,0359827826
Ngo Quang Tuan,0813714276
Nguyen Van Duc,0847277403
Le Ngoc Huy,0934458615
Dang Quang Nam,0868184965
Pham Ngoc Long,0839489530
Ngo Huu Dat,0918706817
Bui Duc Hanh,0796418748
Duong Minh Khanh,0971808544
Vo Duc Quang,0841653843
Vu Quang Phuong,0841592385
Hoang Thi Thao,0864003283
Dang Thi Dung,0399732833
Phan Quang Quang,0937077121
Vo Minh Long,0786605946
Huynh Thi Khoa,0890668822
Pham Ngoc Viet,0397386086
Phan Ngoc Phong,0797729984
Duong Ngoc Lan,0848770547
Huynh Thi Ngoc,0976688954
Phan Huu Nam,0787244357
Ngo Huu Hieu,0930430177
Duong Ngoc Hieu,0349511507
Bui Thi Son,0330405076
Do Thi An,0905519070
Huynh Quang Ngoc,0864903591
Nguyen Thi Hai,0940476046
Hoang Thanh Quang,0707660865
Tran Duc Son,0794253262
Tran Huu Phuong,0395772196
Vo Minh Chi,0394172511
Do Ngoc Phuc,0367482755
Ho Huu Kien,0770801936
Ngo Quang Nam,0387687397
Bui Van Thao,0894415321
Pham Huu Nga,0762694288
Vu Thanh Anh,0349369702
Bui Van Nga,0769181796
Vu Thanh Trang,0905400269
Vu Huu Trang,0706733046
Do Duc Viet,0765847516
Do Duc Hung,0762886654
Nguyen Duc Yen,0798385863
Phan Ngoc Huong,0791490982
Tran Van Nam,0385902303
Hoang Thi Ngoc,0859030080
Duong Huu Yen,0703818006
Vo Ngoc Quang,0385131062
Huynh Van Hanh,0861517205
Dang Quang Dat,0906812644
Ho Huu Anh,0388341509
Do Thi Kien,0903123785
Tran Van Huy,0766420579
Duong Minh Hoa,0344440600
Ly Thi Ngoc,0798144342
Le Minh Bao,0395653942
Huynh Quang Dat,0777344546
Hoang Ngoc Huong,0392671224
Vo Duc Viet,0335415010
Vu Minh Mai,0961870334
Tran Thi Viet,0349761770
Hoang Huu Thuy,0378491272
Huynh Minh Cuong,0899403382
Tran Quang Tuan,0379393919
Ho Thi Cuong,0832984802
Do Ngoc Yen,0911273983
Dang Thi Hanh,0341566382
Dang Huu Thuy,0986788683
Duong Van Trang,0794418616
Vo Quang Anh,0325707004
Le Quang Minh,0835935773
Ngo Minh Phuong,0912231911
Hoang Van Anh,0911738556
Duong Duc Mai,0794931029
Ngo Quang Phuong,0859564804
Ngo Van Hanh,0985433071
Do Huu Thao,0357424522
Le Quang Ngoc,0780684054
Tran Thi Linh,0359193699
Ho Quang Phong,0324593405
Do Ngoc Hieu,0968296214
Ho Quang Huy,0353673793
Vo Huu Binh,0353788843
Vo Quang Dung,0883623343
Bui Huu Huong,0320208345
Ho Duc Huong,0374088275
Phan Van Thanh,0968107980
Dang Duc Phong,0787364357
Ly Thi Cuong,0949333540
Do Thi Duc,0839530896
Huynh Huu Thuy,0346917641
Phan Quang Hieu,0338700184
Pham Quang Thao,0846704457
Huynh Ngoc Quang,0909654564
Phan Duc An,0914387112
Bui Thanh Hai,0896106385
Pham Ngoc Dat,0774421758
Dang Thi Huy,0946211403
Phan Thi Huong,0393937710
Ngo Minh Hieu,0389065889
Vu Thanh Tuan,0391292524
Tran Ngoc Phuc,0892256414
Tran Thanh Khanh,0384142216
Le Quang Phong,0779030763
Bui Duc Binh,0842160312
Duong Ngoc Phuc,0868513662
Ly Huu Thuy,0897981554
Ngo Huu Yen,0835259401
Vu Huu Khoa,0863822259
Vu Ngoc Thao,0705844222
Vu Duc Khanh,0899295799
Vu Huu Son,0783757489
Nguyen Thanh An,0884515309
Dang Thi Hung,0840892572
Tran Huu Trang,0887346255
Huynh Thi Mai,0819916390
Huynh Minh Long,0941084777
Tran Duc Duc,0330371031
Ly Huu Khoa,0837524049
Pham Quang Tuan,0830965457
Ngo Thanh Thanh,0397996464
Ho Van Phuc,0792481016
Ngo Quang Bao,0985946051
Le Huu Lan,0984632027
Do Ngoc Mai,0844228060
Ngo Ngoc Thao,0700462664
Duong Van Khanh,0898234422
Phan Quang Son,0942237355
Do Duc Hoa,0913610526
Bui Van Trang,0937585176
Ho Van Khanh,0379032780
Huynh Van Hanh,0895111364
Tran Van Hung,0383901782
Ly Thi Thuy,0848522069
Hoang Thanh Hoa,0942419829
Huynh Thanh Trang,0769053197
Hoang Huu Anh,0939846086
Do Duc Ngoc,0380113671
Huynh Minh Trang,0850888704
Tran Ngoc Lan,0896012107
Pham Huu Khoa,0842007953
Pham Thi Son,0761191407
Vo Quang Hung,0851067513
Phan Ngoc Thuy,0826940926
Tran Van Nga,0702704608
Tran Minh Hieu,0703265164
Phan Minh Nga,0353008839
Vo Van Lan,0783040670
Ho Minh Viet,0968304303
Dang Quang Phuc,0702004878
Pham Minh Phuc,0381494946
Huynh Thanh Nam,0866770534
Duong Ngoc Tung,0846500351
Huynh Thanh Tuan,0776837960
Le Van Tung,0917959238
Hoang Quang Huy,0325759540
Duong Minh Nam,0331608319
Hoang Minh Hoa,0375958544
Ho Ngoc Tuan,0337220257
Duong Minh Hanh,0368383269
Vu Ngoc Hoa,0983096510
Dang Huu Mai,0366734840
Tran Minh An,0343802391
Ngo Thanh Chi,0391368490
Bui Duc Bao,0387578729
Ngo Minh Huy,0761577526
Bui Huu Yen,0824324626
Bui Ngoc Huong,0961021747
Bui Van Hung,0830992308
Tran Thi Ngoc,0936260367
Do Duc Mai,0862827180
Ngo Thi Lan,0968877176
Tran Quang Lan,0960078199
Le Minh Tung,0386455092
Do Quang Son,0370463949
Ly Quang Huy,0779530778
Hoang Thanh Duc,0846288704
Huynh Ngoc Hieu,0791164158
Ngo Quang Khoa,0333162204
Tran Quang Viet,0908358431
Nguyen Van Nga,0338979400
Hoang Huu Minh,0345792299
Vo Duc Nga,0862594951
Do Thanh Ngoc,0856277502
Le Minh Viet,0842968364
Bui Ngoc Hai,0882977821
Duong Thi Mai,0822497284
Le Quang Dung,0787467647
Pham Huu Phuc,0960650524
Le Minh Cuong,0832018015
Dang Minh Huy,0775228876
Nguyen Van Khanh,0371808163
Vo Van Dat,0393026890
Pham Minh Hieu,0848698799
Pham Thi Thanh,0331673050
Huynh Van Lan,0813240681
Huynh Thi Binh,0852604706
Tran Minh Minh,0855660577
Pham Thanh Khoa,0889193586
Duong Van Phuc,0786523750
Vu Quang Phong,0777515111
Ho Duc Khoa,0869302326
Hoang Thi Quang,0985676469
Vo Ngoc Nga,0356135319
Huynh Huu Phuong,0324017327
Tran Thi Tuan,0788233723
Duong Van Hanh,0346782771
Phan Van Viet,0976011635
Do Ngoc An,0978060167
Ly Thi Cuong,0779917569
Le Huu Binh,0868721531
Vu Minh Bao,0985377987
Vo Ngoc Nga,0829445517
Do Minh Tuan,0848924232
Vo Huu Son,0826613325
Vo Huu Son,0769166754
Vu Thi Huy,0903371081
Ho Minh Hanh,0375374017
Huynh Duc Huong,0327514591
Ly Thanh Minh,0763322585
Duong Thanh Trang,0377152449
Vo Quang Son,0917300418
Bui Ngoc Anh,0911382256
Dang Quang Nga,0810399870
Ngo Thanh Kien,0811750174
Bui Huu Kien,0389416262
Huynh Van Thuy,0816523126
Vu Huu Yen,0378348587
Phan Thanh Long,0774818314
Vo Quang Bao,0760924685
Ho Thi Long,0820698478
Ho Minh Tung,0341496317
Tran Thi Trang,0379856108
Ly Duc Binh,0709584402
Bui Thanh Hanh,0832908477
Pham Minh Quang,0905262234
Nguyen Huu Anh,0700804568
Phan Thi Tung,0830469143
Le Thanh Cuong,0975082589
Le Huu Ngoc,0913158126
Hoang Van Phuc,0399022177
Nguyen Ngoc An,0977278024
Le Minh Yen,0708529114
Bui Thanh Hieu,0822991211
Duong Thanh Hieu,0826221393
Tran Duc Nam,0930750288
Pham Thanh Dung,0341655084
Ngo Minh Minh,0883115619
Ly Duc Huong,0355373918
Dang Thanh Bao,0983415979
Hoang Ngoc Phong,0813468470
Bui Duc Kien,0840261602
Le Huu Huong,0976400318
Do Thanh Trang,0341951710
Dang Van Kien,0370079503
Le Van Son,0355549075
Vu Thi Bao,0336541701
Vo Quang Quang,0783831443
Do Van Huy,0396743748
Hoang Minh Huy,0972616054
Do Thi Yen,0324130100
Tran Thi An,0854331630
Do Duc Hanh,0949572068
Duong Huu Dung,0895196562
Bui Thi Hai,0344573719
Ho Minh Huy,0940171587
Bui Huu Thuy,0946939725
Ho Minh Thanh,0914665520
Do Thanh Long,0783179223
Bui Van Viet,0788190913
Bui Van Mai,0360174981
Duong Van Chi,0906634860
Huynh Ngoc Lan,0977535120
Vo Huu Phuc,0323740892
Ngo Quang An,0981918984
Duong Van Lan,0862666299
Tran Van Thanh,0778196287
Bui Duc Duc,0983076246
Bui Huu Thao,0835492500
Nguyen Ngoc Quang,0334303341
Hoang Minh Nam,0936680763
Vu Thi Kien,0378996951
Vu Van Dat,0374776554
Vu Huu Khanh,0799564830
Do Ngoc Huy,0361820194
Dang Minh Phong,0762003211
Vo Thi Phong,0913391113
Nguyen Duc Tung,0989307160
Ly Minh Phuong,0798354503
Dang Minh Dat,0342132636
Ho Quang Dung,0820598865
Huynh Huu Anh,0818033263
Nguyen Minh Ngoc,0861869093
Phan Thanh Khoa,0350638058
Ngo Huu Hung,0786510631
Do Minh An,0331402709
Do Quang Hieu,0761130790
Pham Minh Minh,0357314004
Phan Duc Khoa,0856222701
Ngo Minh Son,0882395093
Huynh Minh Thanh,0880688736
Vu Thi Quang,0938449329
Ngo Van Lan,0763170380
Hoang Ngoc Dat,0763530452
Vo Huu Nga,0705333834
Do Quang Phuc,0979542903
Ngo Van Yen,0962562057
Hoang Ngoc Nga,0384207762
Dang Minh Hai,0335873992
Vo Quang An,0883366336
Vo Duc Huy,0900946707
Tran Huu Viet,0916375918
Hoang Thi Khanh,0324895685
Hoang Minh Kien,0821067859
Do Huu An,0353086389
Do Duc An,0903260468
Huynh Van Trang,0387363043
Hoang Duc Thanh,0967390875
Hoang Duc Linh,0984123439
Ly Ngoc Huy,0858867708
Ho Duc Yen,0379342445
Bui Huu Kien,0332405239
Hoang Quang Tung,0835327664
Le Ngoc Hung,0971868408
Phan Duc Dat,0931092722
Huynh Huu Mai,0948691391
Dang Van Thanh,0830292960
Le Duc Phuc,0852850704
Phan Van Huy,0705396496
Hoang Thanh Phuc,0390644748
Ho Duc Huy,0321741350
Phan Thanh Huy,0933920197
Hoang Thanh Tung,0966395699
Ngo Thanh Chi,0969440735
Ngo Huu Phong,0976501628
Vo Quang Dat,0769511922
Ly Quang Cuong,0863766788
Phan Quang Hung,0760590477
Tran Thi Anh,0849153356
Do Quang An,0980332077
Ho Duc Dung,0907993139
Le Minh Dat,0846476923
Le Quang Duc,0376488875
Tran Duc Nga,0883987424
Nguyen Thi Hanh,0938230270
Ho Ngoc Mai,0854195013
Phan Huu Nga,0397633369
Pham Thanh Duc,0812569227
Huynh Minh Lan,0889000215
Duong Minh Thuy,0393755409
Dang Thi Dat,0324812771
Huynh Huu Trang,0902925160
Hoang Ngoc Long,0914315283
Le Duc Binh,0336175325
Phan Van Mai,0700351266
Bui Huu Viet,0945030776
Pham Huu Thuy,0320713952
Dang Ngoc Tuan,0886884890
Pham Van Ngoc,0899084837
Ngo Thanh Quang,0793808186
Phan Thanh Dat,0912097558
Tran Minh Thanh,0785921373
Ngo Huu Binh,0346808066
Huynh Van Viet,0947008273
Ho Huu Kien,0887588532
Nguyen Ngoc Thuy,0886516989
Duong Duc Nga,0886099529
Nguyen Van Khanh,0385469556
Tran Van Hanh,0936692147
Vu Quang Son,0328890863
Vo Huu Long,0344127314
Pham Ngoc Binh,0343203862
Ho Huu Viet,0843264878
Vo Duc Phuc,0796097090
Do Duc Trang,0889197362
Hoang Duc Chi,0796848595
Ngo Van Mai,0395148910
Hoang Thi Hai,0346590586
Dang Huu Anh,0327889191
Duong Van Hung,0869107154
Ngo Minh Thuy,0907588667
Nguyen Thanh Anh,0376914190
Duong Van Hoa,0973345540
Bui Thanh Dat,0345665383
Hoang Huu Hai,0832629314
Hoang Ngoc Minh,0936447324
Le Quang Huong,0827244130
Ngo Ngoc Huy,0337431976
Ngo Thi Huy,0963463711
Ngo Van Lan,0919519273
Huynh Minh Cuong,0932891398
Ho Thanh Thuy,0369451679
Hoang Huu Hanh,0762614824
Dang Huu Nam,0906742368
Vu Van Viet,0843318696
Huynh Ngoc Khoa,0326900296
Pham Thanh Kien,0387861463
Dang Huu Phong,0352190350
Nguyen Thanh An,0768165219
Bui Thanh Nam,0388901791
Ly Quang Duc,0700592263
Pham Ngoc Kien,0931628473
Ho Ngoc Nam,0771096542
Ho Thanh Son,0980360140
Huynh Huu Quang,0960885043
Vu Ngoc Trang,0381509059
Bui Van An,0385984371
Le Ngoc Tuan,0342526697
Vo Huu Kien,0345160031
Ly Minh Ngoc,0781107683
Phan Duc Lan,0395293212
Vo Ngoc Hung,0847492990
Duong Thi Son,0815681113
Huynh Thi Khoa,0892939670
Nguyen Ngoc Linh,0375087531
Bui Duc Lan,0869426908
Le Duc Tung,0332550420
Dang Quang Thao,0336965663
Pham Duc Thanh,0868930598
Nguyen Minh Yen,0856873288
Vo Huu Tung,0339423159
Ngo Huu Long,0837878038
Vo Huu Viet,0894718333
Ngo Ngoc Huy,0894184066
Ngo Thanh Khanh,0862460316
Dang Ngoc Kien,0881628546
Pham Ngoc Linh,0760660659
Vu Thi Son,0326391266
Ngo Duc Hoa,0816364768
Tran Thanh Nga,0812859809
Hoang Van Thuy,0760334774
Phan Minh Hai,0846079798
Nguyen Thanh Long,0889812846
Vu Duc Nam,0843050662
Duong Minh Dat,0880333139
Duong Thanh Khoa,0819509040
Vo Ngoc Viet,0395700506
Vu Thi Thao,0986207035
Do Thi Hanh,0982973517
Phan Van Nga,0325034918
Le Thanh Hoa,0936603776
Pham Duc Son,0321861798
Le Thanh An,0773307323
Vu Minh Phuong,0905380429
Ho Van Hieu,0371393728
Ngo Thi Phong,0398300525
Vu Ngoc Hieu,0969903972
Dang Ngoc Son,0942836358
Duong Huu Khoa,0394239867
Ly Quang Linh,0348613805
Ngo Huu Cuong,0368731393
Dang Duc Ngoc,0968214276
Phan Van Huy,0382799814
Vo Quang Hoa,0974006465
Vu Duc Linh,0895144500
Vo Thanh Binh,0367531813
Huynh Quang Thuy,0945662609
Huynh Minh Khoa,0974577437
Phan Thi Huy,0707685433
Pham Van Dung,0931346274
Bui Minh Long,0389248844
Ngo Ngoc Son,0972191940
Phan Huu An,0790179145
Phan Huu Huy,0709624293
Duong Thanh Kien,0965078638
Hoang Ngoc Phuc,0913349443
Ho Thanh Viet,0816375626
Vo Thi Tung,0910603697
Hoang Duc Hieu,0894534607
Tran Thanh Huy,0896293837
Ho Thi Phuong,0386153780
Duong Huu Minh,0778599736
Ngo Ngoc Ngoc,0797122166
Huynh Thi Phuong,0945739966
Phan Quang Binh,0325808928
Dang Van Ngoc,0704388717
Bui Thanh Thanh,0833236382
Hoang Quang Nga,0814725154
Vo Duc Phuong,0361397644
Do Thi Kien,0881422629
Vo Quang Nga,0775345454
Duong Huu Mai,0798536101
Nguyen Duc Khoa,0860386001
Hoang Minh Thanh,0772156305
Dang Duc Huy,0771795994
Le Thanh Trang,0351248470
Huynh Ngoc Minh,0336264416
Huynh Thanh Yen,0982583794
Ho Ngoc Phong,0843975282
Ly Thanh Hieu,0761466111
Tran Thanh Dung,0791265195
Ho Ngoc Mai,0960225606
Pham Van Quang,0705723292
Tran Thanh Khoa,0791180827
Ho Duc Thanh,0329777005
Dang Van Hieu,0907730320
Do Thi Phong,0905551591
Vu Ngoc Viet,0771775578
Vu Duc Huong,0852046457
Phan Duc Yen,0972327250
Bui Van Khoa,0341361565
Le Van Duc,0331538535
Hoang Minh Kien,0891536556
Bui Van Lan,0967264020
Ho Van Minh,0773910362
Vu Thi Cuong,0340838837
Nguyen Duc Anh,0891332311
Dang Quang Kien,0915375503
Ly Minh Phuc,0908880742
Vu Quang Phuc,0347986694
Ly Minh Chi,0783310140
Vu Quang Dat,0898309761
Le Van An,0853121650
Dang Thanh Phong,0814832903
Ly Van Thao,0709928958
Vo Van Hieu,0791027878
Dang Quang Dat,0883102574
Phan Quang An,0820105921
Vu Ngoc Thanh,0982950288
Hoang Thanh Viet,0344416796
Nguyen Ngoc Huong,0329093224
Phan Ngoc Lan,0843176691
Phan Duc Nam,0892080547
Le Duc Hung,0891271373
Bui Thanh Linh,0343138145
Le Duc Chi,0795392288
Pham Duc Nam,0763820432
Phan Huu Chi,0336621429
Ngo Duc Tuan,0909937282
Vu Duc Viet,0376916943
Ngo Huu Viet,0824788268
Ly Duc Bao,0347155873
Hoang Huu Nam,0365784096
Bui Thi Huy,0704039461
Duong Minh Linh,0820117156
Phan Quang Nga,0904222291
Le Thanh Huy,0372705563
Dang Ngoc Nam,0981033804
Dang Ngoc Trang,0988286653
Phan Ngoc Thanh,0391013410
Duong Minh Thuy,0857215793
Pham Duc Mai,0987481497
Dang Thi Quang,0961480282
Tran Minh Hung,0389867328
Do Thi Dung,0766064624
Duong Thanh Linh,0891105263
Pham Quang Dung,0844402967
Pham Thi Bao,0705353005
Bui Ngoc Thuy,0886008131
Do Ngoc Hieu,0708060593
Ly Quang Phong,0398383489
Ho Thanh Mai,0378205525
Vo Thanh Viet,0389158965
Vo Thi Hieu,0703192453
Phan Thanh Ngoc,0359852069
Hoang Thanh Thanh,0330716378
Bui Van Cuong,0895920595
Ly Ngoc Long,0947800479
Nguyen Ngoc Long,0885441988
Duong Huu Linh,0776765272
Bui Ngoc Tuan,0887791214
Ho Thanh Bao,0882561626
Hoang Thanh Hung,0326468693
Hoang Thi Chi,0940410703
Phan Thi Hai,0792339281
Bui Thi Huong,0775313738
Duong Ngoc Minh,0912506246
Phan Van Hung,0916135596
Duong Duc Phong,0967287708
Huynh Thanh Yen,0772898766
Ly Duc Nam,0329947834
Vu Thi Thao,0333640551
Huynh Huu Hanh,0860274967
Vu Duc Viet,0917923681
Huynh Duc Anh,0324544781
Pham Huu Linh,0383317803
Dang Thi Cuong,0968343685
Huynh Van Khanh,0912656107
Phan Minh Kien,0379216205
Duong Van Tuan,0363820831
Bui Quang An,0348162698
Bui Huu Quang,0858374127
Do Van Dung,0947299893
Phan Thanh Thao,0792681345
Ho Ngoc Phuc,0811002613
Huynh Quang Ngoc,0391778577
Le Duc Nga,0985423780
Ngo Quang Huy,0897997703
Do Minh Duc,0854854015
Tran Thi Phuong,0323945202
Ngo Thanh Linh,0828291830
Ngo Duc Tuan,0773630654
Bui Thanh Hung,0948229339
Hoang Duc Thuy,0965167511
Vu Ngoc Minh,0902660906
Tran Ngoc Tuan,0385211203
Nguyen Ngoc Tung,0937197382
Ly Thi Yen,0852044259
Hoang Thanh Huy,0852171442
Tran Minh Hoa,0824729448
Dang Duc Linh,0386263852
Vo Thanh Thao,0772149723
Vu Quang Ngoc,0399484624
Dang Huu Quang,0811059061
Tran Ngoc Khanh,0967500727
Vo Duc Viet,0396996108
Ho Ngoc Tuan,0353514088
Nguyen Thi Khanh,0383916445
Le Thanh Anh,0795243501
Nguyen Quang Anh,0907989103
Nguyen Van Phuc,0774706534
Hoang Ngoc Hieu,0835716959
Le Ngoc Hanh,0845554277
Hoang Duc Khanh,0893261117
Ly Thanh Linh,0325399457
Ho Minh Anh,0779601180
Ngo Minh Dat,0359946117
Vu Thi Linh,0853976500
Phan Van An,0784179188
Bui Thi Nga,0819450572
Huynh Thi Nga,0810325432
Ly Ngoc Hieu,0388572494
Huynh Thanh Trang,0866444855
Huynh Thanh Thanh,0762488991
Vu Ngoc Quang,0855396474
Hoang Minh Thao,0988879099
Duong Quang Yen,0817762637
Dang Quang Minh,0854462862
Ho Thanh Dung,0987541105
Tran Duc Thao,0913241051
Hoang Minh Thuy,0774634040
Ho Huu Duc,0892400540
Vu Minh Tuan,0390990212
Ly Duc Viet,0814137020
Ngo Van Huy,0350051224
Ngo Duc Binh,0385975520
Duong Thanh Duc,0788095897
Nguyen Van Huy,0832451490
Pham Thi Ngoc,0774576112
Duong Minh Linh,0388131878
Duong Thi Thuy,0388997791
Ly Van Hoa,0343157389
Vu Minh Phuc,0852019346
Ly Duc Thanh,0371016077
Nguyen Minh An,0703270602
Tran Thanh Phuong,0828457885
Tran Van Linh,0374164549
Duong Ngoc Hoa,0776308382
Dang Thi Bao,0940183106
Do Thi Khoa,0374378650
Duong Thi Hieu,0342416919
Le Huu Binh,0370424190
Hoang Thanh Long,0967070308
Dang Quang Hai,0986184612
Ngo Huu Thuy,0882476564
Dang Quang Tuan,0886409222
Huynh Ngoc Huong,0832633660
Vo Huu Minh,0857451420
Ho Duc Lan,0765269505
Vo Ngoc Khoa,0864589441
Dang Van Phuc,0884629663
Vo Van Chi,0347605673
Ngo Quang Thao,0372733026
Do Minh Quang,0842156470
Huynh Thi Mai,0380284478
Vu Quang Dung,0860879520
Tran Van An,0795478399
Tran Thi Thanh,0838004435
Bui Ngoc Hai,0392378218
Do Ngoc Binh,0386291943
Ho Ngoc Anh,0830427236
Nguyen Thi Minh,0907285667
Vu Huu Linh,0905433875
Ho Duc Hieu,0912986318
Tran Ngoc Thao,0380579384
Phan Thanh Hai,0904746424
Dang Quang Dat,0389489476
Le Minh Cuong,0769538344
Pham Huu Huong,0978585041
Vo Van Tuan,0972212357
Tran Thanh Phuong,0811071693
Duong Duc Phong,0982347324
Vu Quang Tuan,0321715524
Ho Thanh Son,0822741090
Pham Minh Nam,0893942873
Ly Duc Hoa,0986045114
Dang Huu Anh,0395673350
Le Minh Hung,0986922980
Phan Thi Son,0381167300
Phan Thanh An,0816720279
Le Ngoc Quang,0831042711
Do Minh Khanh,0826985242
Ly Quang Quang,0906643612
Pham Thanh Chi,0892600200
Hoang Minh Phong,0831501119
Hoang Huu Kien,0783477154
Vo Minh Khanh,0882668591
Tran Ngoc Thanh,0864374737
Nguyen Duc Nam,0354014206
Do Minh An,0979356394
Huynh Duc Bao,0960880520
Hoang Duc Binh,0903783595
Bui Duc Tuan,0810711267
Do Van Anh,0973674225
Vu Quang Phuc,0763903481
Ly Duc Chi,0322309771
Le Ngoc Khoa,0825359632
Pham Ngoc Lan,0386501595
Dang Quang An,0766640569
Hoang Ngoc Nga,0968560523
Do Van Tung,0764859342
Dang Van Dung,0810394484
Nguyen Van Hung,0936961516
Le Duc Thao,0831140205
Ngo Duc Dat,0973357530
Tran Minh Hieu,0840604073
Huynh Thi Hieu,0343850471
Ngo Duc Anh,0848245415
Hoang Huu Binh,0965861649
Hoang Minh Yen,0891352703
Ngo Thanh Lan,0846175999
Duong Van Thao,0822754469
Pham Van Thuy,0913569828
Hoang Ngoc Son,0328996446
Ly Van Thanh,0964721396
Ho Ngoc Hoa,0369332539
Nguyen Ngoc Lan,0398571137
Pham Thi Thuy,0912682061
Do Van Kien,0783382050
Vo Minh Trang,0764299635
Ngo Thanh Lan,0383284516
Hoang Minh Huong,0384367811
Hoang Ngoc Cuong,0911999301
Ho Minh Khanh,0904787910
Vu Duc Ngoc,0880483477
Ly Quang Anh,0888586664
Do Thanh Ngoc,0766806362
Vo Huu Hung,0343100967
Ngo Duc Hung,0860698940
Phan Thanh Hai,0911790625
Bui Thi Binh,0703449113
Do Van Hanh,0349566485
Pham Quang Yen,0705009840
Vo Duc Tuan,0783596069
Hoang Huu Tuan,0845089714
Phan Quang Lan,0397780933
Vo Quang Thuy,0973855572
Huynh Thi Dung,0844233438
Huynh Ngoc Binh,0348574824
Tran Minh Huong,0965199285
Vo Ngoc Long,0963630984
Hoang Thanh Hoa,0783035319
Pham Huu Hanh,0795602449
Nguyen Huu Nga,0348381774
Ho Huu Son,0706519151
Nguyen Quang Duc,0705492169
Le Duc Khanh,0886555770
Phan Thi Lan,0852772557
Ngo Van Phuc,0818056009
Phan Van Chi,0834787252
Ho Ngoc Tung,0774169447
Vu Duc Long,0981799550
Hoang Huu Huong,0960523448
Bui Thi Bao,0850839331
Pham Huu Duc,0790188104
Bui Thi Mai,0360000159
Phan Thanh Hung,0377466878
Ly Ngoc Khanh,0919531319
Duong Thi Nga,0331631293
Ngo Minh Tuan,0976174850
Tran Huu Long,0343200848
Dang Quang Phuc,0946254897
Vo Minh Cuong,0984697262
Tran Duc Hanh,0940375717
Huynh Ngoc Linh,0370587080
Ngo Thanh Long,0865067560
Dang Minh Yen,0324407805
Huynh Minh Long,0883433725
Phan Quang Tuan,0860509483
Pham Minh Cuong,0812928988
Phan Minh Dung,0961888892
Ngo Huu Hoa,0983939337
Tran Duc Lan,0889727044
Bui Duc Trang,0899352372
Tran Thanh Trang,0364530969
Ho Duc Nga,0969449442
Do Ngoc Khanh,0811061726
Duong Van Nga,0702571860
Nguyen Ngoc Phong,0341093165
Tran Quang Long,0916332141
Duong Thi Thuy,0960623460
Ho Minh Huong,0817255936
Huynh Thanh Son,0787813176
Ngo Thi Phong,0942936396
Dang Ngoc Dung,0969676438
Hoang Quang Hoa,0971057136
Ly Huu Quang,0764711426
Le Thanh Phong,0894723937
Ly Duc Hai,0708039158
Le Thi Cuong,0344484288
Nguyen Minh Dung,0964562772
Ly Minh Son,0793155287
Vo Thanh Hung,0357516010
Nguyen Thanh Hung,0770032691
Do Ngoc Thuy,0900740262
Le Thi Linh,0799449128
Bui Van Anh,0787303868
Pham Minh Hanh,0838196133
Dang Huu Binh,0773884275
Dang Thanh Anh,0890793470
Vo Quang Dung,0376107490
Bui Minh Tung,0986162223
Ngo Thi Quang,0887926818
Bui Ngoc Hoa,0832749697
Tran Minh Anh,0396228915
Vu Huu Hoa,0709244649
Nguyen Duc Dung,0832444368
Phan Thanh Khanh,0385818132
Bui Huu Hai,0942918610
Do Ngoc Viet,0846740736
Pham Thi Khoa,0397843082
Vo Van Nam,0394906489
Pham Van Binh,0328296512
Duong Van Thuy,0939097757
Duong Quang Phuong,0946045314
Le Quang Duc,0941450315
Vu Quang Tung,0854247996
Do Thi Anh,0325583525
Vu Thi Thanh,0397827496
Hoang Huu Hung,0889046472
Duong Huu An,0792756096
Bui Minh Khoa,0975762197
Bui Thanh Dat,0822433543
Vu Thanh Duc,0855731933
Ngo Duc Phong,0832674757
Duong Huu Phong,0799624964
Tran Thi Khanh,0323452965
Huynh Thanh Phong,0786649652
Nguyen Minh Mai,0987029251
Vu Quang Minh,0868411821
Vu Thanh Anh,0830704281
Nguyen Huu Hanh,0821741731
Do Minh Lan,0840067788
Hoang Quang Lan,0369234994
Huynh Duc Bao,0932763239
Duong Thanh Hoa,0703804776
Do Quang Chi,0935618685
Pham Huu Long,0811961614
Vu Ngoc Viet,0386263305
Hoang Thanh Quang,0836626337
Pham Thi Hung,0826590085
Phan Duc Phuong,0359680779
Ho Thi Son,0396845078
Hoang Quang Tuan,0891785542
Nguyen Huu Hai,0357611052
Dang Huu Hanh,0323159672
Ly Ngoc Hieu,0890010001
Hoang Ngoc Tuan,0778464291
Ho Duc Binh,0771808598
Vo Huu Minh,0812421884
Dang Duc Thuy,0985143155
Huynh Duc Viet,0356813560
Dang Minh Khanh,0373510532
Duong Thanh Nga,0831620464
Do Thi Long,0783204558
Ly Thanh Son,0960272126
Vu Minh Nam,0964962433
Ho Huu Nga,0863474350
Nguyen Van Cuong,0331196822
Vu Van Thuy,0984251915
Hoang Duc Khoa,0881995699
Vo Duc Nam,0945998094
Vu Van Duc,0936761231
Vu Thi Long,0965036779
Bui Duc Linh,0386505320
Do Duc Huong,0393497183
Nguyen Minh Thao,0377189437
Duong Minh Hai,0859893369
Ly Huu Tuan,0819954529
Ho Thi Kien,0978243207
Nguyen Minh Hanh,0978388521
Vo Quang Trang,0385897140
Phan Thi Mai,0964291312
Vu Ngoc Khoa,0897945647
Vo Ngoc Linh,0796438345
Ly Huu Nga,0769043209
Dang Quang Kien,0761644281
Nguyen Thi Phuc,0949850318
Hoang Van Khanh,0855889724
Do Van Nga,0938226010
Hoang Thanh Thao,0966374793
Tran Quang Phuc,0978178027
Huynh Huu Hoa,0761456742
Hoang Duc Huong,0814230482
Nguyen Thanh Dung,0831544323
Tran Huu Bao,0984116952
Pham Huu Long,0701577152
Dang Duc Phong,0886372844
Phan Thanh Hung,0705660342
Ngo Ngoc Linh,0357873203
Ho Van Huy,0975416901
Pham Van Bao,0379271521
Huynh Thanh Yen,0767569862
Dang Minh Long,0346888843
Hoang Van Hai,0860172703
Dang Thanh Nam,0932153928
Do Thi Kien,0840473717
Phan Thanh Son,0827456297
Bui Thanh Dat,0988423380
Phan Thi Anh,0337770870
Dang Quang Nga,0369479965
Dang Thanh Huong,0918986932
Bui Minh Linh,0900817300
Ngo Huu Viet,0369825762
Tran Quang Huong,0868669396
Vo Duc Trang,0812917871
Ly Duc Dat,0884922258
Ly Huu Binh,0792730427
Do Quang Long,0974870201
Dang Minh Binh,0855560231
Do Ngoc Nga,0941840033
Pham Thi Khoa,0932597049
Le Thanh Nga,0781288836
Ly Van Hai,0348089070
Tran Duc Hai,0814178242
Vo Duc Hieu,0966497877
Pham Thanh Lan,0762963386
Dang Van Bao,0766320306
Le Minh Tung,0975071360
Pham Ngoc Huong,0333748410
Bui Ngoc Son,0389790676
Dang Quang Thanh,0798277057
Vu Thanh Cuong,0357460264
Hoang Thi Hoa,0771947659
Le Thi Tung,0862758732
Dang Thi Tung,0322214575
Bui Thanh Nam,0709441726
Pham Thanh Huy,0967350052
Nguyen Huu Quang,0816151796
Ngo Ngoc Nga,0777213757
Ho Duc Cuong,0968810978
Dang Minh Huy,0896178852
Nguyen Huu Mai,0909118159
Ngo Duc An,0867023355
Duong Van Cuong,0810562655
Le Thi Bao,0367319750
Duong Minh Hieu,0837084267
Bui Minh Binh,0981093460
Le Duc Tuan,0984408642
Vo Huu Phong,0936000246
Dang Thi Thuy,0816733149
Le Quang Phong,0824080755
Vo Ngoc Hieu,0322030225
Ho Huu Hoa,0962717830
Nguyen Huu Kien,0989570070
Duong Minh Son,0333297008
Nguyen Thi An,0889158999
Tran Huu Huong,0399351091
Do Huu Nam,0368017491
Dang Quang Khoa,0983112344
Vo Duc Viet,0846933281
Tran Quang Anh,0869389647
Vo Duc Trang,0973896479
Vu Thi Hai,0342472747
Pham Thanh Linh,0372234973
Ho Van Duc,0706555022
Tran Thi Hanh,0966238751
Pham Thi Quang,0978559668
Duong Van Hanh,0770204101
Duong Van Son,0868800708
Phan Thanh Bao,0934460852
Duong Ngoc Anh,0848900636
Huynh Van Binh,0965089270
Ly Thi Quang,0772299515
Ngo Minh Thao,0384088207
Hoang Duc Anh,0798059592
Duong Minh Minh,0773582959
Ngo Duc Yen,0347965143
Hoang Van Huy,0818031829
Le Minh Phong,0341661733
Huynh Huu Hanh,0336507169
Ngo Van Hieu,0839083232
Hoang Thanh Tuan,0791189815
Ly Thi Son,0322129961
Bui Thanh Viet,0798554163
Bui Ngoc Dung,0321140750
Pham Thi Nga,0818613164
Pham Quang Hoa,0989498545
Phan Ngoc Lan,0334145110
Ho Quang Thuy,0906937523
Duong Ngoc Minh,0786068696
Ngo Huu Mai,0354403489
Bui Duc Viet,0941001147
Huynh Thi Bao,0767245593
Ly Minh Bao,0975376889
Duong Duc Khoa,0766620773
Phan Thi Minh,0963231387
Duong Duc Cuong,0936269347
Ngo Thanh Phong,0917546867
Do Minh Minh,0853770193
Do Ngoc Hieu,0702136181
Ly Thi Khanh,0818548784
Phan Van Hieu,0942638806
Phan Van Long,0358745266
Tran Huu Huy,0378340515
Dang Thi Binh,0761259220
Vu Huu Hoa,0940518651
Do Thi Nga,0941112899
Vo Duc Thanh,0831423423
Ngo Minh An,0892442155
Huynh Thanh Viet,0760670225
Pham Thanh An,0394653822
Pham Huu Hanh,0914711603
Le Huu Quang,0885729127
Vo Quang Chi,0378980691
Phan Minh Thanh,0855487622
Ly Huu Hieu,0377883813
Vo Thi Dat,0828183716
Pham Thi Hanh,0919891193
Ho Huu Huong,0899398389
Bui Thi Dat,0939629922
Dang Huu Trang,0327874018
Hoang Ngoc Binh,0381526520
Ho Quang Thanh,0898215392
Do Ngoc Chi,0388937879
Vo Huu Kien,0821055863
Ho Thi Huy,0364499844
Ho Ngoc Phong,0364847725
Duong Thi Trang,0858615400
Nguyen Van Son,0355252134
Huynh Duc Chi,0384016713
Pham Duc Mai,0843208920
Phan Huu Duc,0395139660
Huynh Van Viet,0345620341
Ngo Thanh Linh,0826904482
Duong Thi Trang,0364427677
Phan Minh Chi,0857110991
Vo Quang Ngoc,0933160035
Do Quang Linh,0762336691
Huynh Ngoc Nga,0774949535
Phan Thi Son,0346064744
Ho Thi Phuong,0899106268
Ly Duc Hung,0835387876
Dang Huu Cuong,0347762657
Dang Thanh Khanh,0848726042
Phan Quang Huong,0331966470
Pham Huu Duc,0704889906
Phan Huu Bao,0904144427
Bui Ngoc Nam,0345660164
Huynh Quang Thao,0338337532
Phan Huu Ngoc,0394121051
Vu Duc Long,0918125932
Ly Quang Phuong,0894542271
Ly Ngoc Ngoc,0847702071
Phan Duc An,0835727732
Duong Thi Ngoc,0324273588
Vu Quang Hanh,0851208802
Vu Quang Anh,0362087576
Le Thanh Ngoc,0919238934
Dang Van Nga,0910054812
Vo Van Khoa,0983169687
Ho Thanh Cuong,0774275016
Ly Ngoc Nga,0817629616
Nguyen Duc Long,0839790908
Phan Minh Phuc,0784648826
Vo Ngoc Ngoc,0829520292
Vo Minh Mai,0943341853
Hoang Thanh Hoa,0360855521
Tran Duc Ngoc,0948213447
Pham Ngoc Cuong,0851813267
Hoang Ngoc Chi,0817334532
Pham Huu Dat,0915253650
Le Minh Binh,0862344236
Huynh Quang Binh,0332062198
Nguyen Duc Hung,0390914394
Phan Thi Quang,0971179102
Phan Quang Mai,0361802906
Do Thi Yen,0838979545
Ly Minh Thao,0362137788
Ho Huu Trang,0771608777
Do Van Chi,0707101189
Ho Minh Dung,0340670038
Duong Ngoc Linh,0939505422
Ngo Duc Duc,0970165357
Phan Van Binh,0865664086
Tran Huu Linh,0854650204
Ly Minh Lan,0377210891
Ngo Thanh Phuc,0353866952
Tran Thi Dat,0359573366
Ly Duc Kien,0764475083
Tran Thi Chi,0835931608
Duong Thi Dat,0783965501
Ho Van Ngoc,0320385105
Duong Duc Thuy,0839799907
Nguyen Thanh Anh,0383688845
Pham Duc Binh,0336430237
Pham Minh Mai,0349088407
Huynh Quang Tung,0850292604
Ly Van Dung,0331529708
Hoang Thanh Thao,0844525304
Dang Van Phuong,0778158040
Dang Duc Tuan,0861605305
Vo Minh Hai,0356818297
Dang Thi Hoa,0354060497
Nguyen Thi Anh,0882779020
Tran Huu Tung,0333696718
Do Van Hai,0361801653
Vo Huu Minh,0964005908
Vu Huu Ngoc,0935175674
Ho Van Quang,0949724704
Hoang Duc Thuy,0796487804
Pham Van Chi,0883580053
Ho Ngoc Thanh,0351683872
Duong Van Nga,0791375683
Ho Huu Chi,0947451316
Vo Thi Duc,0882523050
Ho Van Phong,0706450428
Hoang Minh Anh,0796378070
Huynh Ngoc Thanh,0969080913
Pham Quang Tung,0764558760
Tran Van Hai,0348246334
Dang Duc Hanh,0948790177
Tran Thi Cuong,0385403606
Vo Thanh Hai,0968372370
Bui Thi Thanh,0826507893
Bui Thanh Phuc,0787418708
Hoang Van Hoa,0853447207
Ho Minh Phuong,0392424571
Ho Thanh Chi,0891297834
Hoang Huu Dung,0856336155
Pham Minh Viet,0336778101
Vu Duc Yen,0343656231
Dang Minh Anh,0385926811
Dang Quang Binh,0914599335
Bui Ngoc Huy,0354876781
Ho Quang Tung,0356366014
Do Van Khanh,0857880476
Hoang Thanh Hieu,0969450758
Le Ngoc Khoa,0351085401
Tran Minh Dung,0880367073
Ly Minh Bao,0919590804
Le Duc Minh,0396031754
Ly Van Huong,0910343834
Vu Thi Thuy,0817319762
Huynh Van Dung,0707471356
Duong Minh An,0941500904
Hoang Thanh Thao,0944276944
Dang Quang Cuong,0393834547
Vo Thanh Long,0366150439
Hoang Duc Mai,0368028413
Pham Van Chi,0332827659
Tran Thi Bao,0359822969
Do Thi Kien,0908676669
Vo Thi Trang,0858907637
Vu Minh Huong,0773283506
Do Thanh Phong,0790608900
Bui Huu Kien,0916116500
Le Thanh Nam,0973834939
Bui Thanh Hanh,0982663444
Tran Minh Kien,0989274848
Huynh Huu Hung,0974200865
Le Duc Yen,0988812297
Dang Thi Tuan,0367601770
Nguyen Thanh Yen,0324918288
Tran Van Huy,0327313083
Dang Minh Nga,0363120898
Tran Van Khanh,0356869672
Duong Ngoc Kien,0372795567
Phan Ngoc Tuan,0821120364
Hoang Thanh Dat,0351548050
Tran Thanh Khoa,0850874873
Duong Huu Linh,0842951849
Duong Duc Phuong,0379192883
Tran Quang Linh,0817101191
Pham Huu An,0333963537
Vo Thi Binh,0963278016
Ngo Thanh Kien,0851292642
Hoang Huu Dung,0981703060
Vo Thi Thuy,0362998601
Dang Van Bao,0832082677
Phan Van Quang,0767760085
Tran Van Huy,0836189628
Nguyen Thi Duc,0703001846
Nguyen Thi Mai,0328953284
Vu Van Hanh,0334121265
Huynh Duc Trang,0770146741
Vo Minh Duc,0382882234
Nguyen Thi Trang,0764569064
Dang Minh Phong,0820347589
Vo Quang Cuong,0828464268
Ho Ngoc Quang,0976606962
Phan Thi Chi,0322801816
Ngo Thi Binh,0977869636
Do Thi Tuan,0322219474
Pham Quang Chi,0356160440
Tran Huu Phong,0844685491
Le Minh Anh,0884123653
Huynh Quang Hung,0882938445
Ho Quang Nam,0891843416
Nguyen Duc Linh,0894164353
Duong Thanh Thao,0330709232
Huynh Quang Trang,0986332142
Tran Minh Duc,0320009619
Vo Thanh Phuc,0377730483
Phan Van Tuan,0828220106
Phan Ngoc Tung,0936627284
Huynh Duc Linh,0839084341
Tran Van Minh,0706776291
Nguyen Thanh Hanh,0827828588
Tran Thanh Yen,0908718383
Do Quang Nga,0399688370
Ly Minh Tuan,0896798104
Hoang Thanh Ngoc,0764218292
Dang Duc Hung,0826839706
Tran Huu Hai,0338441498
Tran Ngoc Thao,0798384022
Ho Van Cuong,0320610970
Nguyen Quang Hanh,0341231734
Ngo Quang Tuan,0856165648
Ngo Quang Phong,0785007028
Bui Huu Tung,0866919142
Do Van Phuc,0916307297
Ngo Huu Hung,0376268360
Pham Ngoc Quang,0965277192
Nguyen Van Hoa,0813333680
Phan Minh Hanh,0760269132
Vo Thanh Trang,0347307107
Ly Quang Hoa,0762469105
Phan Van Binh,0889905770
Ho Minh Chi,0772346211
Tran Thi Phuong,0905066251
Duong Minh Binh,0914101891
Ho Thanh Ngoc,0320274777
Ly Ngoc Thao,0357365634
Tran Ngoc Mai,0368166743
Huynh Thi Ngoc,0917824038
Hoang Ngoc Phuc,0897804839
Pham Thi Hoa,0393434168
Ho Minh Thanh,0882187985
Huynh Van Chi,0940861447
Duong Minh Dung,0352441713
Ho Minh Hai,0901699277
Tran Huu Yen,0376275276
Vu Ngoc Hung,0975881338
Ho Minh Thao,0886485347
Vu Huu Long,0907270949
Tran Huu Viet,0984931680
Le Duc Huy,0398599355
Bui Ngoc Viet,0838004545
Phan Duc Duc,0978043979
Pham Huu Huong,0985913673
Ly Huu Ngoc,0383246044
Phan Quang Yen,0378501309
Duong Ngoc Khanh,0330185491
Ngo Duc Dat,0862448450
Bui Duc Thanh,0709421918
Phan Duc Hoa,0361004736
Ngo Thi Quang,0968548104
Pham Quang Son,0348742456
Bui Minh Yen,0390404999
Ngo Quang Quang,0886768131
Ngo Duc Ngoc,0387722401
Do Huu Quang,0395478510
Pham Minh Hieu,0376173470
Ho Van Nga,0978673779
Pham Minh Anh,0842068593
Pham Minh Ngoc,0888179175
Tran Duc Thao,0948623013
Hoang Minh Huong,0979193742
Bui Quang Ngoc,0709501785
Tran Ngoc Mai,0821128925
Ly Minh Phuc,0326340529
Le Thanh Linh,0387379650
Dang Ngoc Tung,0704481292
Dang Ngoc Binh,0322385908
Tran Van Hanh,0763293942
Vu Thi Huong,0986440597
Huynh Ngoc Hai,0366616924
Bui Thanh Hai,0350702825
Ho Van Kien,0975081991
Pham Van Dat,0962230397
Bui Duc Dat,0347019182
Bui Minh Kien,0843249147
Tran Duc Dung,0942544205
Bui Thi Trang,0949178076
Vu Duc Thao,0844280671
Duong Ngoc Tung,0340009512
Vu Thi Lan,0982741253
Duong Minh Viet,0790628491
Ly Minh Huong,0368097767
Tran Huu Hoa,0771108790
Do Duc Quang,0357856881
Ngo Thanh Cuong,0338279258
Nguyen Minh Huong,0861341666
Nguyen Ngoc Tuan,0937710913
Tran Van Tuan,0775750174
Nguyen Thi Dat,0856243076
Ho Quang Hoa,0797867277
Pham Thanh Cuong,0369681182
Ho Minh Dat,0839192662
Ho Huu Hanh,0785546545
Bui Van Cuong,0905478315
Vo Minh Hanh,0822610506
Pham Quang An,0939894859
Vo Thi Yen,0824680249
Ngo Thanh Kien,0779963155
Huynh Duc Phong,0764115393
Duong Ngoc Mai,0350372876
Pham Van Dat,0948110038
Ho Minh Phuc,0365505504
Huynh Huu Anh,0825042710
Tran Ngoc Yen,0816789891
Huynh Huu Hanh,0979926958
Duong Ngoc Thao,0374322520
Hoang Van Quang,0862482557
Hoang Huu Son,0833751808
Le Huu Mai,0793673414
Vu Huu Tuan,0357790459
Dang Thi Hung,0321654187
Ngo Thi Linh,0899096762
Ho Quang Minh,0826090010
Vu Duc Nam,0946708381
Ho Duc Mai,0949505515
Phan Thanh Long,0385017805
Phan Thanh Quang,0984068377
Duong Van Cuong,0338072754
Vo Thanh Yen,0931112674
Vo Thi Long,0765267324
Phan Thi Yen,0977308548
Nguyen Ngoc Dat,0917250571
Bui Huu Mai,0326949507
Le Quang Phuc,0810513307
Do Thi Thanh,0386213946
Vo Quang Binh,0865167506
Ho Huu Hoa,0358162450
Pham Quang Lan,0816649560
Ly Minh Bao,0843590803
Dang Duc Minh,0917215975
Huynh Ngoc Trang,0793944513
Nguyen Huu Khoa,0374080820
Vu Duc Huy,0852766469
Ly Huu Yen,0382670798
Vo Duc Lan,0855488547
Vo Huu Huong,0846322454
Nguyen Quang Tuan,0791390468
Vo Ngoc Son,0861377323
Huynh Van An,0980142436
Ho Duc Linh,0329065911
Do Duc Khoa,0948265269
Ngo Duc Duc,0982548252
Do Ngoc Mai,0970035018
Do Thanh Ngoc,0812979181
Ly Thanh Hai,0972239478
Hoang Quang Linh,0376153328
Dang Van Minh,0935993668
Bui Duc Dat,0939596521
Pham Ngoc Lan,0980678300
Ly Ngoc An,0335197034
Le Ngoc Son,0381677240
Nguyen Minh Long,0979778826
Huynh Thi Long,0980662930
Bui Thi Ngoc,0850003575
Huynh Huu Minh,0783225388
Vu Ngoc Huy,0772851025
Pham Quang Hai,0918226877
Duong Huu Huong,0864485058
Ngo Quang Huong,0844889357
Pham Duc Hai,0858826283
Tran Van Son,0984772192
Vu Thi Duc,0321089554
Ngo Minh Quang,0884361777
Ho Ngoc Kien,0338638445
Huynh Van Khanh,0868328470
Le Van Trang,0853754605
Ngo Huu Minh,0894759646
Hoang Thi Nga,0976600047
Le Duc Duc,0795681731
Vo Van Kien,0932731440
Tran Thanh Tuan,0897929924
Ho Quang Khanh,0777591832
Hoang Ngoc Long,0398537520
Vo Duc Thanh,0374926684
Ngo Ngoc Phong,0906729241
Vo Duc Quang,0943944744
Vo Quang Phuong,0775189630
Ho Ngoc Duc,0935479600
Le Van Linh,0344037961
Vo Quang Hoa,0882495122
Do Minh Hoa,0892604144
Ngo Huu Hung,0971333002
Hoang Thanh Yen,0979859686
Duong Ngoc An,0862477658
Nguyen Minh Trang,0867531631
Hoang Thi Hanh,0322505288
Le Thanh Nam,0701232154
Le Ngoc Mai,0375582253
Do Quang Chi,0895367876
Dang Thi Quang,0844014016
Do Minh Lan,0898079852
Ho Thi Nga,0946876654
Ngo Minh Viet,0869263040
Hoang Thi Thuy,0709859479
Phan Thi Lan,0373519388
Ho Thi An,0810567676
Hoang Quang Minh,0392626153
Tran Thanh Son,0913212645
Ly Thanh Duc,0391108224
Dang Thanh Ngoc,0970526460
Duong Huu Phuc,0784230911
Nguyen Thi Ngoc,0913129999
Do Huu Hieu,0788348626
Vu Minh Huong,0886668769
Le Quang Hanh,0775428764
Phan Huu Thao,0882229746
Vu Thi Binh,0785484609
Ngo Quang Hieu,0707085830
Ho Duc Minh,0935281272
Hoang Thi Khoa,0769505446
Vo Quang Duc,0793086368
Le Van Chi,0962754468
Dang Van Kien,0366975983
Le Minh Tuan,0988168729
Huynh Thanh Thuy,0382485842
Bui Duc Mai,0972354531
Bui Huu Dung,0358603094
Duong Van Binh,0858310722
Ho Minh Anh,0363393282
Duong Van Dung,0703028504
Dang Huu Thuy,0940645068
Bui Quang Trang,0760154772
Le Ngoc Lan,0906052003
Bui Thanh Nam,0895753964
Huynh Thanh Huong,0776258302
Vu Minh Mai,0380045924
Dang Minh Lan,0868100012
Vu Van Quang,0768406675
Phan Van Duc,0343541028
Ngo Huu Lan,0325578724
Ngo Ngoc Thao,0938472177
Vo Quang Yen,0368906505
Vu Thi Long,0918870703
Duong Ngoc Tuan,0843299424
Vu Thi Phuong,0940661445
Ho Duc Dat,0889914917
Duong Minh Khoa,0834868635
Duong Van Khanh,0837657731
Hoang Thi Quang,0974772877
Huynh Ngoc Tuan,0380300562
Dang Ngoc Huong,0949887153
Le Thanh Lan,0901053583
Phan Huu Thao,0817000211
Do Minh Hieu,0889594850
Vu Ngoc Linh,0355287835
Nguyen Huu Kien,0789913550
Vu Ngoc Duc,0357537522
Le Thanh Dat,0365037904
Huynh Thi Binh,0900649453
Duong Huu Kien,0783849916
Ngo Ngoc Thuy,0939723465
Do Van Hoa,0366623855
Le Thanh Yen,0360071890
Dang Thanh Thao,0823845687
Phan Thanh An,0973721202
Bui Van Hai,0787537163
Pham Ngoc Phuc,0356660222
Vo Minh An,0967214383
Ngo Minh Hai,0971276841
Ly Ngoc Thuy,0774590828
Tran Minh Dung,0839169519
Tran Minh An,0940274196
Le Minh Son,0825137252
Duong Huu Long,0760858921
Tran Thi Phuong,0819733742
Le Minh Mai,0348960543
Hoang Thanh Long,0939267050
Duong Thanh Nam,0371944003
Pham Quang Trang,0793939850
Phan Minh Anh,0919407902
Bui Ngoc Cuong,0705512781
Huynh Minh Cuong,0339144643
Le Duc An,0903359756
Phan Van Nga,0967205822
Dang Minh Hung,0985515926
Nguyen Thanh Nam,0904120422
Do Van Long,0810347135
Vo Van Binh,0862178982
Duong Duc Hanh,0704331763
Ho Ngoc Thao,0334904259
Vu Ngoc Yen,0934313296
Hoang Ngoc Phuc,0942715584
Dang Van Bao,0943424117
Hoang Thi Cuong,0702749908
Hoang Huu Phong,0391637528
Bui Huu Quang,0764844899
Le Huu Binh,0379098612
Bui Huu Lan,0899205334
Ly Thanh Phuong,0901150745
Huynh Ngoc Nga,0982610008
Ho Minh Quang,0792037439
Dang Ngoc Hieu,0790055838
Pham Quang Yen,0351106998
Huynh Minh Huong,0764530705
Ly Minh Thuy,0331902045
Le Duc Hung,0767571416
